latitude,longitude,address,Vasant Kunj,Greater Kailash,Janakpuri,Punjabi Bagh,Rohini,Noida Sector 18,IGI Airport,Chandni Chowk,Mayur Vihar,Okhla,Model Town,Dwarka,Saket,Hauz Khas,Nehru Place,AIIMS,Pitampura,Connaught Place,Rajouri Garden,Kalkaji,Preet Vihar,Karol Bagh,Lajpat Nagar,Shahdara,Civil Lines,Nearest_Area,Nearest_Distance_km
28.568238,77.219666,"NDSE Grid, BRPL South Extension",8.049425220694717,2.8847376745043882,14.189871619025086,14.475909089055639,25.675966921956395,10.388012559133264,11.763266915090597,9.835857734608808,8.650162222616858,6.683645135059008,15.374675142502204,17.164056177330796,5.028110355106029,2.8353751909736893,3.732699418478449,0.9509849744361186,16.631142446695087,7.040370670023667,12.605772404600229,4.379964937435468,10.988023264655267,9.71736545618863,2.289275772898467,13.539508490351539,12.060547272718315,AIIMS,0.9509849744361186
28.541995,77.260583,Scada office kalka ji,10.592181473253794,2.2530198772085384,19.067824069494147,19.303486805358293,30.471223744308123,7.147027013797753,15.764194760705728,13.038624951465184,8.222486881164405,1.7517620284806437,19.226582233194776,21.68369278732437,5.6209251687251784,5.9649417494160515,1.2248124145294739,5.680018615789271,21.273827319417975,10.835639609209865,17.541511092922992,0.7981532734982038,11.56915344191869,13.986879284880533,3.3294758405402516,14.905346316985884,15.365171216365665,Kalkaji,0.7981532734982038
28.571189,77.259806,Ashram Chowk Mathura Road,11.565375779748544,3.266535850017044,17.71445028870103,17.01075220176806,28.03887276070514,6.4642658452222355,15.695550130225605,9.881847300331593,5.4634647169694315,4.677714116338759,16.180634109054235,21.006021111135155,7.345787577378513,6.314444215722656,2.5612889325369252,4.884030675240753,18.696576356522463,7.917301172808504,15.60735225857696,2.46925966006442,8.547697993156232,11.215541493346775,1.6769293337020565,11.749476545897055,12.203566309701348,Lajpat Nagar,1.6769293337020565
28.588991,77.25324,Nizamuddin Railway station,12.056909629315383,4.731594115766112,16.559979117048613,15.290940263994992,26.202593858274113,7.387050304245937,15.402108574464979,7.8015204807692236,4.651343840342765,6.757812763634443,14.111188061566803,20.23704227743664,8.495539341321175,6.805189985275406,4.406392965664713,4.868144351869643,16.81362340962862,5.921625013534067,14.11613087993197,4.479822677076535,7.132093942427746,9.271368165241153,2.5661665446084707,10.045018219371567,10.124056631353325,Lajpat Nagar,2.5661665446084707
28.549427,77.254636,"BSES Bhawan, Nehru Place, New Delhi 110048",10.213978457442542,1.560727060622423,18.174274755090508,18.30320402735651,29.466184424792868,7.363762008279997,15.12222566409406,12.107989041220781,7.750684022826529,2.7528797573558133,18.25389761485056,20.919466275613964,5.449913455360708,5.3267614969529795,0.3258549943010895,4.786455209615907,20.263841389003737,9.849099861168764,16.56926747106155,0.4094782347638063,10.977332458724975,12.982738871405935,2.323330410699703,14.219856228700214,14.43387205693911,Nehru Place,0.3258549943010895
28.626722,77.065972,Uttam Nagar East metro station,14.250921313167701,18.980870278276193,2.196948575617435,7.510217217674489,13.672426038665519,26.136587487622247,8.516451996636336,16.36811299574952,22.407252601574886,22.874154504815106,15.167267556490913,4.315318347005462,17.8262473220543,15.666157365594541,20.033860485095822,15.541230894753987,10.105926724904691,14.720671917102987,5.751913768488012,20.7162159940179,22.431896579856357,12.509132436958462,18.496466897535793,22.381328110471674,16.479169999971433,Janakpuri,2.196948575617435
28.510291,77.171653,"Mukteshwar dham Andheriya bagh,mehrauli",2.339042876502995,7.801235132044457,14.868631880562878,18.215029048060746,28.865519112600193,16.5101638722664,8.663463896229729,17.205275769179913,16.320419200226862,10.179964310734373,21.712139058587336,15.276569080310274,3.762289671261931,5.160865140855565,8.91368773718103,7.353583510300304,21.071608009773303,14.177561886936546,15.476840042882307,9.5398163092208,18.93169869514064,15.857960646532687,9.458314401982525,21.480779200934823,19.212195495351498,Vasant Kunj,2.339042876502995
28.5224856,77.0892318,"Plot No. 24, Behind Fun & Food Village, Kapashera Estate, Kapashera New Delhi 110097",6.3317023504195244,14.882746249760833,11.055261123975212,16.691214614232297,25.433138016035688,23.742543139461482,3.8936449598835745,20.26764061052459,22.28153499942841,17.996593540762465,22.668545600735808,8.81745077429004,11.468853768415213,11.236234321415777,16.11228657779627,12.801450892632277,19.809795330184837,17.374384621721656,13.725481716693961,16.8249174500711,24.075041614271182,17.481984144970504,15.848181115782511,25.7505945904269,21.664616127600564,IGI Airport,3.8936449598835745
28.544785,77.121449,"HP Pump, ground floor, Mahipal pur-Gurgoan road NH-8, Mahipal pur, delhi 110037",3.8985969551301762,11.459757105682566,9.182710513995307,13.83002468259436,23.61842160437794,20.18610910589331,2.449508423853657,16.322076896743777,18.388865144439855,14.905135416269685,19.115125743330957,9.053664040480122,8.618614188172106,7.699463516887387,12.693749673104847,9.000591820332748,16.91364293430655,13.396490135148566,10.865598155850051,13.424155055339044,20.085523530502478,13.705381627859728,12.151542672370264,21.74868645102618,17.80481358529516,IGI Airport,2.449508423853657
28.55476,77.08831,"Multi Level Car Parking, Level 2 , Indira Gandhi International Airport , New Delhi",7.245488890079306,14.705935451955302,7.465793439755241,13.23294875974318,21.864429927441954,23.281650057449415,1.152918879951709,17.870846556293728,21.05507265993338,18.255576098377254,19.57563344065126,5.857457907566185,12.034890071490127,10.93497753802384,15.930667965088531,11.96489708002882,16.343301259026724,15.163921271660449,10.298873721705133,16.664397312645587,22.383131042174035,14.730149228521153,15.185614005541833,23.636592479837702,19.015123617538702,IGI Airport,1.152918879951709
28.6453,77.2126,"New Delhi Railway Station, Pahar Ganj",14.600228736976561,11.07199704042258,12.45480557038449,8.86395375144432,19.126019475068276,13.826485477406836,14.798595305839452,2.1100024533793964,8.942483028083318,14.039541042697293,6.849436902327473,17.304340441003347,13.445116842079246,10.7331976296284,11.313157955702513,8.688032100483607,9.69877288852198,1.5857994333767609,8.837059001384226,11.619268793760392,8.071745441247586,2.241099369289066,9.127984759296218,8.09580452454838,3.684696769496525,Connaught Place,1.5857994333767609
28.6427,77.2247,"New Delhi Railway Station, Ajmeri Gate",14.845895400426874,10.574392059139655,13.559764692411624,10.077472425299803,20.246450991538477,12.7165666286009,15.515267147021229,1.5975008726654003,7.760509284306274,13.31338469458583,7.522023847823402,18.32808646458366,13.261531432136087,10.648860650806753,10.694591565289112,8.516985640632914,10.833421869905752,1.469876704785033,10.01251727254786,10.937939938012114,6.881255836602223,3.453316604370439,8.53087192087466,7.158532042724694,3.7696216633361423,Connaught Place,1.469876704785033
28.6471,77.3158,Anand Vihar Railway Station,20.86692711474565,13.30820571010079,22.427436515720657,18.689940140194803,27.73143215939024,8.542402136204768,23.366829235844918,8.404161900848232,4.650629544115258,13.584406370095172,13.527747018975184,27.035709396681483,17.306944425266877,15.67203990559546,12.556827616624403,13.623759186461676,18.73869466412121,9.825571827768139,18.909248550329675,12.245690200232401,2.1045052557652766,12.199576258893783,11.327686633071377,3.947938815588,9.447105391652313,Preet Vihar,2.1045052557652766
28.6573,77.3024,"KHOSLA CAPITAL SOLUTIONS (P) LTD, Cross River Mall",20.68791815538075,13.612605120881412,21.309616030067804,17.27074891828013,26.077919218224604,9.890393332260262,22.732701848628224,7.036183374949755,5.356970469324115,14.352153197605844,11.845342885996574,26.054722536340705,17.47978595782681,15.610556865681062,12.993707622320317,13.480677789432027,17.169406457762204,8.841488528971553,17.67062607837378,12.77250006989818,1.8921557003210054,10.896334448532773,11.522614014246095,2.2438295607076784,7.850553293464121,Preet Vihar,1.8921557003210054
28.6553,77.2979,"Shakti Kiran Building, Karkardooma",20.222175671176707,13.217274408883979,20.837582474405814,16.851945698730717,25.76458568495646,9.788168423705011,22.241078788324778,6.596857041013692,5.0911962566453,14.052241963130495,11.557559230073625,25.571356828217553,17.058718900011474,15.159898896535614,12.623778457970985,13.022757037645825,16.804792469611975,8.354299004667261,17.213819091085394,12.421090781923057,1.5569447843363204,10.447625687139588,11.112906919385402,2.2226315096762503,7.496533103590055,Preet Vihar,1.5569447843363204
28.6553,77.2979,"Shakti Kiran Building, CBD-II Grid, Karkardooma",20.222175671176707,13.217274408883979,20.837582474405814,16.851945698730717,25.76458568495646,9.788168423705011,22.241078788324778,6.596857041013692,5.0911962566453,14.052241963130495,11.557559230073625,25.571356828217553,17.058718900011474,15.159898896535614,12.623778457970985,13.022757037645825,16.804792469611975,8.354299004667261,17.213819091085394,12.421090781923057,1.5569447843363204,10.447625687139588,11.112906919385402,2.2226315096762503,7.496533103590055,Preet Vihar,1.5569447843363204
28.6553,77.2979,"Shakti Kiran Building, MTNL CBD Grid, Karkardooma",20.222175671176707,13.217274408883979,20.837582474405814,16.851945698730717,25.76458568495646,9.788168423705011,22.241078788324778,6.596857041013692,5.0911962566453,14.052241963130495,11.557559230073625,25.571356828217553,17.058718900011474,15.159898896535614,12.623778457970985,13.022757037645825,16.804792469611975,8.354299004667261,17.213819091085394,12.421090781923057,1.5569447843363204,10.447625687139588,11.112906919385402,2.2226315096762503,7.496533103590055,Preet Vihar,1.5569447843363204
28.6215,77.2935,"Plug & Go, Near Swati Appt, Narwana Road, Patparganj",17.375505513063178,9.731416364103143,20.077824406714,17.190384481692835,27.142949104742993,6.469179208663216,20.2401383949661,7.275232204832908,1.3283940961748049,10.27834278179299,13.430902253567872,24.381338496059897,13.723984447398763,12.142598928932946,9.014032718848279,10.144765059611531,17.816637357151205,7.577906581168077,16.890403192872547,8.744678962702533,2.2300791438018392,10.56824873680336,7.74601264807191,5.820962166148856,9.067447659299967,Mayur Vihar,1.3283940961748049
28.6605745,77.1532531,"Block B, No. 57, Rama Road, Motinagar",15.130969770917671,15.005454847891016,7.700235511232883,2.8321303707829433,13.660069954939411,19.595567145832938,12.716998528462295,7.53341414984548,14.92281694161966,18.58412845489029,6.281403692137801,12.944359295333758,16.00216170105675,13.180867137708795,15.6344304853778,11.768002686705085,4.501668830185887,6.9846758024993925,3.64420787572551,16.127293646877323,14.012598679448098,3.7979212583586865,13.548766892602911,13.32429482369847,7.223131250105221,Punjabi Bagh,2.8321303707829433
28.6965847,77.2116941,KINGSWAY CAMP,19.946552906313844,16.686895701830018,14.666297526241394,8.909777002704045,16.232979404737318,17.89069943514048,19.039957705133958,4.843543749237679,12.615668422312998,19.387474076085507,1.9770702834406717,19.910602794014363,19.14140598348777,16.405269694334713,16.816551117884295,14.387872269742465,7.753646204235698,7.253550677595255,10.61004884237869,17.042594554815697,10.192761426992668,5.366885285698368,14.655439433013317,7.958805300958809,2.573485171277324,Model Town,1.9770702834406717
28.600324,77.226883,"NDMC Parking, Khan Market, New Delhi, 110003",11.03406146740302,5.887871098856409,13.787198835491123,12.474552719869385,23.47500912528838,10.219506821503218,13.325897203823668,6.222072004143372,6.700340400827964,8.95678794876558,12.041209479509563,17.68340599521294,8.660817942906265,6.237306180399292,6.144009184652773,4.0353007858995955,14.141133529961323,3.606302471108298,11.251552436293826,6.5025710953690785,8.088825461752817,6.724922731161028,3.958156435515148,10.164638257213019,8.483494763594665,Connaught Place,3.606302471108298
28.600735,77.226277,"NDMC Parking, Prithviraj Market, Prithviraj Ln, New Delhi, Delhi- 110003 ",11.031048066485564,5.944485776131865,13.72101079968839,12.399795283283334,23.400855436696684,10.290232554141314,13.287839120660967,6.179912893339564,6.7519645015094625,9.026159376620795,11.981334477664777,17.626717192528353,8.692037090497992,6.254404945450389,6.2092006067987615,4.053492307934509,14.067895315196475,3.5463432722493575,11.17873140154169,6.571109786281392,8.112020583934314,6.655109181952907,4.023871878338372,10.163493756732077,8.436723609962389,Connaught Place,3.5463432722493575
28.588117,77.217564,"NDMC Parking, Outside RWA Park, Jor Bagh Market,  Jor Bagh Colony Road, New Delhi- 110003 ",9.411752779794298,4.874869858186657,13.213134319598488,12.693598662011313,23.844296348346383,10.762040576707856,12.016533981748207,7.671868999341824,7.900453675345959,8.37523899600662,13.161731190149302,16.756750731040572,7.1544785229709875,4.630637393888619,5.4210807425964,2.440325510671626,14.659713628520157,4.824706762767341,11.108670906753076,5.927523908283444,9.626321833462029,7.5548058407211105,3.3722129473744227,11.797085178159094,9.865590066907963,AIIMS,2.440325510671626
28.580532,77.221048,"NDMC Parking, Opposite Goel Opticals, Khanna Market, Aliganj, Lodhi Colony, New Delhi- 110003 ",9.039017969208599,3.967058194946855,13.797820645830232,13.536420411650498,24.704856431656935,10.305520678816027,12.126811667892234,8.462224587355166,7.883813869340778,7.518317026240771,14.053364261872378,17.140013141613583,6.388283584230142,4.021033726676129,4.551044854967994,1.8334629021818065,15.548377129879947,5.683255732581911,11.864859936136614,5.08786363718364,9.917417733475759,8.463830116509957,2.5832283393625004,12.30091142308954,10.68923573743102,AIIMS,1.8334629021818065
28.584365,77.22054,"NDMC Parking, Opposite Dory Pharmacy, Khanna Market, Aliganj, Lodhi Colony, New Delhi- 110003 ",9.303093903081892,4.374726071325027,13.614202169594513,13.194689827046545,24.349684376655897,10.407844858182985,12.18080660591702,8.044296710427554,7.764972740763807,7.8694044394056055,13.625548286093858,17.063457356792235,6.794495166813892,4.370416165236486,4.913225060009889,2.1684781138583045,15.168131532561196,5.254561189226294,11.581194331782973,5.424438983771654,9.66832027640799,8.047594423332397,2.878703505773621,11.971703029636371,10.265297283636764,AIIMS,2.1684781138583045
28.577259,77.19692,"NDMC Parking, Sarojini Nagar Market, Sarojini Nagar, New Delhi- 110023 ",7.210413845921885,5.190995387230756,11.752827759754528,12.342695470996674,23.53912735282724,12.625282842450556,9.750388691158731,9.363056636888253,10.20145548130822,9.066091026162978,14.163379443181608,14.828166293465413,5.9422327831914785,3.1133080353720395,6.148256728445903,1.6978114986515367,14.69661357797393,6.332896493558941,10.294297464861044,6.81139973093964,11.961195761080916,8.32047732608209,4.633177588667595,13.991818947932714,11.381130934595419,AIIMS,1.6978114986515367
28.585298,77.191008,"NDMC Parking, Near Bikanervala, Yashwant Place, Chanakyapuri, New Delhi- 110021 ",7.666047934313428,6.206924742399019,10.866536387390845,11.278900162829698,22.4762768217053,13.279862749311027,9.457984095660665,8.767291629928216,10.47786434332564,10.057893578771415,13.26818836392378,14.178441908051814,6.929826487105077,4.089235152276941,7.113484602789402,2.7366318216607666,13.642109476493413,5.716941910531299,9.257507500453482,7.753735838863308,11.93722980538234,7.4058120073523375,5.4501356154809235,13.714814692590757,10.68062902171367,AIIMS,2.7366318216607666
28.601809,77.186432,"NDMC Parking, Dharma Marg, Block Y, Diplomatic Enclave, Malcha Market, New Delhi- 110021 ",9.161315261812245,7.830719523932372,9.883867762159708,9.533417287165893,20.736633434462124,14.056864307192688,9.84633362175405,7.410117230498254,10.604777871705613,11.582175372077742,11.451218389039559,13.752826056204682,8.819128025273237,5.978500076199683,8.607272053587703,4.483900771700722,11.794199561680067,4.4304598922184875,7.739576897787292,9.188052460822075,11.49735499916648,5.58691048750627,6.708249456704241,12.810128095133486,9.128470755771835,Connaught Place,4.4304598922184875
28.633733,77.22353,"NDMC Parking, Outside Devinder Collections, Shankar Market, Connaught Place,  New Delhi- 110001 ",13.91490665990283,9.60350019705915,13.312619628170959,10.306465668769375,20.757265363682407,12.208300182593156,14.825024001868922,2.584095254196033,7.446986893844798,12.430789264174106,8.403686117053223,17.937316642021518,12.258140987117635,9.652395044063049,9.761503550447374,7.515125427756075,11.325574278783954,0.7113299904459224,9.946624518942286,10.031458866298617,7.047557722369115,3.7709872788621164,7.587029956606046,7.782142725797199,4.7687505850400616,Connaught Place,0.7113299904459224
28.632973,77.222937,"NDMC Parking, Opposite HDFC Bank, M- Block,  Connaught Place, New Delhi- 110001 ",13.812902746340082,9.529192423226002,13.24695231948086,10.285744383025374,20.76452485642003,12.20775688352067,14.728857302114525,2.680810186573346,7.471216443326087,12.375877537381596,8.463242091439053,17.859766504384247,12.166683401976307,9.556643463662654,9.696727575364296,7.421877811861641,11.33270032512966,0.630365208260242,9.897756206736092,9.972314218773352,7.11578944564676,3.7687913435265488,7.520222758544822,7.878005642273693,4.855275810708515,Connaught Place,0.630365208260242
28.630256,77.225668,"NDMC Parking, Near NDMC Office,  Fire Brigade Lane, Barakhamba,  New Delhi- 110001 ",13.684374833055069,9.190479485137486,13.488371883687858,10.65060037369507,21.161443475359167,11.817435068528036,14.776599905904742,2.920040010396424,7.118835999117158,11.9934561851025,8.838930119714638,18.044509428274743,11.9060255141182,9.330914095582887,9.332587815762107,7.176422484717197,11.72976129030771,0.88612694922167,10.198838489520774,9.596897481531004,6.900117119853479,4.159868918829573,7.161074699213272,7.843910909394998,5.1536298985273765,Connaught Place,0.88612694922167
28.63363,77.221949,"NDMC Parking,  Opposite South Indian Bank, Block E,  RR6, Middle Circle, Connaught Place,  New Delhi- 110001",13.830189325953874,9.617228819549702,13.157942354722303,10.168476419126682,20.643589822191156,12.328600380867204,14.693016698801067,2.638666788305416,7.587102565491017,12.481336326825156,8.362150002537716,17.785290900530992,12.226910425476108,9.605814040160674,9.794547671629454,7.478225030234509,11.211767832754061,0.5643874315911084,9.794237834762974,10.074792068789511,7.202099142241464,3.6480109613254004,7.616335811866631,7.915717562198148,4.787311505984638,Connaught Place,0.5643874315911084
28.633867,77.22191,"NDMC Parking,  Outside Westend Vedi Tailors, Bock M, Middle Circle, Connaught Place,  New Delhi- 110001 ",13.851490460741243,9.64384541535814,13.156779166564663,10.154762902547835,20.62417623755117,12.346677318191972,14.70538177644482,2.614803486864216,7.599974682837626,12.507005122515636,8.336022077713913,17.78845798000139,12.252599869597383,9.630667777009046,9.820861655513715,7.503665614644284,11.192345048992982,0.5725600488865656,9.787820432279934,10.100767548062583,7.202716121204954,3.6302250326552867,7.642734417255615,7.904059429451686,4.761249042880958,Connaught Place,0.5725600488865656
28.6001517,77.2157617,"NDMC Parking,  Outside Oriental Bank, Radial Road No. 7,  Block M, Middle Circe, Connaught Place,  New Delhi- 110001 ",10.351115996720749,6.175107739973953,12.723175409095273,11.648700102200456,22.733679513505386,11.247685075482474,12.315097503304772,6.391777942770291,7.777457646119824,9.535895469483458,11.813731013008638,16.59814206724427,8.459536570166364,5.846894946245403,6.624986228248571,3.707000494879955,13.472423826976103,3.4869749886508683,10.283553530935906,7.07206404825027,9.014462456003077,6.244878268131714,4.4884917112348885,10.861410347296236,8.548340195881337,Connaught Place,3.4869749886508683
28.631584,77.2219,"NDMC Parking,  Opposite HP Petrol Pump, Block E, RR7, Middle Circle, Connaught Place, New Delhi- 110001 ",13.62871508649601,9.39395449653524,13.13270178087521,10.2545782621169,20.782631001086543,12.205183170518822,14.557053643065629,2.8572844082029505,7.514587377414577,12.275229281531658,8.575648585620746,17.723109054321597,12.000558921902527,9.38304453579611,9.578670501995203,7.2528260878340856,11.351618389701578,0.5075952066990477,9.81510597444744,9.86438344511121,7.238063468085975,3.775623458386203,7.39895120758577,8.049912970969542,5.014682274527187,Connaught Place,0.5075952066990477
28.633841,77.217664,"NDMC Parking,  Outside Iqbal Bros.,  G1, Block G, Connaught Place,  New Delhi- 110001 ",13.655281740819012,9.72007459811777,12.7442579179317,9.774984500094625,20.303644210691402,12.688427980990413,14.370182125081307,2.7752001240025472,7.987792538076097,12.676100160133691,8.210848002289643,17.38792634928619,12.206069991989136,9.544725510915095,9.94716187921951,7.447819253570875,10.87329967274368,0.27678798433805246,9.37582925702731,10.253248165029557,7.61468596709941,3.2945398904004572,7.7624567698543405,8.252030369115493,4.808166124942115,Connaught Place,0.27678798433805246
28.634388,77.221038,"NDMC Parking,  Near Croma, D Block RR5,  Opposite BPCL Petrol Pump,  Connaught Place, New Delhi- 110001 ",13.861961030564277,9.715688440037002,13.078102170052919,10.053910513703759,20.521520341468122,12.449625763550927,14.670793865402452,2.58832019746135,7.700132157822305,12.59429905495218,8.253397593424818,17.721546546606103,12.300051037303861,9.668815747996021,9.901349871713483,7.548280512584904,11.089691445831578,0.5313857237785299,9.697550413023585,10.185417453359374,7.280692568620454,3.5272828829396143,7.721830022670996,7.942630640033732,4.7096539894322085,Connaught Place,0.5313857237785299
28.63491,77.219522,"NDMC Parking,  Next to PVR Plaza,  H Block RR4, Connaught Place,  New Delhi- 110001 ",13.844113482291116,9.80001573821426,12.937314888832562,9.895012300675928,20.36972336838776,12.604435682871136,14.586568233274257,2.5904669187019396,7.859059396782119,12.70773586606981,8.15141732325716,17.59448520915659,12.34170191870021,9.695522015007922,10.00168315206621,7.586179526675313,10.937962767701045,0.4686448351201762,9.54492216976063,10.293764021542556,7.4218103872602565,3.372042593533222,7.819864295928413,8.035229418712017,4.6664308589331345,Connaught Place,0.4686448351201762
28.621724,77.219286,"Outside Bharat Sanchar Bhawan, Ashoke Road, Janpath, New Delhi- 110001	",12.550635656362717,8.37071760481865,12.833965910459892,10.526141616742652,21.300411089546433,11.857920467650024,13.73799429261375,3.9813935038495014,7.4837908816754215,11.398885522149264,9.550088302774547,17.234054069425476,10.881562267597669,8.257368687648597,8.628198449415192,6.130203801140409,11.896278586281769,1.1159593469835172,9.762381890537352,8.959781209582621,7.728486354898609,4.35123644838911,6.441433855609022,8.9264551957894,6.1273550816594025,Connaught Place,1.1159593469835172
28.633614,77.207691,"NDMC Parking,  Outside Jain Bhawan,  Shaheed Bhagat Singh Marg, Gole Market,  New Delhi- 110001 ",13.21719440108302,9.947300366355323,11.773807203461475,8.903268350828146,19.57675104932851,13.497617929444354,13.588391603703286,3.342929957628699,8.90259203851413,13.100207693900707,8.012108461640178,16.444699378451947,12.133390918602357,9.393453683827419,10.286703940378132,7.388339480907073,10.163728125099999,0.9101312519441754,8.411223117831534,10.650031822271796,8.585107808507516,2.611385506740502,8.103614275934804,9.100280213264524,5.069443463807275,Connaught Place,0.9101312519441754
28.624419,77.213718,"NDMC Parking,  Outside Standard Chartered Bank,  Sardar Patel Bhawan, Sansad Marg,  New Delhi- 110001 ",12.547888758423827,8.797832918770577,12.29350901550675,9.905667898876588,20.69608331345642,12.478521248154893,13.446857998129671,3.8867763401395896,8.074690397027817,11.920720139341775,9.129232247513741,16.76232148606978,11.132206960596704,8.447039367868845,9.113155752791187,6.3728088600844615,11.299647846852114,0.8394414022680806,9.16480978089,9.471233068229731,8.176035993256184,3.7810649116103945,6.928590224445158,9.164821722054283,5.905779562888381,Connaught Place,0.8394414022680806
28.600234,77.2135299,"NDMC Parking,  Side of Hotel Claridges,  Tees January Marg,  Dr. APJ Abdul Kalam Road,  New Delhi- 110003 ",10.233167889617116,6.2658754202172675,12.507583236847017,11.4794992511157,22.578705563834667,11.45900461931955,12.119062282675563,6.434784965325657,7.992188505241215,9.673014240735554,11.766787798988155,16.381067356087332,8.448388543318236,5.802622955558358,6.749365080799083,3.6893483385940864,13.334380254470188,3.4903645391237963,10.086116115364005,7.210937385934201,9.197938316383869,6.154961647222449,4.62856077942419,10.999164222884046,8.564974835894493,Connaught Place,3.4903645391237963
28.601118,77.2136033,"NDMC Parking,  Back of Hotel Claridges,  Tees January Marg,  Dr. APJ Abdul Kalam Road,  New Delhi- 110003 ",10.318239116461905,6.353638339048635,12.496013023068453,11.419505656342565,22.511425809797725,11.480571002059428,12.165601088003875,6.337923529445589,7.972826478394147,9.747354758278421,11.671048894000094,16.39387256577345,8.546942999863415,5.900014252650731,6.828022646560427,3.78788473073847,13.259788722902055,3.391820339755594,10.047025160168662,7.284488826544724,9.143027155565257,6.065925168141751,4.7013858871961,10.921509801501653,8.466586772521579,Connaught Place,3.391820339755594
28.59031055,77.2201632,"NDMC Parking,  Gate No. 1, Lodhi Gardens, Lodhi Estate, Lodhi Road,  New Delhi-  110003 ",9.762527625913991,4.999475336464855,13.390426585443999,12.704167487367755,23.830444013209224,10.559726467724753,12.331965655766927,7.393077515034245,7.586352488647347,8.403474740650886,12.970069081275819,17.005660111529355,7.43672965157756,4.953037526306652,5.471699925247772,2.754744544375346,14.607226414234509,4.592517806519868,11.193887323342583,5.944467220626915,9.276186779877559,7.4202135622599785,3.367100689392166,11.450523669396006,9.606554093793141,AIIMS,2.754744544375346
28.585367,77.17755,"NDMC Parking,  Charak Palika Hospital, C 7 Lane, Moti Bagh 1, Block F, Moti Bagh, New Delhi- 110021 ",7.148264878713559,7.249744618748834,9.657654180018096,10.587820249082332,21.729354340944127,14.586003244260336,8.238342710374486,9.409886313784025,11.750436722671836,11.139303285410877,13.350298325778734,12.866042246891467,7.338759812385252,4.565563398885664,8.23814839578135,3.7578579243363563,13.136492630783644,6.3969169829372845,8.346064615849393,8.905718786200687,13.070951746099759,7.512017571954055,6.695568569250939,14.655891606576855,11.151701298802202,AIIMS,3.7578579243363563
28.572793,77.208662,"NDMC Parking,  Dilli Haat, West Kidwai Nagar,  New Delhi- 110023 ",7.572468150926652,3.9953919090319756,13.001920599521668,13.414059795604398,24.618323884414394,11.46060194027029,10.77115617810852,9.511908175967895,9.344335624679417,7.844627701330052,14.729796469692438,16.027328709101702,5.37371224138098,2.73228340589311,4.909834082274359,0.6354909586964596,15.659129115146957,6.574915920928903,11.466681509441115,5.565676503623621,11.39010450561541,8.965549736845942,3.4103875530663657,13.688840859372798,11.65244349013966,AIIMS,0.6354909586964596
28.622656,77.210994,"NDMC Parking,  Akashwani Bhawan,  Sansad Marg Road,  New Delhi- 110001 ",12.25155957635632,8.688758499635227,12.024834477852218,9.77877933984346,20.633453169062264,12.622111676954848,13.116748133012722,4.178767231486345,8.298703098325523,11.883679581789513,9.268455193824797,16.46124179104616,10.922880252548227,8.21485226407733,9.046568990613155,6.167189452772495,11.25659717424446,1.1301540881802197,8.95198950729459,9.426943918536958,8.481202992576714,3.797331127114618,6.867875653032572,9.495150836116691,6.152033689464253,Connaught Place,1.1301540881802197
28.62203994,77.19486661,"NDMC Parking,  Talkatora Garden,  President Estate,  New Delhi- 110001 ",11.55682948196074,9.239455262088327,10.450444187573813,8.525071137804863,19.563583556815406,14.013213535811536,11.806454892992699,5.136694683095968,9.842675733346882,12.70588767786177,9.181091577564912,14.908914578675144,10.906300414430703,8.093340173065835,9.77768773110226,6.27436790262194,10.30159996861345,2.376475803559954,7.457328097562565,10.243551362357382,10.028540555066078,3.342777793035101,7.6606486039918265,10.834030336429885,6.74183793631578,Connaught Place,2.376475803559954
28.583518,77.222057,"Palika Maternity Hospital, Block 11, Lodhi Colony, Near Khanna Market, New Delhi 110003",9.340807150817136,4.2296928346661655,13.784161777054726,13.365682491456667,24.51803898379796,10.247918723178941,12.300477680322484,8.12182128475611,7.662240738874297,7.701467963253835,13.747113324321107,17.216420373011964,6.733912784344693,4.357807626522036,4.748500879335029,2.162990521613901,15.329937473528533,5.360922610129088,11.756664664758668,5.254298988684167,9.620077636077152,8.189382760402486,2.704821503577823,11.968515396270465,10.354230990172248,AIIMS,2.162990521613901
28.586638,77.193352,"PSOI Club, Chanakyapuri, New Delhi 110021",7.906474499829244,6.139269325632448,11.025114960991457,11.28797206564154,22.49043866239872,13.07185630893572,9.724189353632319,8.534366452131929,10.218626364823406,9.968225280886042,13.116798262814546,14.399838868916863,7.029540275078169,4.192787848090359,7.012115405441165,2.704521286192809,13.6058323045655,5.4844483675568405,9.325128879902179,7.6397859020142835,11.664224491813336,7.2607490588777335,5.294601290732085,13.448578387920497,10.469331952902548,AIIMS,2.704521286192809
28.61817712,77.21258998,"Outside Chelmsford Club/ Opposite CSIR Building, Rafi Marg, Sansad Marg Area, New Delhi 110001",11.884351042431822,8.166985585996642,12.187610928398593,10.17990092812924,21.08913762514068,12.261844301057355,12.974726996127158,4.567584665531767,8.071659484242257,11.37667269864176,9.786779625617225,16.519402725881527,10.432831635033233,7.744295367640061,8.530721340305398,5.674034652618853,11.729027385598538,1.5347898846059156,9.236575153471515,8.917835314459186,8.469518816833691,4.306048528985387,6.354276135225864,9.680651888368446,6.608238731943881,Connaught Place,1.5347898846059156
28.63388,77.221078,"Opposite IVORY Mart, F Block, Inner Circle, Connaught Place, New Delhi 110001",13.814053861946984,9.659407830005852,13.07614022259153,10.079348556304408,20.559846481851654,12.414429737966826,14.640565698358525,2.639992564554281,7.6764547865624815,12.541077584268093,8.308111644301363,17.710449850455873,12.244388746889754,9.61444540669979,9.846281953054788,7.49293944157118,11.128072420072883,0.5025970794882059,9.706875372342225,10.131364504163287,7.283184668238507,3.5620109061722367,7.666506480476741,7.970625843754906,4.7656377046061005,Connaught Place,0.5025970794882059
28.63388,77.221078,"Near Snow White, Block D, Inner Circle, Connaught Place, New Delhi 110001",13.814053861946984,9.659407830005852,13.07614022259153,10.079348556304408,20.559846481851654,12.414429737966826,14.640565698358525,2.639992564554281,7.6764547865624815,12.541077584268093,8.308111644301363,17.710449850455873,12.244388746889754,9.61444540669979,9.846281953054788,7.49293944157118,11.128072420072883,0.5025970794882059,9.706875372342225,10.131364504163287,7.283184668238507,3.5620109061722367,7.666506480476741,7.970625843754906,4.7656377046061005,Connaught Place,0.5025970794882059
28.634137,77.220382,"Outside Van Heusen Showroom, Block C, Inner Circle, Connaught Place, New Delhi 110001",13.807181514618927,9.699828276744416,13.011506641999949,10.005655539718605,20.488978539198747,12.486636615518195,14.602685084173128,2.6373063152988117,7.750091922639974,12.594873768926643,8.259334670074182,17.652423318723216,12.265132097537942,9.628162466192947,9.894068896995204,7.511748654427678,11.057257265575053,0.4638015427453366,9.63647445432284,10.18282524259453,7.347403759608365,3.4898075998071794,7.713203047546136,8.011450870386676,4.743122806336627,Connaught Place,0.4638015427453366
28.628528,77.21946,"Opposite ICICI Bank, Janpath, New Delhi",13.216029398068164,9.105711643486622,12.87163494284831,10.183576733415636,20.816361592558565,12.222525316747301,14.167453625760736,3.253750879647305,7.639775127981139,12.067513333911084,8.827081745914732,17.410507021444825,11.63534978969263,8.999389834467292,9.331689350924696,6.881619760994344,11.392093698090205,0.42634934779687145,9.627951465213997,9.641285462331236,7.531243108250421,3.8108145896850987,7.146687880201134,8.442460431464342,5.372628004030694,Connaught Place,0.42634934779687145
28.634371,77.2195,"Near Woodland Showroom, Block B, Inner Circle, Connaught Place, New Delhi 110001",13.790002589917519,9.741606584750723,12.928648227663446,9.916238189704202,20.405594498597438,12.572433999483819,14.548987458176311,2.6462059456572096,7.839824724312874,12.654056775555313,8.207755878078197,17.576337090219933,12.281863257639326,9.636331073473976,9.945395978121873,7.526436050341032,10.973999917195965,0.42022779271699356,9.548295114366228,10.238977165743687,7.430120901401611,3.40422823032533,7.763244511647787,8.069378716893734,4.726218855373346,Connaught Place,0.42022779271699356
28.63242,77.218068,"Near ICICI Bank/Metro Gate No. 7 & 8, Block A, Inner Circle, Connaught Place, New Delhi 110001",13.53299947953903,9.557303821091228,12.768116035105301,9.875368835698431,20.434468439655895,12.568800147618756,14.307635285484391,2.9011599856067867,7.898561728384488,12.516461202869518,8.373537150095554,17.384626750321523,12.05229226867147,9.396617961403328,9.785009685764397,7.294781688336948,11.005397729553957,0.1681992657466377,9.43258019812627,10.092459070466754,7.594944240769546,3.423614384918466,7.600151453596931,8.305118363452547,4.958939073522736,Connaught Place,0.1681992657466377
28.631121,77.221654,"Gopal Das Building, Barakhamba Road, Connaught Lane, Barakhamba, New Delhi110001",13.572056460231208,9.347513724769962,13.104672705418677,10.253769109421818,20.796556685366493,12.196818749465605,14.507821034470552,2.9135027971778737,7.5207724840966685,12.238109663406433,8.616754575975278,17.68718156984625,11.946498773007647,9.32746337847272,9.536830154719077,7.198177613591045,11.36604936557287,0.48533438785036803,9.797819585231881,9.825318293640786,7.269802931378683,3.787605001349394,7.35633800231023,8.09944770346405,5.06756266717035,Connaught Place,0.48533438785036803
28.626695,77.231943,"ICCI, FICCI Chowk, Mandi House, Todermal Road Area, Mandi House, New Delhi110001",13.676982420341988,8.73096890818204,14.079128706854485,11.371616477243998,21.886985292406045,11.088282068754754,15.079724970161465,3.284721968117712,6.413888381361141,11.398690941884604,9.435903697018015,18.5546205988606,11.629916819458098,9.139873035281445,8.80016110391523,6.953764004638418,12.455158579489291,1.5807524325468654,10.863237397923834,9.028492122298458,6.389324880876891,4.88858929856449,6.649763418911074,7.636580187829707,5.590386935130298,Connaught Place,1.5807524325468654
28.617517,77.213919,"Press Club of India, 1, Raisina Road, Windsor Place, New Delhi110001",11.88344231280497,8.057369615938896,12.319984686772196,10.328537719503014,21.233594513608615,12.113174465693952,13.04637447427131,4.5888330423417925,7.934397234986655,11.246712967757693,9.884056217528281,16.634568584498655,10.36768400169409,7.693514184809056,8.407843263901066,5.608063425699302,11.87043487894917,1.5783541643270704,9.382176172933123,8.789189267179173,8.369254716112891,4.434400942453004,6.229131177124601,9.628594752566606,6.6581235407687815,Connaught Place,1.5783541643270704
28.6285,77.217046,"Near NDMC Office, Palika Kendra, New Delhi- 110001",13.100894415850625,9.154212758648603,12.636233577377968,9.974346500841875,20.639139139875166,12.422089852017566,13.972271881803126,3.340654621933188,7.865722840947911,12.169085837364406,8.765675119098916,17.180680182736992,11.60917228391852,8.949789652901012,9.409923590017348,6.850872271176398,11.219262888350833,0.335289690478566,9.396039944165013,9.734759655833193,7.763186625934111,3.6442816412411148,7.2233263431377885,8.634741852273244,5.404496847277036,Connaught Place,0.335289690478566
28.577999,77.209521,"Laxmi Bai Market, Safderjung Flyover, New Delhi",8.049596237215544,4.353499723973236,12.846880033630146,13.008926739327501,24.210446314128866,11.402426830678971,10.966808941762054,8.92897144898197,9.028168943654777,8.137980998576177,14.162870412349031,16.04318037492341,5.955654884255441,3.310486772609481,5.1730696380354555,1.2017047149363795,15.19408624706012,5.990178873215906,11.147493961008736,5.793030673407861,10.945829752031042,8.416044878153071,3.473296546048706,13.168831613309553,11.067530699033163,AIIMS,1.2017047149363795
28.627546,77.219769,"Opposite Fab India, Janpath Rd, Atul Grove Road, Janpath, Connaught Place, New Delhi",13.135304809068243,8.99264747032931,12.896028545366393,10.259369316134043,20.91003477483632,12.139793206524022,14.130754490895047,3.3478219889917313,7.581348209674338,11.956091555130222,8.940340481565253,17.414884252269587,11.530127098915615,8.899125698375041,9.218690752503285,6.777609972898933,11.487371689995252,0.5320014996591509,9.675923943577038,9.529132461699366,7.523439455898508,3.9077953284167575,7.033609508455931,8.483874468427883,5.478387003461817,Connaught Place,0.5320014996591509
28.62575342,77.19453,Talkatora Stadium Presidents Estate New Delhi 110004,11.934236577656563,9.621959070737706,10.426201187748953,8.251254544212664,19.243627580709592,14.215579973484205,12.041517462048366,4.8628263483261405,9.941287981436826,13.057198301525217,8.767809204582008,14.974450546601807,11.320391701097755,8.507513638232064,10.139346612130053,6.683727929201803,9.952125064899834,2.2561840989669637,7.310000258783683,10.593303599931437,9.979789137891704,2.9288701543275204,8.009734168359284,10.64914741909275,6.388005027347229,Connaught Place,2.2561840989669637
28.63407,77.217683,"Outside UCO Bank, Block H, RR3, Connaught Place, New Delhi",13.678798784874662,9.744573500126972,12.748766236139286,9.766490398942786,20.288961401947013,12.700959378908477,14.386965896518742,2.751580616278672,7.994669599307644,12.698326205765133,8.186981787292561,17.396509800512394,12.231597806308462,9.57010814833524,9.970589283543715,7.4733403693685405,10.85839148274584,0.301444973440685,9.375083351438745,10.275955225162033,7.610028619107565,3.2805563584178796,7.785994354692052,8.236809182506793,4.782710532045376,Connaught Place,0.301444973440685
28.585492,77.191634,"Yashwant Place, Chanakyapuri, New Delhi- 110021",7.714021716804343,6.175567008666786,10.915196665641488,11.295672135682144,22.49450265646463,13.221825548166636,9.522799273440357,8.721281470308947,10.413244553694264,10.02223444429177,13.245594819462442,14.23833385359085,6.93773353854886,4.097523579110369,7.075175800646897,2.7117227057225826,13.648389444161403,5.6709289233831,9.287259912131166,7.712925229974674,11.873872524056209,7.384580251969276,5.400987896703451,13.656771405478118,10.641269780374753,AIIMS,2.7117227057225826
28.55667773,77.2326006,"Block N, Greater Kailash I, Greater Kailash, New Delhi, Delhi",8.470664007256755,1.0964098460998077,15.889555196377167,16.27127777886734,27.468289634574752,9.25565523334231,12.95090295966451,11.068650232230906,8.44963799489476,4.899677995718281,16.882897471129734,18.642578976655145,4.387786945810727,3.2758889823385995,1.9976403103384635,2.4981657219452886,18.38745841857579,8.463452150150683,14.403050661529067,2.6975785030013593,11.238723274153948,11.34386627715181,1.5979933987631905,14.128979317468175,13.355370904819052,Greater Kailash,1.0964098460998077
28.558938,77.19631,"SDMC Parking, B6, Safderjung Enclave ",5.634236192275205,4.3028661365795475,12.6987459064275,14.045906980711944,25.191961223192045,12.734003266347372,9.411200054356476,11.312602187439905,11.136822675158117,8.136149214148634,16.19903477623467,15.133873817215092,3.9590508304924117,1.1233204190933141,5.474576185441057,1.622198747757643,16.53683147758815,8.310477865775825,11.782327664705424,6.2026288468563315,13.322438009500262,10.35038581985438,4.672283693793088,15.642956128044343,13.379773516001796,Hauz Khas,1.1233204190933141
28.546273,77.19711,"SDMC Parking, SDA Market, Hauz Khas, New Delhi, Delhi 110016",4.857621015684643,4.069229549207272,13.588054176462878,15.325062739296047,26.427773936902312,12.880188129075647,9.548992255774445,12.645498168680652,11.848838531502656,7.629329667119304,17.60849214408921,15.611819221013144,2.59246871808007,0.4540850022677883,5.304452972040004,2.6457004068844365,17.876023645122288,9.66790695634089,12.966161663021584,6.033248486804938,14.277154799021972,11.760823527456733,5.084500943207014,16.769918111105667,14.745221422693495,Hauz Khas,0.4540850022677883
28.55205918,77.20325422,"SDMC Parking, Aurbindo Market Place,Hauz Khas, New Delhi, Delhi 110016 ",5.704395864502865,3.485938985179997,13.688957605884418,15.046346840534325,26.20264503547326,12.167505888036544,10.095327864828212,11.877120284269415,10.984929242500922,7.229799420692087,16.987917357217817,15.988792408840125,3.0818204209404714,0.4270194041384642,4.702081168452923,1.807899252315108,17.50465799643837,8.930432489652159,12.802710467116666,5.43598623582723,13.397432699737438,11.167114332797462,4.262471130870254,15.906190728039768,14.010047497220702,Hauz Khas,0.4270194041384642
28.547217,77.244324,"SDMC Parking, R Block, GK-1, DELHI-110016",9.177919406874295,0.564858485955264,17.393685526044855,17.81356060418913,29.00610195182372,8.396881964074412,14.131769666978487,12.195450340078619,8.503809903729323,3.3598897762859616,18.187009441248442,20.00010842348723,4.4677712393957485,4.326404492950644,0.7233284283166209,4.021862613983341,19.89185086718659,9.752226458861504,15.957744193724126,1.427781528683547,11.600967835130058,12.755304150210831,2.280740764732712,14.724922481776332,14.509870765527761,Greater Kailash,0.564858485955264
28.558244,77.16444,"SDMC Parking, Near Gold Gym, PVR Priya, Vasant Vihar, New Delhi",3.888277480650519,7.335149461560397,10.300215062616166,12.887932377231643,23.72198526200063,15.839631022552473,6.297761813772364,12.648161124113516,13.942014167772715,11.053147376058808,16.52101706475433,12.16296785282216,5.571245240017219,3.619088053621136,8.540433777114929,4.559557392329383,15.702992670941946,9.611726968417932,10.240174141024976,9.273313081423609,15.769223826732635,10.729643994321268,7.753687527391957,17.681879251331964,14.427224047967862,Hauz Khas,3.619088053621136
28.56793,77.242612,"SDMC Parking, Feroze Gandhi Road, Lajpat Nagar, New Delhi",9.911435273368012,2.204990746452377,16.262392142918408,16.010524407459748,27.146614284808805,8.149564040681687,13.988779825665825,9.888484369210076,6.87997989730196,5.096273992408471,15.93200039763053,19.385541091172595,5.9744699203927505,4.635105414926992,2.2283190147872376,3.1858363816678716,17.911540234992323,7.507694627570672,14.393105628638027,2.632545126772185,9.658064045849311,10.61427418899929,0.05408540948698709,12.602557726532524,12.205218776371307,Lajpat Nagar,0.05408540948698709
28.58107736,77.22719863,"Double Story Market, Maherchand Lodhi Road, New Delhi - 110003",9.523228917742756,3.8032046139349793,14.345990345960042,13.91237207928324,25.05360934852038,9.715359377256744,12.72603969883329,8.358740056285637,7.313718070566793,7.172205822234913,14.121022229144776,17.734584058412214,6.604985642256387,4.405754568162733,4.236398149843799,2.280733615232956,15.841702304455554,5.699645136023477,12.324826908710424,4.716657338988024,9.444830431339058,8.635485183776895,2.1502981403292565,11.9355333025806,10.62380036304876,Lajpat Nagar,2.1502981403292565
28.569119,77.244011,"SDMC Parking, Veer Savarkar Marg Lajpat Nagar, New Delhi - 110024 ",10.095260821080245,2.3615176446932393,16.341388519405523,16.0158750593863,27.140247273025683,8.00882923598855,14.137562665586358,9.775026801811684,6.689948542555996,5.126721378711393,15.847782603347317,19.502966379276465,6.1618654153551935,4.816592997815037,2.3053199987209245,3.3282533257931877,17.889033010978025,7.431248199601378,14.429725470757829,2.662886223777683,9.473575498699516,10.564493455693894,0.1811383273999257,12.430362112578258,12.094535034871774,Lajpat Nagar,0.1811383273999257
28.59566102,77.18169261,"Back side Sushma Swaraj Bhawan build parking ,New Delhi ",8.362193122956283,7.65558394266734,9.618882092912461,9.815010794482665,21.009871860937015,14.359194716103676,9.10438842522005,8.235445641256158,11.140669051544714,11.4839605331086,12.169060823373094,13.253983486178967,8.2782175626717,5.449014879093654,8.524356465231106,4.201843826975563,12.218920772167156,5.249629313200268,7.807763425369204,9.144262825060439,12.195668787852993,6.317734493186808,6.754229580081575,13.600602218864877,9.943017443647204,AIIMS,4.201843826975563
28.59211693,77.04188313,"SDMC PArking, Dwarka Sec-12, New Delhi-110078",13.282798682809721,19.825322644171703,5.573130906287604,11.853896532536107,17.547122139028655,27.843512571253235,6.939596799356817,19.722629645628395,24.758051631273855,23.59755954333764,19.380996707171704,0.40195329369334265,17.75750952479811,16.16421351493233,20.994846791489017,16.648130489816417,14.582806520980938,17.61790530832478,9.627881432830543,21.718710877952706,25.32904993749307,15.992152452316413,19.834702492897648,25.76744802684056,20.18994398358658,Dwarka,0.40195329369334265
28.59193441,77.05855004,"SDMC PArking, Dwarka Sec-06, New Delhi-110078",11.963662780576493,18.246386972649656,4.388132467951489,10.808869323260708,17.510516993225387,26.220551720748826,5.6720370058598,18.223193565716212,23.13803186378007,22.03801006282593,18.18294426607268,1.2254573197543863,16.288069185809213,14.609729877331507,19.40800448793218,15.042093821702014,13.678655396941155,16.052665745552943,8.372193473551556,20.12966252076065,23.748198687278176,14.537608612236614,18.220930880254215,24.259333426629656,18.77558025204119,Dwarka,1.2254573197543863
28.610622,77.094787,"SDMC Parking, The Janak Commercial Complex, Janakpuri, Delhi-110058",11.186794656951433,15.66346158693689,1.4275164734949164,7.176434128638559,15.876984913224076,23.004856534513657,6.0728200250886815,14.163342858395215,19.51540742422156,19.553374991270143,14.218274635216963,5.189101337810727,14.523723411017215,12.33251153021994,16.730457305138692,12.241532354126917,10.23362143216676,12.12398570286602,4.435232658499522,17.419461119609927,19.859962397115353,10.443186911171823,15.247121056198024,20.209073753547916,14.672842939927023,Janakpuri,1.4275164734949164
28.5697722,77.2485642,vidyasagar institute of Mental hospital. Neuro & Allied science at Vimhans hospital,10.519403624197576,2.5643278587277383,16.73167899744799,16.28934513772686,27.388644577170137,7.562844390296393,14.587295890452822,9.774308078092142,6.316956071033413,4.956754479876229,15.922897547865752,19.93457978234644,6.491733126432146,5.2473922826437915,2.2809885143181607,3.7768905704116524,18.10686898960278,7.535850769327011,14.758506793223175,2.5168163108890975,9.183668320388069,10.727665145476143,0.5812364714468589,12.21164000621965,12.0993278863684,Lajpat Nagar,0.5812364714468589
28.53550427,77.29138121,"Electric Vehicle Charging Station, H Block, Sarita Vihar Delhi",13.476737122072008,5.342011581867098,22.07868618373851,21.946838005605255,33.031498986676226,5.180359140945099,18.83475283185083,14.68601483458915,8.245440917080941,1.8515369190798308,21.086265836257784,24.77667386558358,8.372361891175897,9.049297888286477,4.2090275600903055,8.695012190844704,23.71301799187435,12.927240869765404,20.364884794028026,3.518616290427674,11.792083680391114,16.240475390348358,5.920686678124354,15.368422245275507,16.9747540012293,Okhla,1.8515369190798308
28.5476707,77.2507293,"SDMC Parking, Nehru Place Plot 81-85, New Delhi - 110019",9.79411361745573,1.1777629278600825,17.92238863890619,18.18806066422803,29.366463901669583,7.788220297854698,14.752529229269996,12.23160252641923,8.115120018362322,2.8874295386916455,18.318982259738533,20.594221618102438,5.02210197101093,4.948955130175369,0.2002061573890164,4.532035936918795,20.201165233807505,9.895831212211956,16.39812150096324,0.8020452829948375,11.300691931567968,12.978436250710656,2.3484975973767757,14.503238601430162,14.554625503247706,Nehru Place,0.2002061573890164
28.55446993,77.19563012,"EESL, Hauz Khas Village, SDMC Parking, New Delhi",5.257622463713483,4.260537129344549,12.925330831968939,14.449918965651182,25.575924655443725,12.861006634349078,9.342051812853619,11.807351327560303,11.452386459897584,8.02117192668186,16.69487794627192,15.198998898877711,3.5005510614561013,0.7130344050146369,5.466528129913619,1.9933054494409062,16.973491306960618,8.808919441240725,12.138683212548429,6.199838935487285,13.716647866521551,10.843566308872171,4.863879101006999,16.088433669348685,13.879553596299536,Hauz Khas,0.7130344050146369
28.5791538,77.188127,"NDMC OUTSIDE, ESS 33/11KV NETAJI NAGAR DELHI-110003",6.931322390351466,6.007318651799472,10.886997546926382,11.701303501053102,22.87562628800934,13.495371746862029,8.976740152898337,9.50483602799135,10.941895556495352,9.896884724989539,13.959202508502697,13.95183029006547,6.339412011851552,3.5090196998949996,7.000623806830568,2.5157586850247107,14.15410067150459,6.454478683939226,9.547647427133732,7.673293290490458,12.54230682542108,8.093535957347369,5.5172319058761685,14.403393341974986,11.417543801407138,AIIMS,2.5157586850247107
28.6400192,77.2562301,"CESL - DTC EV Plaza, Rajghat - 1 DTC Depot, New Delhi - 110002",16.267779959060146,10.330356195973254,16.56152771109987,13.121832685569704,22.966435624369158,10.277746508439458,17.87480944942273,3.104793945196422,5.053685802406953,12.257133221833074,9.428787196778584,21.201530015752116,13.728882401253223,11.470190141952052,10.087885148035463,9.269955466883758,13.638665577070444,3.9725007672560277,13.092514157275357,10.123982871279225,3.8066105096633605,6.510647004142906,8.143046570139422,4.924434219866254,5.082409527215838,Chandni Chowk,3.104793945196422
28.58315,77.18098,"NDMC Barat Ghar - Moti Bagh, E Block, Moti Bagh, New Delhi, Delhi 110021  ",7.033846606332463,6.834111806205377,10.065561281852933,10.965455222816967,22.118725631148155,14.227433845055465,8.456880511073356,9.442193224830438,11.485503804960954,10.724194365339098,13.560662139809889,13.216798502513267,6.9851688576016615,4.191691563498182,7.825868718591959,3.3430527122039333,13.483386551662097,6.408081903472908,8.751407050280136,8.49567862273462,12.900089582316191,7.705731521949117,6.3046031538365535,14.578415511652137,11.244321522201474,AIIMS,3.3430527122039333
28.600277,77.21565,"Back Side of Hotel Claridges,Tees January Lane,110003",10.356093807203344,6.192049761039463,12.709820154076986,11.63131927977069,22.716054683859802,11.262163619291918,12.310620808116395,6.380627658230398,7.786390509509704,9.553577565510688,11.798041133389706,16.588000594407298,8.472246233422181,5.857506402510292,6.64256736048747,3.719138910862268,13.454732759508286,3.473351728659203,10.26747890859159,7.089750244878039,9.016747377604375,6.227805255485014,4.506178151018193,10.85810434043588,8.535643706404233,Connaught Place,3.473351728659203
28.60137,77.21298,"Back Side of NDMC office Tees January Lane, Near Mahatma Smirtti Bhawan, New delhi 110001",10.307242561167294,6.403127457281172,12.431032455900898,11.355370495617462,22.4495042939478,11.546966242437751,12.121701206399285,6.3268299142230005,8.029999261892478,9.806226602727957,11.633381686866453,16.334858682075247,8.5702339483068,5.914087124592119,6.8845288931647675,3.810655878233352,13.200948339041064,3.369923554604867,9.980099990186407,7.343722171257364,9.182413945052392,6.017795073831719,4.760915150605403,10.941965549932055,8.447041374843137,Connaught Place,3.369923554604867
28.60137,77.22282,"Back Side of NDMC office Tees January Lane, Near Mahatma Smirtti Bhawan, New delhi 110004",10.8735240793702,6.090704957388768,13.376405780533345,12.090882930848469,23.113000611007866,10.632524036925394,13.00227904276348,6.140371575044241,7.076502619851426,9.261893837366364,11.827466319090728,17.29373208161503,8.693098621920383,6.190053742895728,6.413182623265062,4.000419650931557,13.795830016393769,3.403145652621379,10.84270512402735,6.801099423426891,8.356037025145183,6.424618573199428,4.2353413652615854,10.315027866723598,8.367899263009862,Connaught Place,3.403145652621379
28.590322,77.22021,"Gate no.1 Lodhi Garden,Lodhi road ,Lodhi Estate New delhi,110003",9.766507563770624,4.999009499193565,13.39450084083233,12.706597562129778,23.832558033747596,10.555515398775572,12.336705224861829,7.3912057391810215,7.581609600784863,8.401660977838683,12.969735129596701,17.0102133636905,7.438797864371161,4.9560160590918905,5.470220448051524,2.757581156372213,14.608880540962716,4.591586730047291,11.197133766063535,5.9425516526229485,9.271798270599767,7.420798324600607,3.365014223474222,11.446812930315271,9.605059061846614,AIIMS,2.757581156372213
28.627291,77.23179,"Fire Bridge lane, Barakambha road, New Delhi,110001",13.723807252994888,8.79818584816693,14.066834351523982,11.330653133496499,21.834005520817662,11.137874754897076,15.101519094481857,3.2178211312386367,6.448044968329348,11.465966079431984,9.369148440384565,18.553823226619176,11.691525783929224,9.19718120855279,8.868094018809952,7.012294584072555,12.402185923728688,1.5453581610986948,10.837933638089225,9.096245467499266,6.387021208901485,4.838567890802942,6.717587855562647,7.602320119163357,5.522797862218416,Connaught Place,1.5453581610986948
28.69449234008789,77.11891174316406,142 Deepali Enclave Pitampura Delhi 110034,19.21012236231174,20.014964457805927,8.623854177168402,2.9046309341055507,8.620671740943491,24.447138277915652,15.487795694101388,11.671139110057993,19.579038039214623,23.62488395767469,7.3708833561592275,13.42595994479182,20.750174213813803,17.974676009963165,20.6704813704708,16.71456506995439,1.3171326541624755,11.836131858954893,5.789646504950866,21.169829384502584,18.180765668625355,8.47079251105923,18.592482823419836,16.752249942325285,10.538171721066163,Pitampura,1.3171326541624755
28.71756935119629,77.12598419189453,sector 14 rohini,21.641790397083028,21.79128183434805,11.271382647485828,5.389552207220503,7.643747731549426,25.44257925552904,18.12175936078523,12.251936164899572,20.374228361390248,25.25407902118114,6.750008194932265,15.986149783385352,22.864951290551954,20.04984976429234,22.344019012222493,18.622324772882287,2.4092013465219617,13.035232291377955,8.355926666410857,22.789504137702608,18.548475058851313,9.665421274819092,20.207318078581782,16.631723019093933,10.678222865695743,Pitampura,2.4092013465219617
28.62866592407227,77.31869506835938,"Zypp Electric Hub, Ghazipur",19.819180828765717,11.860152881180692,22.548776453511955,19.34307094134341,28.885031947654376,6.473798527065832,22.821969681377492,9.153491736590498,3.15914417010408,11.75402875458923,14.840917329652166,26.92856129620386,15.936551390945839,14.552203085064042,10.999369902177955,12.622344643762984,19.701804554449716,9.959633013392176,19.24809857577049,10.614674354959197,2.700811909452812,12.73627577740579,10.021204400637744,5.78549491806258,10.582836346315597,Preet Vihar,2.700811909452812
28.62871932983398,77.31866455078125,Zypp Electric Ghazipur Station,19.820231014375494,11.862659779462728,22.545992697228616,19.33879023508512,28.87963064068616,6.480029433939787,22.82127461013203,9.148697926970858,3.160926934164932,11.758401113031024,14.835087926887944,26.926507097039828,15.938819974025714,14.55342806599061,11.002346524609022,12.623054800509559,19.696773863197926,9.956467294123915,19.24465114646866,10.617989409860193,2.6951471987544413,12.732152853044528,10.023028051004705,5.778863150817297,10.57727147592197,Preet Vihar,2.6951471987544413
28.62866020202637,77.31881713867188,Zypp Electric Ghazipur Station,19.828483283961692,11.86752702336981,22.560663744370878,19.354805037980828,28.895871754363064,6.471864012064799,22.832896734783986,9.164931847388274,3.167562332861459,11.757950161507498,14.851075357758852,26.940245641148614,15.944278996022678,14.561303773274942,11.005994863983775,12.632021635095677,19.71304942220686,9.971561429947151,19.260025190818304,10.620714864522341,2.7112687643634694,12.748070455369588,10.029554650544037,5.792020136013407,10.593448792182484,Preet Vihar,2.7112687643634694
28.62870597839355,77.31876373291016,Zypp Electric Ghazipur Station,19.8272220529747,11.867918866904573,22.55561933630033,19.34854999475737,28.888888914242816,6.477490720644089,22.829810717936144,9.158317608889353,3.167101939020882,11.760686861062256,14.843892735552032,26.93585499266465,15.944392441876099,14.560233548142845,11.006949162997577,12.630390465410796,19.706282350161203,9.96618953533587,19.254419446933735,10.622084753302724,2.7041574887193005,12.741932932772784,10.029153354999023,5.785001042844011,10.586382469935117,Preet Vihar,2.7041574887193005
28.62871932983398,77.31871795654297,Zypp Electric Ghazipur Station,19.82446197119696,11.866092371705076,22.551202348120988,19.34385928385717,28.884243646523668,6.479455294586942,22.826152559821058,9.153610537764251,3.1647865602594396,11.760370996423356,14.839373929277363,26.931660491868126,15.94240085572101,14.557576134499483,11.005464532299591,12.62743709666805,19.701586927993745,9.961677144147453,19.249846690549358,10.62086074941815,2.6995772297197207,12.737256832869155,10.026866311041367,5.781475278899458,10.581774739714707,Preet Vihar,2.6995772297197207
28.62870514917661,77.31875617057085,Zypp Electric Ghazipur Station,19.82656899612239,11.867363165522463,22.554878635071773,19.34785368641123,28.88827860913268,6.4774796297705315,22.829087465805266,9.157652767232983,3.1664926783770153,11.760322181286654,14.843338219802384,26.935111423805683,15.943818205160149,14.559590204377162,11.006433452647538,12.629719876452796,19.70563618690988,9.965454729634109,19.253691173811116,10.62160087057818,2.7035783910696467,12.74122891488709,10.02854722333807,5.784710356842644,10.5857911460966,Preet Vihar,2.7035783910696467
28.62870632632173,77.31871392577885,Zypp Electric Ghazipur Station,19.823298219762076,11.864745300784694,22.55076197519578,19.343813520216703,28.884568666629047,6.478061304297716,22.82527486207543,9.153723062041383,3.163524009373835,11.758883667470402,14.839873254322542,26.931054592316524,15.941079983595065,14.556387601521104,11.004070619492328,12.626323616041352,19.701778711863,9.961329536642008,19.249570900885395,10.619437381538074,2.7000044555802827,12.737165059039697,10.025598505426508,5.782529072203158,10.582162921965212,Preet Vihar,2.7000044555802827
28.62866424337471,77.31873873621225,Zypp Electric Gazipur Station,19.82253201651118,11.862820587316083,22.553030172296545,19.347259021663174,28.888890576998456,6.473144515610534,22.825892808478095,9.157570399950508,3.162180273226273,11.755468000201946,14.844527647420277,26.93274717888808,15.939344746582835,14.555482819669791,11.001771418370177,12.625827949653516,19.705811415095436,9.963898823625373,19.252361760283783,10.616868033980577,2.704529713319628,12.740486743892792,10.024218207284502,5.7877919484411064,10.586611865818442,Preet Vihar,2.704529713319628
28.6287083863257,77.3186981678009,Zypp Electric Gazipur Station,19.822183510002816,11.863904638330643,22.549232273131047,19.342264489407395,28.883100906715388,6.478458079684682,22.823916242461074,9.152196998200507,3.1625383895710244,11.758514268676521,14.838478272941021,26.929568376063013,15.940189698392825,14.555302228271845,11.00333393280405,12.625154438409202,19.700270642172825,9.959785078345611,19.248019465565925,10.618781076542415,2.698576704985176,12.73561259524334,10.024620726182668,5.781559988357733,10.580718853921232,Preet Vihar,2.698576704985176
28.52899899900524,77.29247588664292,Zypp Electric Mohan Estate Station,13.537678319795754,5.678772919323143,22.498349441999185,22.520184198114027,33.6296490057932,5.685624014114099,19.042880658681256,15.39176837861432,8.965053813690696,1.8937244372278408,21.781011315097313,25.07353676739109,8.404565602812854,9.30439087622059,4.617816306159831,9.107164146654315,24.33295099463246,13.588706532389027,20.881221872972688,3.9708471802487972,12.51236799483004,16.885346465153773,6.463610160479714,16.093595080851905,17.685083733622395,Okhla,1.8937244372278408
28.52918958264007,77.29255869984627,Zypp Electric Mohan Estate Station 2,13.546550225468712,5.6782463346929655,22.49579826891757,22.511361893926438,33.61973163715613,5.6636420602174935,19.04749740333877,15.375489065354234,8.943675371846048,1.8996530979963517,21.765597846935187,25.075360468299493,8.41392094013979,9.307088822524165,4.614503296133906,9.10445627858068,24.32191690706374,13.575343494513872,20.87485454137745,3.9657385747015352,12.49101128870501,16.87294939694122,6.455567911997658,16.072580583398825,17.668432568395847,Okhla,1.8996530979963517
28.52902609901761,77.29254964739084,Zypp Electric Mohan Estate Station 3,13.54498936409237,5.684295330123167,22.503362969753468,22.523299428364137,33.63238109714985,5.679012657332417,19.04951361906204,15.391841215003836,8.961869636540213,1.9005746971686313,21.781501123318428,25.079606964188027,8.411937582009358,9.310644029648582,4.622615543714433,9.112132659443681,24.33527241871641,13.590102474665999,20.885137639608665,3.9751335182400234,12.509204226974354,16.887138441376948,6.4669829598585435,16.090735838839752,17.684970759484873,Okhla,1.9005746971686313
28.68061587947976,77.15544551610947,"473, Britannia Rd, Tri Nagar, Delhi, 110034",17.359867350939314,16.798380139095514,9.284259888748965,3.1540249654574923,12.312819055113192,20.645092842148212,14.855343661293638,7.791386686634304,15.716948721879998,20.240035955538143,4.578531626982214,14.524544587353974,18.063349319365123,15.227724975666048,17.33294883499695,13.689321944046533,2.881049802000685,8.096344050217958,5.34308236437044,17.775471576097694,14.312794289293693,4.707576461236234,15.193466641606236,13.05164658523104,6.800005107685014,Pitampura,2.881049802000685
28.52680564229245,77.27452117949724,"Pocket D, Okhla Phase I, Okhla Industrial Estate, New Delhi, Delhi 110020",11.777256310809014,4.243826602336505,21.07773310187145,21.46815280479115,32.639595485813075,7.015253584630919,17.358002765129243,15.021836763811075,9.414852516637362,0.46252615872439573,21.289415787610498,23.469735827698432,6.640594554199124,7.69169580060365,3.384888816169468,7.739031763568763,23.440913192938478,12.938387326966126,19.672091993008884,2.90671138047651,12.912274803222326,16.128970635395255,5.486057176655631,16.394955836110036,17.343802476792536,Okhla,0.46252615872439573
28.52390849158667,77.27610301226377,"Pocket D, Okhla Phase I, Okhla Industrial Estate, New Delhi, Delhi 110020",11.929349833711962,4.557034753941539,21.374132768791796,21.81034226078453,32.98484382489041,7.13724003725636,17.572994990585403,15.374899226963091,9.69999779561575,0.8170990312465193,21.645913420689592,23.718006530101633,6.7905946704679785,7.947121981394337,3.7289439975304686,8.05374718274073,23.79210871415763,13.295682834992089,20.000275404790404,3.2621111691341804,13.207870706663478,16.485061748195978,5.839771852629556,16.703579116709854,17.696344710222313,Okhla,0.8170990312465193
28.68121092427005,77.07572523504496,"Nangloi, Delhi, 110041",19.027342142762787,21.70650077573038,6.699497437921325,5.076784553210197,7.810633586264929,27.339249404979665,14.101080111456886,15.33512058498314,22.80406038704327,25.521698155331734,11.788073960371094,10.32461502671454,21.607587950382115,19.03189450062835,22.55089730333631,18.234053939702036,5.76845677619441,14.824663489612247,6.2451528638554805,23.140437431240418,21.86471182168546,11.700180078789423,20.644441435275116,20.822816683365165,14.571351016254136,Punjabi Bagh,5.076784553210197
28.68125475096475,77.07581777125598,"Nangloi, Delhi, 110041",19.028179232778193,21.703195991754477,6.702713779602464,5.069377040739444,7.80807510350213,27.333364667348803,14.104369639597483,15.327124192721405,22.79729744051923,25.518067032547627,11.7781931226623,10.331831891045985,21.606177151558636,19.02988649076918,22.547199213397455,18.230951030011266,5.7583902690892,14.818101941219544,6.241977169236018,23.136556865678557,21.856849878227678,11.69286658560265,20.640273130735487,20.813988334039355,14.562498698367085,Punjabi Bagh,5.069377040739444
28.54138916370295,77.27565977722406,"Sanjay Colony II, Sanjay Colony, Okhla Phase II, Okhla Industrial Estate, New Delhi, Delhi 110020",12.032340292246518,3.6933818786934816,20.41144016235048,20.38146436552632,31.501998984320544,5.9049420303626095,17.236387428468863,13.512632881016899,7.809261913399127,1.2017291688964675,19.83708791104866,23.126118939092787,7.002923722855048,7.4340824056371835,2.540682249659477,7.025900067700265,22.22490641338188,11.555896904187758,18.740018029607434,1.8515545462591263,11.294118057182214,14.814812029642766,4.321148803597116,14.769817459196181,15.827206273194879,Okhla,1.2017291688964675
28.54131435286461,77.27578181773424,"Sanjay Colony II, Sanjay Colony, Okhla Phase II, Okhla Industrial Estate, New Delhi, Delhi 110020",12.04282629214205,3.706795362746169,20.425803870172015,20.39581019606315,31.51619729816447,5.899641583156205,17.249055535020904,13.524399963792069,7.814515867128801,1.196036794319393,19.849510449109548,23.13971407971293,7.0121895639691845,7.446919672317463,2.554766099170773,7.040180566059617,22.238875162673004,11.569048669057947,18.754545797588285,1.8659608867256465,11.300312096581468,14.828369800912194,4.335554272266412,14.777058618843972,15.838833772343945,Okhla,1.196036794319393
28.60875917869639,77.04942584037781,"Pocket 1, Matiala Extension, Matiala, Delhi, 110078",13.859201602725246,19.662991596992814,4.020725035907625,10.035830966992913,15.653765262965136,27.331677902799314,7.65128806971275,18.424122708540644,23.943528695311123,23.509307508533677,17.648592157268922,1.8823668855850777,17.982887831932825,16.125543444391454,20.78802684055144,16.34507028478907,12.674399325824913,16.522036017167633,8.024351655649374,21.497482728088222,24.263196992098532,14.617297612238648,19.45333383926769,24.469535642005734,18.720954819667472,Dwarka,1.8823668855850777
28.60865468716617,77.04941544681787,"Pocket 1, Matiala Extension, Matiala, Delhi, 110078",13.852101665987467,19.65999148343649,4.02590802257858,10.044359180735437,15.665417617614763,27.330901936850218,7.643074208660947,18.42843294722009,23.944603388458212,23.505979440122335,17.65642426554292,1.870752874378407,17.977710218245385,16.121724056282655,20.785312462138705,16.342770199729138,12.684003981937588,16.52482872653035,8.030689947094183,21.494869160037684,24.265957787584323,14.622079243277621,19.451605973951544,24.473947073626753,18.726575522701953,Dwarka,1.870752874378407
28.60870855182711,77.04949088394642,"Pocket 1, Matiala Extension, Matiala, Delhi, 110078",13.850717082993045,19.655104637175842,4.016863808926529,10.034879015851534,15.659110898039629,27.324540895459805,7.642889897331981,18.419657722151207,23.937207694690635,23.501332544591175,17.64693725475657,1.8779692634259426,17.97453626833916,16.11744778406785,20.78022155554842,16.337391069268953,12.674697084801426,16.516628763387953,8.02137733405022,21.48970733397069,24.257771633468348,14.61315347082484,19.445844123257046,24.46513854306576,18.71741923172494,Dwarka,1.8779692634259426
28.6807207,77.1553153,"473, Britannia Rd, Tri Nagar, Delhi, 110034zypp",17.371423857710447,16.814729138505104,9.283436070837197,3.1471858994631288,12.295623606649551,20.662228132043424,14.861575264041237,7.807355476057965,15.733786189174495,20.256846041061337,4.582096311023682,14.523103683990788,18.07806663436186,15.242533130845423,17.34961980048498,13.705004167099585,2.8638619936613856,8.113583894174939,5.344618005733243,17.792279684668884,14.328435972669524,4.724816281998918,15.210253578441865,13.065012580483245,6.813451365406585,Pitampura,2.8638619936613856
28.56893950491251,77.18709821544506,"ETO BRANCH OFFICE, DEHLI",5.90505753620606,5.533075912332743,11.343082213528414,12.638171704429677,23.77043750390007,13.566062484431344,8.623332751720719,10.579755729740542,11.437497843227437,9.4186832693449,15.09809838741755,14.016208868936364,5.295888319189736,2.516554126129196,6.636036232033515,2.244865812358281,15.172694077703389,7.532818677711355,10.352164508153557,7.345391021737274,13.284106332366708,9.232248400759705,5.470684129749192,15.317494360324766,12.52988148828317,AIIMS,2.244865812358281
28.56243599540261,77.28738874197006,Delhi,13.69520235906158,5.00493371225553,20.577978051881086,19.726985534322726,30.65546111155844,3.883709840105174,18.314455145348493,11.822040106813324,5.292761594059789,3.780925794749044,18.266776791139684,23.800882424526563,8.948100731381842,8.647684191991434,3.8111439774272036,7.576320141777489,21.259594321397863,10.324936952101421,18.429284843871123,3.166788149898524,8.824527241050815,13.69980033824735,4.364651186541263,12.372992450618435,14.079552869537293,Kalkaji,3.166788149898524
28.5609188079834,77.28561401367188,DELHI,13.478826661029558,4.788843665349999,20.46936475301812,19.691526292219603,30.643674778306,4.094237507016976,18.135717577024728,11.891441644547326,5.485319409879243,3.5618140721188523,18.327509465141517,23.653574347188393,8.715994651715937,8.449698299776054,3.5878253298861176,7.417467490021147,21.256022837974047,10.33745859195249,18.360638747350865,2.935146420949414,9.008958822166724,13.705362583838657,4.219849872559703,12.545050911396041,14.158606867387448,Kalkaji,2.935146420949414
28.56243098938036,77.28730626404285,DELHI,13.68736660372538,4.9971068101673435,20.570531923029215,19.720887961218217,30.649925158856636,3.8916637633455826,18.30638507592793,11.818737950558369,5.294405243260568,3.777461924054589,18.263226469847154,23.792984068330092,8.940734056883125,8.639649628398589,3.803483125351093,7.568324249682859,21.254250954966448,10.319970750822126,18.422504521227864,3.1594246614009744,8.82578122033372,13.694670278579144,4.356744235402376,12.373653998124665,14.076574758967396,Kalkaji,3.1594246614009744
28.56053733825684,77.28447723388672,DELHI,13.36019555626748,4.670294528987801,20.378870748000303,19.62986904936698,30.591978261781886,4.212586790357316,18.02358766694905,11.879435101802512,5.546081165933441,3.485290939485223,18.310508552738302,23.55009932089208,8.597982156108374,8.33357605771071,3.468976019240626,7.311139136092406,21.208270809121334,10.298043295526764,18.28536326365128,2.816958916898509,9.063295062987404,13.662264618218872,4.118665185106592,12.590855937580365,14.151276422418128,Kalkaji,2.816958916898509
28.56241979944738,77.28730861097574,DELHI,13.687201994341493,4.996936491802519,20.571149897082282,19.721820030502762,30.650938306667886,3.8917391489636195,18.30656804687654,11.819943675328858,5.2956066587426704,3.7763870893602505,18.264418439425366,23.793384824649646,8.940349670049336,8.639667462293447,3.8032214186125546,7.568640568998172,21.25528807052202,10.321050047874454,18.423307214617545,3.159038854037053,8.827000736091486,13.69573198401361,4.357139073848016,12.374895092547392,14.077796019723229,Kalkaji,3.159038854037053
28.56239506380186,77.2873904183507,DELHI,13.693959373858835,5.003672771576669,20.579599522647996,19.729855499947643,30.65867130827833,3.8846440848937367,18.314450551926154,11.826131884180644,5.2972493898463995,3.7767517567941016,18.270798524534637,23.801680265429876,8.946101828621403,8.647085507585503,3.8095673490080353,7.576804506826572,21.26290703407897,10.328432926395667,18.431629958443757,3.164788400641473,8.829047489220109,13.70321937987533,4.365426936315663,12.377541391659465,14.083727911042564,Kalkaji,3.164788400641473
28.56247545462853,77.28728044778107,DELHI,13.686489651330087,4.996257163833956,20.566552207159866,19.715898458910083,30.644717035656804,3.8929324621574475,18.30404950038061,11.813188850389682,5.289851757967802,3.7811479696338086,18.25768407741516,23.78979744963646,8.940843263199437,8.637992990715652,3.8030387650175332,7.565462703340808,21.248983578512437,10.314606773379062,18.417905859342813,3.159544242905328,8.821076334362633,13.689345276990727,4.353582511749733,12.368744068533662,14.071026457764905,Kalkaji,3.159544242905328
28.56253814697266,77.28739166259766,DELHI,13.698970587007988,5.008756079546071,20.574592203942718,19.720380152571884,30.647960590997236,3.880726529391361,18.31516487805293,11.81215707449632,5.2814682881697745,3.791600256925146,18.257088604154596,23.799582041207874,8.95370911407362,8.649872484632942,3.8157405753434572,7.575815318085833,21.25182308652485,10.31667975976003,18.42404327737897,3.172412635623005,8.813186351909035,13.69174755857598,4.363423087105117,12.361631008034081,14.069434536202287,Kalkaji,3.172412635623005
28.56247711181641,77.28733825683594,DELHI,13.691917788859708,5.0016770558719275,20.571837873600106,19.72029646391888,30.648737110675523,3.8874051764031,18.309698196990155,11.81568451999552,5.2888991371236065,3.783377040551772,18.260350510080258,23.795362347996495,8.945907894097578,8.643589524502993,3.808326908410965,7.571081868589894,21.252873498904467,10.31824098665121,18.422758182386993,3.1646034083319527,8.820399900652106,13.693090714963589,4.359153112920068,12.368484526992995,14.07329902255623,Kalkaji,3.1646034083319527
28.56245690290477,77.28736963123083,DELHI,13.69414150626075,5.003885561036406,20.575462353189963,19.7240959145979,30.652512453633797,3.8849657117766987,18.312676394278974,11.819110137748746,5.290710139350333,3.7824053888909703,18.26382986032858,23.79870988177025,8.947550185874935,8.64623333493761,3.8103027131586504,7.574295374206724,21.25663301545914,10.321960212444715,18.426526864769638,3.1662403100186727,8.82237258855879,13.696828872997644,4.362489981307287,12.370691686751597,14.076649704402172,Kalkaji,3.1662403100186727
28.56239128112793,77.28734588623047,DELHI,13.689691369700775,4.999408434508278,20.575618147228447,19.72663586993569,30.655764016098534,3.888966589862485,18.310088909323913,11.824454991643002,5.298253708873654,3.774766139907254,18.26898565590453,23.797432664859663,8.942066849689375,8.642727162506368,3.8053837236879553,7.572496159299906,21.260106602821004,10.325841397299937,18.428027554673868,3.1607533553654985,8.829842994311148,13.700537161188555,4.361174858127033,12.37801790849295,14.082228263084115,Kalkaji,3.1607533553654985
28.56237857336828,77.28726167231798,DELHI,13.681430572849381,4.991152462937434,20.568288683881672,19.7209204648896,30.650686509551033,3.8972895387401034,18.3018179798929,11.821832711383676,5.300774080870963,3.770446981338343,18.266094572297753,23.789486629938256,8.934146228360252,8.63438217339832,3.797238601371615,7.564392855877097,21.255246153890436,10.321403908761717,18.421515078541535,3.152833788854166,8.83196831107745,13.695916293498087,4.353218481953046,12.37954076696896,14.079952764866643,Kalkaji,3.152833788854166
28.56239891052246,77.28736114501953,DELHI,13.691370150775633,5.001088588509277,20.57675533257984,19.72731508443868,30.656281983854072,3.8873160826420166,18.311609356853552,11.824408141844254,5.297211439265637,3.7761013087122626,18.268997072994388,23.798789646832613,8.94378097698571,8.644338007031275,3.8070843987262997,7.5739224953678725,21.260571484213592,10.326205078883568,18.42892107541578,3.162467489020794,8.828868602156897,13.700944378034528,4.362536455067606,12.377150290949373,14.08210685604685,Kalkaji,3.162467489020794
28.56242244969477,77.28733107447624,DELHI,13.689380143495324,4.99911286638926,20.57313170425685,19.723394416023137,30.652348760003818,3.8895386157491334,18.308771282835618,11.820716283091983,5.2950162289783815,3.777462647066707,18.265261189094872,23.795515981897953,8.942423470471457,8.641879685720566,3.8053623937034122,7.570808158570461,21.256642652844505,10.322295628002447,18.425084485361964,3.1611118981228783,8.826516029058139,13.697024851249164,4.3592731190494725,12.374571365110294,14.078477634622098,Kalkaji,3.1611118981228783
28.5624732971191,77.2873458862304,DELHI,13.692496110630332,5.002252151802208,20.57267987362164,19.72114681443485,30.64957216813796,3.886782618260686,18.31042694693342,11.816409665172463,5.2892181955106015,3.783254249405116,18.26109074460918,23.796159315381807,8.946364802469276,8.644252863803311,3.808853760395062,7.571854728025213,21.253701856252377,10.319054428674159,18.423615493648747,3.165058974880023,8.820757691723736,13.693910912962997,4.359948156146138,12.368898921998628,14.0740035372674,Kalkaji,3.165058974880023
28.56242752075195,77.28732299804688,DELHI,13.688803016500447,4.998539228175829,20.57220331067428,19.72242513858007,30.651386827168324,3.8901693245614792,18.30800394043318,11.81984748412167,5.294564805684258,3.7776993812169217,18.26437825483411,23.794656195663066,8.941993553187904,8.641196335787814,3.804847503215373,7.569981627974413,21.25568515047487,10.32134917345502,18.424121366589326,3.160682837366155,8.826022954038926,13.696073232729496,4.3584155694573825,12.374017941794026,14.077628394302277,Kalkaji,3.160682837366155
28.56244850158691,77.28730773925781,DELHI,13.68810282629846,4.997851608395947,20.570040887782728,19.719830847087767,30.648708742432134,3.891058374180255,18.30660133135084,11.817087680370408,5.292456514936174,3.7793275928043446,18.261612680451485,23.79285486617735,8.941779299177993,8.640117760540367,3.804358305852725,7.5683311509930675,21.25298582028759,10.31861750866004,18.421688433269072,3.1604723278048303,8.82382880839642,13.693354189054443,4.35662521055954,12.37170497984406,14.0748806332177,Kalkaji,3.1604723278048303
28.56245613098145,77.2873764038086,DELHI,13.694744439328307,5.004487143230226,20.576116183951612,19.724675840931493,30.653056386338278,3.884343965642732,18.313334166813412,11.81949749021219,5.290705767754035,3.782567627258296,18.264235364644943,23.799376812486614,8.948093051078308,8.646871027861623,3.8108815982299906,7.574961182601309,21.257164227544177,10.322466048696832,18.427147306310378,3.1667827165510403,8.822400835392187,13.69734580617233,4.363156942750144,12.370769027039072,14.07701301298566,Kalkaji,3.1667827165510403
28.56245803833008,77.287353515625,DELHI,13.692682828418766,5.002429783432966,20.573931658669206,19.722762913265623,30.651271111956564,3.886463866290136,18.31110829918987,11.818257314879242,5.290798151462969,3.7819471891022487,18.262932521340563,23.79713377478878,8.946221712309521,8.644702866213267,3.808895629107285,7.572716513916399,21.255423773058325,10.320814658566023,18.425088234532886,3.16491295524352,8.822383273679717,13.69565552029196,4.360913359213831,12.370585780148607,14.075855619812753,Kalkaji,3.16491295524352
28.56247520446777,77.28738403320312,DELHI,13.696106020879162,5.005857309002479,20.5761387364528,19.7239948825747,30.65216380167554,3.8831140003015063,18.314157779708683,11.81797801271039,5.288503680668623,3.7848140417987546,18.26277276358565,23.79981887176083,8.949750030881972,8.647961147773067,3.8123785903395366,7.575556396342066,21.256205658517164,10.321386325985438,18.42677393236739,3.1684416663009825,8.820223453439752,13.696317490811046,4.36361207701968,12.368638806458723,14.07542271720345,Kalkaji,3.1684416663009825
28.56247329711914,77.28734588623047,DELHI,13.692496110637657,5.002252151809546,20.57267987362604,19.721146814437045,30.649572168139397,3.886782618253556,18.3104269469398,11.816409665171333,5.289218195505203,3.7832542494116654,18.261090744608314,23.796159315387317,8.946364802476921,8.644252863810209,3.8088537604025587,7.571854728031089,21.25370185625357,10.31905442867489,18.42361549365196,3.165058974887671,8.820757691718615,13.693910912963926,4.359948156151681,12.368898921993951,14.074003537265938,Kalkaji,3.165058974887671
28.56244468688965,77.28736114501953,DELHI,13.692935032259255,5.002674258347737,20.57511521911051,19.724251417872978,30.65282608716382,3.886095228119441,18.311797689223543,11.819917881894929,5.292168149231004,3.780837964327628,18.26459070902916,23.79807873894076,8.946178965075795,8.645188748343196,3.8090191290749233,7.573563776716784,21.25699677829781,10.322417111456662,18.42645845661518,3.1648681695843326,8.82379765629841,13.697246078233018,4.361850678588271,12.372060616037174,14.07751644229816,Kalkaji,3.1648681695843326
28.56243133544922,77.28741455078125,DELHI,13.697441523845564,5.007167408618794,20.580531164808875,19.729310460023143,30.65766363007623,3.8813870564066484,18.31695475215391,11.823684965177211,5.292935759282639,3.7813686108940514,18.268487587672414,23.80345062040217,8.950080058885387,8.650082608317497,3.813278500791926,7.578870863850869,21.261752826694345,10.32700678753304,18.431741579236824,3.1687667265622483,8.824826104661076,13.70190907887502,4.3672184868360935,12.373478807552202,14.081109861766256,Kalkaji,3.1687667265622483
28.56244630191826,77.28725664317608,DELHI,13.68327964222648,4.993034929231616,20.565395672212524,19.71599340561118,30.64521145460104,3.8959626621959558,18.30160553662918,11.81495538149409,5.293381500313017,3.77728283783107,18.259327575777228,23.787947715418557,8.937263849913975,8.635157203422956,3.79965216394243,7.563370463150307,21.249605714565163,10.315467670825077,18.417439684988796,3.155960861623322,8.824509423664196,13.690104199602274,4.351713134528744,12.372017145208572,14.07294690326055,Kalkaji,3.155960861623322
28.568917,77.186861,Delhi,5.890305773876616,5.553158145552301,11.324597146167996,12.629451561069429,23.76015208783571,13.589264899704474,8.600070456926387,10.591300398236852,11.459764775813964,9.43825392714458,15.101589115176758,13.993903092194676,5.301935403968399,2.526173318059021,6.657115734924369,2.2677344528801955,15.16687684253162,7.544042115124373,10.339967082483323,7.366729473772979,13.304029415056638,9.235708391434835,5.493780854207549,15.334441434998405,12.539126825538304,AIIMS,2.2677344528801955
28.568917,77.186861,DELHI,5.890305773876616,5.553158145552301,11.324597146167996,12.629451561069429,23.76015208783571,13.589264899704474,8.600070456926387,10.591300398236852,11.459764775813964,9.43825392714458,15.101589115176758,13.993903092194676,5.301935403968399,2.526173318059021,6.657115734924369,2.2677344528801955,15.16687684253162,7.544042115124373,10.339967082483323,7.366729473772979,13.304029415056638,9.235708391434835,5.493780854207549,15.334441434998405,12.539126825538304,AIIMS,2.2677344528801955
28.63279918015473,77.28075228631498,G57 Vikas Marg Laxmi Nagar Delhi 110092,17.268678424539626,10.24360554062494,18.871450507918837,15.640308659708436,25.427920224903836,8.187795548462946,19.595225771097617,5.568738431784375,2.9168326382107206,11.365739907424237,11.663671171233972,23.358097056532614,14.051546089751266,12.165820475455506,9.709172575305143,10.04580738149148,16.136915476654746,6.253003581534757,15.520762364844257,9.561369521641858,1.710002237966499,9.022056347410947,8.118549852873892,4.618621616036064,7.3017695355239765,Preet Vihar,1.710002237966499
28.74950534494273,77.14600112289189,"plot no-57, kh. no-13/13, 13/1, 13/2 Railway road, samepur Delhi-42",25.031628123257573,24.12217137720382,15.282741510583202,9.15306376053116,8.725300124681263,26.520003373472157,21.958258389356367,13.237834582818294,21.27060068819936,27.303854533389266,6.8172091756844715,20.038162329964873,25.70891940513453,22.868357924145357,24.508633359645152,21.21144366947766,6.034777759942284,14.823413849589478,12.124683330994772,24.864240816493652,18.868231972449447,11.703387718312161,22.325776195315427,16.295224742125722,11.183571873036035,Pitampura,6.034777759942284
28.52893411492852,77.29266726747801,77.29266726747801,13.55610239684807,5.698808610151373,22.518269637010686,22.538672391846973,33.64770243470377,5.6807905216628685,19.062489632734888,15.405775174170254,8.971833506749874,1.9130866427443693,21.795762426145796,25.093507143325102,8.422806685433212,9.32428355704553,4.637646072797328,9.12706708819301,24.350493536772415,13.604939795030031,20.900474456009082,3.990378893627453,12.51919808048592,16.902165853008356,6.4823664244572266,16.10121286951977,17.698745355992635,Okhla,1.9130866427443693
28.5413247,77.2755771,"Sanjay Colony II, Sanjay Colony, Okhla Phase II, Okhla Industrial Estate, New Delhi, Delhi 110020",12.023248802100717,3.6870123820729583,20.407336493003697,20.38067521265233,31.501790882392186,5.9156367672560615,17.229040821332042,13.516763916678894,7.8181485422969015,1.1931085995703916,19.84039104330424,23.120044670272854,6.993224193671408,7.426930372954325,2.5356508741902717,7.021466248673703,22.225393394552203,11.55809632631193,18.73786707076494,1.8476758608753292,11.302548763207092,14.81625420438174,4.320073264207576,14.777671099214583,15.831497177535095,Okhla,1.1931085995703916
28.6544140864978,77.27352574467659,"2/115 Geeta colony, Near Ramlila ground",18.570752008600603,12.268725321835388,18.482364076964778,14.496089985609458,23.655832249020662,10.615120304342327,20.155127893752724,4.222460092516142,5.394619826669,13.745296074106715,9.58825242386316,23.263643914065298,15.854953065013257,13.70169755635624,11.87691626570009,11.510932491175005,14.56345705725903,6.102803169300262,14.835724485752527,11.809341971511484,2.556442810523651,8.067285593356187,10.089235986738501,2.6226550266651083,5.338650261452185,Preet Vihar,2.556442810523651
28.49802589416504,77.1593017578125,Lohia auto new Delhi,2.9890190990728263,9.568045213681247,15.443204144776075,19.300134515247596,29.69795212389481,18.184198356893457,8.683779080696183,18.90523644540023,18.13296125311409,11.710128495402095,23.212762132886702,15.228407590643819,5.479421126811163,6.9656711304692465,10.649793394623874,9.148397228006203,22.238401490958143,15.864933043169415,16.47044586364612,11.252594768444176,20.75189983320819,17.3860173864362,11.271041790409285,23.279842943778295,20.866970215961956,Vasant Kunj,2.9890190990728263
28.52893411492852,77.29266726747801,"Pocket E Sarita Vihar, Sarita Vihar, New Delhi, Delhi 110076",13.55610239684807,5.698808610151373,22.518269637010686,22.538672391846973,33.64770243470377,5.6807905216628685,19.062489632734888,15.405775174170254,8.971833506749874,1.9130866427443693,21.795762426145796,25.093507143325102,8.422806685433212,9.32428355704553,4.637646072797328,9.12706708819301,24.350493536772415,13.604939795030031,20.900474456009082,3.990378893627453,12.51919808048592,16.902165853008356,6.4823664244572266,16.10121286951977,17.698745355992635,Okhla,1.9130866427443693
28.6086865,77.0494577,"Matiala, Delhi, 110078",13.851448741188639,19.65731604172095,4.020775226082565,10.038926962403494,15.661702280999966,27.327366770012866,7.643108967492229,18.423465244912464,23.940459831425827,23.50344344637602,17.651000032614462,1.8749720227503803,17.976026917950957,16.119402911971644,20.782518398537977,16.339808274525392,12.678650180343052,16.520207489672373,8.025388172438424,21.492033849801008,24.26134485726585,14.617019582148131,19.44842099306349,24.46895911445189,18.721373139666493,Dwarka,1.8749720227503803
28.6807207,77.1553153,"473, Britannia Rd, Tri Nagar, Delhi, 110034",17.371423857710447,16.814729138505104,9.283436070837197,3.1471858994631288,12.295623606649551,20.662228132043424,14.861575264041237,7.807355476057965,15.733786189174495,20.256846041061337,4.582096311023682,14.523103683990788,18.07806663436186,15.242533130845423,17.34961980048498,13.705004167099585,2.8638619936613856,8.113583894174939,5.344618005733243,17.792279684668884,14.328435972669524,4.724816281998918,15.210253578441865,13.065012580483245,6.813451365406585,Pitampura,2.8638619936613856
28.66985066195313,77.2018376737833,"7882, Dina nath road, kharian mohalla new delhi",16.823525492037923,13.975897926614067,12.339706186230666,7.409149829577458,16.7077022553328,16.37631157020083,16.078703875656547,3.1647861533523347,11.269980256044121,16.958847113957265,3.9466197855178393,17.494960013782663,16.168942426763323,13.394576651000428,14.237261549837198,11.442005128223839,7.41578011556074,4.50426196000453,8.353677539040355,14.543015817408126,9.639903480514606,2.263407385291062,12.051564715173452,8.514365115573103,2.3810644505559373,Karol Bagh,2.263407385291062
28.71969032287598,77.16101837158203,Shop No.1 Ad Market Near Kalyani Mandir Shalimar Bagh,21.714981749395083,20.500021086311698,13.010218743030377,6.586237328116322,10.712838247284706,23.09324976552752,19.12975636678765,9.773064859527278,17.88776006346771,23.6863088257672,3.593297943773581,18.089685293839118,22.155481688617336,19.315746308866412,20.885032686581937,17.617010444170766,3.806761138876513,11.210346090571203,9.385344632530863,21.243959530974028,15.714096563452765,8.081895890656476,18.702668956802327,13.48987190796841,7.867762639189458,Model Town,3.593297943773581
28.7043342590332,77.0538101196289,"Nithari Chowk, Fauji Vatika, ShivRam Pan Bhandar
Kirari Suleman Nagar, Delhi-110086",22.260121122856344,25.02585368916751,9.747751650011887,8.049871881951368,5.017941348879051,30.431879579616243,17.077539102614054,18.029794706105267,25.757192733121546,28.825953629978276,13.633743832973627,12.503129696741137,24.946052422869048,22.37561492537246,25.852342691189186,21.560974426704412,7.693876692736339,17.836831736998278,9.573961854674788,26.43171179204524,24.564439551478493,14.589410842590402,23.918584489919603,23.19297278403991,16.980772683647114,Rohini,5.017941348879051
28.63866233825684,77.28507232666016,scope minar PNB Bank,18.026240932149722,11.01061805559083,19.34360915003611,15.896066873937027,25.469259426493,8.538451559130708,20.262031140264437,5.6894969705789595,3.3654403516910576,12.049636087844602,11.549751095404199,23.903998345062583,14.827561878785264,12.936032737591963,10.458873072482925,10.809979136312327,16.246786092180393,6.720132006779987,15.910114903255172,10.294673338027819,1.037504740186948,9.306958491810068,8.89112173642819,3.9148142623904314,7.221664975923418,Preet Vihar,1.037504740186948
28.72094037964922,77.08018071949482,Pocket 3 Sector 23 Rohini Delhi,23.000853382833437,24.646090773622415,11.037846394836677,7.287966584813466,3.9173344471266285,29.22584172773744,18.42012491658359,16.31719224590648,24.317422424310035,28.318369247388112,11.20915108071457,14.709487105756919,25.087490991978257,22.378661470043554,25.352188112378176,21.277615151120536,5.750042378320171,16.621882495315635,9.633196504428293,25.873093602387026,22.75960400179191,13.250744739309702,23.30478650180415,21.034009220622064,14.960770380424732,Rohini,3.9173344471266285
28.67612072602158,77.29546956717968,"557 A, G. T. Road ,Shahdara,Delhi-110032",21.79429921680151,15.244779104317058,21.142598454628676,16.561567454815016,24.688274161052835,12.084311847250522,23.278003430985517,6.73311045494602,7.3971484893855965,16.304520971680105,10.429091635772723,26.07810223350102,18.960888050129885,16.888318600932372,14.7356036511675,14.706564074053304,16.088415584220527,9.148432620560595,17.324206793862967,14.581367204714136,3.849738943488533,10.55209855715958,13.094728026525644,0.686156555931237,6.874951527335442,Shahdara,0.686156555931237
28.72184686189823,77.0788211748004,Pocket 3 Sector 23 Rohini Delhi,23.138328323485105,24.80783280478939,11.148052995577206,7.448945252465756,3.75807423466921,29.392229378003353,18.534692188726773,16.48064763254371,24.482836710555215,28.48186571628045,11.356542120482786,14.77835934078657,25.24058016879877,22.53401930935486,25.515402017011912,21.437608401679864,5.914510820244175,16.788416790000404,9.781057030304408,26.036940586188987,22.92090722242888,13.417198736118301,23.468964199171314,21.187597385482416,15.11921364052267,Rohini,3.75807423466921
28.76056289672852,77.12641143798828,"plot no-1,khasra no-768/1, siraspur",26.386706910258418,26.01164583308497,15.871930872420329,10.170332388920523,6.927284672792027,28.713043764343507,22.869775715627892,15.405264505385741,23.47919109538442,29.29010281717599,9.035516956300887,20.308478873891275,27.390633867426942,24.556492183398856,26.45417810882745,22.99575645346218,7.134710678406048,16.837772370670663,13.134728091493397,26.83815433899341,21.12556950485953,13.621692853789963,24.280088061495253,18.565632614898124,13.401322009979715,Rohini,6.927284672792027
28.49223709106445,77.18046569824219,"Birla Farm, Opp JVTS Garden Gate, Chattarpur Extension, New Delhi 110074",4.422382681424604,8.448165223060228,17.023046821921547,20.375232320166305,31.049901454851714,16.686745209841785,10.601207846211691,18.870128151528718,17.169691427533124,10.024409267334065,23.648468111283755,17.19957807105894,4.403525696116634,6.639384044065717,9.396583151797174,8.820731925954012,23.20756933753295,15.884522914937726,17.653932769718814,9.92026402259943,20.02536754105594,17.782921592083756,10.385142287716157,22.79147226141699,20.95632671407611,Saket,4.403525696116634
28.61999685674934,77.04063691198826,"Garud Automobiles  pillar no 748, near Nawada metro station",15.339769325920946,20.913815864150923,4.608345978358482,9.951986243676338,14.471940117308865,28.392411873231264,9.160683943680683,18.94226919112488,24.826914166684034,24.781171995405472,17.64201396087271,3.1458613359970737,19.375714394213873,17.437144855711637,22.016467803567803,17.54670843007929,12.343914130044295,17.23187859313283,8.335108620807667,22.717605295108864,24.959804205850986,15.08772413143363,20.604681565123226,24.961000649302946,19.05977910029456,Dwarka,3.1458613359970737
28.62021140902996,77.04068686813116,"Garud Automobiles  pillar no 748, near nawada metro station",15.352769229673035,20.91838235174009,4.602435325016364,9.934829450371941,14.447698714729729,28.392205117787395,9.176088037830533,18.93242975848384,24.82314034156511,24.786240146031183,17.62516484317751,3.168586196901403,19.384708059046634,17.443531181083422,22.020410410384894,17.55009488315902,12.323924922336284,17.225243715654074,8.323315353307745,22.721314336646113,24.952651159993277,15.077377590091068,20.60673047039455,24.950545512945514,19.04729366568143,Dwarka,3.168586196901403
28.6753179787367,77.20184236764908,"shop no.2, harphool singh building ,clock tower, subzi mandi, delhi",17.408476049073528,14.56404386593421,12.614458564166835,7.441135660370763,16.394034866421652,16.79065158948125,16.560910196496764,3.496866178302332,11.64110394903514,17.514642763511354,3.3538060754011543,17.803283884772164,16.77662499810798,14.002473409263427,14.810415282857926,12.048510120959826,7.193796343733323,5.083454123897195,8.59390912014889,15.106326683143065,9.854828343661431,2.8143267725363676,12.62600310481584,8.504822946274382,2.263673001979862,Civil Lines,2.263673001979862
28.67258229686532,77.20176391303539,2466 roshnara road subzi mandi delhi,17.11355795494294,14.271421006748803,12.467408856108774,7.411508756598906,16.542579693768907,16.58726627384845,16.314054138040863,3.3271683125381255,11.458752100884658,17.239103562595464,3.648182728255027,17.640662043758923,16.472767735855996,13.698209480212057,14.525744166002763,11.745520738875182,7.292478430762558,4.795005761177428,8.462280837973285,14.826810222609604,9.75008163730478,2.532290352658214,12.340596802357998,8.511592214566882,2.3104659555908835,Civil Lines,2.3104659555908835
28.67339183081345,77.20184672623873,2466 roshnara road subzi mandi delhi 110007,17.202374168624996,14.35650352827118,12.51550352041976,7.424790503611426,16.503169334793792,16.642894719065847,16.39042970193362,3.370625679334581,11.507595802180605,17.31819886671103,3.5622064280923778,17.693394937452798,16.562518474198153,13.788316852306604,14.60797711342562,11.834780801211458,7.267522780820833,4.878431104258862,8.505628976525854,14.907252080267924,9.77478937591735,2.6175971993122786,12.423073192674432,8.502641811131534,2.2867715887308018,Civil Lines,2.2867715887308018
28.5733477,77.2372255,"E -12, ground floor, Lajpat Nagar 1, New Delhi 110024",9.77667925541556,2.777792898760003,15.555258181297388,15.213041157851528,26.34694549825318,8.673739923354557,13.536400256736286,9.23752502909629,6.909329703124268,5.893150953808306,15.20289379911462,18.787954453934013,6.200850216919315,4.49857808515996,2.9967068204397243,2.745177065299339,17.113999511351246,6.7696004913811185,13.617318146052025,3.4306410408765795,9.458266082639964,9.835792333600038,0.8505751680611565,12.249628171883062,11.542974257761145,Lajpat Nagar,0.8505751680611565
28.68447640400595,77.27970018982887,"B 60, DDA Colony, New jafrabad,Delhi",21.610556681167058,15.651332282032904,19.97621460223843,15.10120761107058,22.932086405857042,13.423725384807796,22.607795476936996,5.754496638729072,8.453563321657523,17.099814124175964,8.69114420298011,25.0135391040457,19.166618213254683,16.910527183106584,15.273497409434686,14.708365109884094,14.450630944876131,8.51397307595542,16.06957083571468,15.201802981873849,5.012341548599147,9.390460530868886,13.467367945955129,1.5029790725670455,5.407527198833049,Shahdara,1.5029790725670455
28.68446905076118,77.27958653122187,"B60, DDA Colony, New Jafrabad Delhi",21.60358510251405,15.647708499239473,19.965534652943333,15.090098807126875,22.92182467372973,13.426694205575139,22.59867369987002,5.7447653701906205,8.45468571995133,17.098588887122137,8.680643318936681,25.00309063195542,19.161730821833885,16.904706196228314,15.270683493259654,14.702512356445295,14.439669588819482,8.50540338460509,16.058722677835817,15.199507757466558,5.014919564380601,9.379915331080394,13.463641117830301,1.5090489194924206,5.396453775330873,Shahdara,1.5090489194924206
28.68045351372994,77.27150537073612,"h. no. 830, st. no. 30, indra chowk, jafrabad",20.79213142906339,15.028803394325834,19.071689217420374,14.260913849574575,22.325014266214197,13.302535434698896,21.705801838895272,4.840939004004399,8.197243823489163,16.641533784428958,8.05937666355586,24.10115937425073,18.46261894269999,16.15363338190455,14.705351586775008,13.9509118492208,13.706624235617552,7.630708804847719,15.176090283344886,14.669484212963106,4.909804951270259,8.481048793027657,12.840508123463716,1.8646058142586472,4.5569847705446715,Shahdara,1.8646058142586472
28.70416918774328,77.30096373707056,C-147 20 futa road meet Nagar Delhi 110093,24.59535645186995,18.355910595607476,22.721022368961457,17.516451204239655,24.362265749343695,15.029909160976597,25.601165658770697,8.716092245897435,10.533360173820935,19.46732942438807,10.4713070287224,27.826306854162894,21.999520704844212,19.826330545277496,17.879173029689028,17.62871866679323,16.481678820499575,11.527376323622725,18.748789778347838,17.73801016275299,6.991145993778965,12.209351013155196,16.191391823458083,3.58337203572305,8.018847219696692,Shahdara,3.58337203572305
28.74341076516099,77.13558241724968,A 59 Gali No 6 Suraj Park Delhi 110042,24.408041915138188,23.905277913768938,14.292798991445054,8.31676389660298,7.738527499068751,26.713252646988103,21.104471392088257,13.393437087858166,21.502251576001687,27.189805662278545,7.115492532550959,18.959654202627608,25.30929440131843,22.472940403842607,24.349709648059626,20.895980418529472,5.215559731877006,14.746574329396315,11.297566936278532,24.736504143791795,19.256586882744756,11.517492369445739,22.176608819574664,16.850934282070757,11.455843167777441,Pitampura,5.215559731877006
28.73840796441077,77.04190291464329,baldev vihar delhi,26.180953443736776,28.551941787596952,13.706984781132102,11.247524628582259,1.875947539913495,33.4036935463806,21.038843024504974,20.52373195239991,28.51981421372283,32.28737949300295,15.262814402572587,16.27361361516347,28.707585177535126,26.077400221492923,29.313192014580462,25.12906189414149,9.957404113854984,20.785978923942455,13.225932286031474,29.859399848739674,26.955059444690185,17.428065138957322,27.308263328570355,25.150217747354176,19.133868033542463,Rohini,1.875947539913495
28.61441893223156,77.32622478157282,kondli sabzi Mandi chowk near agrawal sweets shop name  Ali store Delhi 110096,19.566288415665174,11.266291712209533,23.287591160360904,20.47309682386281,30.291806784240865,4.850253621300893,23.01787539773942,10.451111361169355,3.123629425901981,10.642585513703866,16.37099801504857,27.469059723767984,15.376617665644792,14.280654149660702,10.285567646646335,12.503521214954736,21.022109895192578,10.857680985802933,20.165946094998844,9.811171581089171,4.270471396592928,13.849197714527614,9.636153417567641,7.526433909592068,12.05742824056716,Mayur Vihar,3.123629425901981
28.63543891906738,77.01615905761719,124 A Basement K.H.No.-45/22 Baporla Vihar village Bazorla Near Kalawati school NEW DELHI 110043,18.257428267255715,23.785777633610504,7.152430202785197,11.343670324488485,13.268774581976666,31.090232874808493,12.026441024176663,21.023994476126507,27.338746906902166,27.664078138476338,18.942812266464834,5.631025169502221,22.315362555953513,20.348285663573748,24.871477123114644,20.388468926867738,13.207205047476302,19.576920193142545,10.368655371228455,25.565675421434708,27.240354358617445,17.15033729572873,23.40066262487811,26.960656009332297,20.885356541720398,Dwarka,5.631025169502221
28.68467552967816,77.27531041949987,Apex Graphics 12A/52A Road no 66 near crispers food maujpur delhi 110053,21.388554935082087,15.568833339032192,19.58312967575464,14.67837613818545,22.519066411442665,13.594573452680075,22.291172817826688,5.413792002876575,8.559757753123558,17.111418501383294,8.272172761028903,24.632776379524554,19.031937981858995,16.737872680183035,15.223443149580918,14.535058921858422,14.022239506456527,8.225968005194085,15.666828432647815,15.17226638313352,5.178277755058101,9.005772044836691,13.381626852067395,1.8091177362185928,4.989364101137978,Shahdara,1.8091177362185928
28.68466670580114,77.27529600262642,12A/52A Road no.66 near crispers food maujur delhi 110053,21.386958902480007,15.567555425833607,19.58146630296703,14.676864376729375,22.51804871190418,13.594171818802193,22.28946432891166,5.412077416858286,8.559111997028408,17.110420514540497,8.27108113507615,24.631088990129022,19.030523857636496,16.736373846719676,15.222257092076738,14.533560171742685,14.020932952608947,8.224284952967414,15.665193210172312,15.171141346757054,5.1778955366362265,9.004089063017227,13.380342637772761,1.8094948576619263,4.987804336080211,Shahdara,1.8094948576619263
28.68468258877923,77.2753006964922,12A/52A Road no.66 near crispers food maujur delhi 110053,21.388682824426315,15.56937948076061,19.58252248549317,14.677526384014076,22.51791642773744,13.595649873003849,22.290946922559304,5.413481661643203,8.560733021105294,17.112191979719775,8.271048563639308,24.632241685939878,19.032337970049486,16.73816174537304,15.22407263980658,14.535348108730338,14.021220670858604,8.225872624138793,15.666157792612381,15.172946095987221,5.179361013375686,9.005222041725562,13.382166886434634,1.8103473999070516,4.988572282626688,Shahdara,1.8103473999070516
28.53049087524414,77.2098388671875,H-6/9 malviya nagar new delhi-110017,5.495675101801716,3.451650106206717,15.66291218065306,17.45573995181451,28.57348751320208,12.199070747037597,11.103362065565095,14.120244785481999,12.085335192089284,6.189946556112758,19.42483201998603,17.405854404814907,0.7374847565752602,2.3077985954837015,4.563310762774927,4.081898776248139,19.964858332664353,11.251665375055277,15.116656396951143,5.20671471220812,14.894046862213838,13.626126021357482,5.260522329180046,17.700332924399483,16.313873267324094,Saket,0.7374847565752602
28.68622352032865,77.27716214954853,"WS-94, Gali No. 3, BudhBazaar Road, Sudamapuri, Babarpur, Shahdara, Delhi 110032",21.632003038148373,15.778438190115873,19.813410746592318,14.878714846136903,22.636087111312413,13.691063109001943,22.54014104095074,5.661075847262794,8.690325557212418,17.286634539785098,8.402762640521361,24.86886552734653,19.257021087671735,16.972037627504932,15.42209367681882,14.769248721823152,14.186924160851586,8.475281180170409,15.891014222832245,15.3634674271363,5.27525468221901,9.240964691000322,13.592065618777283,1.809088603585742,5.1997968638273955,Shahdara,1.809088603585742
28.68600145581378,77.27704782038927,"WS-94, Gali No 3, BudhBazaar Road, Sudamapuri, Babarpur, Shahdara, Delhi 110032",21.605280090787833,15.751801271296253,19.794120742652506,14.864526642510173,22.6331892825668,13.671815467190063,22.515758399988787,5.637525815814356,8.668328479916832,17.26170182321223,8.398001265171247,24.84838041435072,19.229972716643037,16.944960313296033,15.395909567445107,14.742172056632723,14.177855300669975,8.449797135583847,15.872867683141603,15.337644073234234,5.255732435538023,9.220633428299926,13.565395519752505,1.7973667373053657,5.183852451212857,Shahdara,1.7973667373053657
28.686028515356,77.27698277682066,"WS-94, Gali No 3, BudhBazaar Road, Sudamapuri, Babarpur, Shahdara, Delhi 1110032",21.60425096971284,15.753216613456246,19.78928166534249,14.85861124454434,22.626222104645677,13.676853792079044,22.512813610954414,5.634163648803476,8.672540421960367,17.264573016711097,8.39111051453985,24.84388264559055,19.23051269314231,16.944844287608323,15.397843101315164,14.742051492658913,14.171281047998141,8.447534648528743,15.867739204949926,15.339896699541029,5.2607061231550265,9.21608696001336,13.566764301872672,1.8037749937858252,5.1782455723064755,Shahdara,1.8037749937858252
28.60337287284448,76.98919884860516,"169, Dharampura, Najafgarh, New Delhi  - 110043",18.32903729097054,25.118811379981885,9.843005490526314,15.211864578810916,17.514658499631473,33.08385710393885,12.023772836140715,24.25345696526639,29.831425922688,28.885056589970333,22.901823052898546,5.685362906395466,22.971640213040263,21.450971133172736,26.288185572118095,21.9312227239863,17.38333927705285,22.42578695629451,13.682110746263785,27.011700305833255,30.167050933647488,20.412463679612273,25.106408809499705,30.285045308364243,24.40993969065256,Dwarka,5.685362906395466
28.62709999084473,77.03813934326172,k 27 Gali no. 10 pipal wala road Mohan Garden Uttam Nagar New Delhi 110059,16.067272332114186,21.448858728792455,4.881468455030812,9.754545199290847,13.71656944736995,28.79214205375601,9.931353911700144,19.02979304998098,25.11841983496443,25.327829843867505,17.444812269975895,3.96674816652805,20.019064479855103,18.019847482182232,22.53467657461593,18.052402544162845,11.997863495843875,17.434388377299232,8.37114835475642,23.22932970065661,25.138970689600324,15.1608970854045,21.072145176822385,25.02149078565159,19.046332920806183,Dwarka,3.96674816652805
28.64419555664062,77.27931213378906,"4 west laxmi market,  khureji,  delhi -51",18.079161544828157,11.365994014585974,18.854618241279343,15.223119875657954,24.680917860927707,9.347613269359618,20.054664123913025,4.965415668861466,4.129640731344614,12.62312547177582,10.725443169306107,23.498866322210787,15.08476488817765,13.073450987104026,10.889786269326859,10.91253923637321,15.490319873989527,6.271396611196603,15.343010636615364,10.773032483120561,1.5791620519052294,8.669913917801443,9.211270417041549,3.4142080843062548,6.408247439820563,Preet Vihar,1.5791620519052294
28.6730044201805,77.07943204790354,"w_49 pvc market , pashim vihar",18.04646086489934,20.82522826457088,5.740922245790328,4.554208748263953,8.784259403888198,26.615062828476848,13.142320419379955,14.837885219393574,22.159231096390666,24.65508184742147,11.677501254325245,9.569598445461445,20.659483707194614,18.101177447751944,21.688177111894273,17.34464478662034,5.777530209912499,14.16719926092541,5.370102214555186,22.28687616255822,21.342800966144946,11.126132516324652,19.807068570755675,20.445389368189097,14.206897308725585,Punjabi Bagh,4.554208748263953
28.66626201029665,77.29366343468428,555/1 karkari road viswash nagar,20.84243734533156,14.161476576831035,20.68619069693829,16.370763948936315,24.908817958221142,11.074231489240283,22.520399161411877,6.282814643183331,6.301340135852831,15.19459928169487,10.651268608349929,25.539933183166895,17.908971320533038,15.883316764584663,13.636662109830114,13.71228145545516,16.108197121310116,8.446571239085998,16.947821626319485,13.475790171764062,2.7574891267291597,10.15324533052832,12.019674964329083,0.9439499035876542,6.796775565538754,Shahdara,0.9439499035876542
28.65641975402832,77.13890838623047,wz-1 basai road  pankha market opp metro piller no. 322 basai road,14.742627663931495,15.465434707745558,6.293706181857183,1.897088426585737,13.095552004393477,20.595435680408883,11.77345069177446,8.917560215222387,16.071320619084002,19.157749090427945,7.560893070824566,11.549264265681064,16.088961573293858,13.315314052899243,16.186412527910875,12.10707871255486,4.515516208639424,8.081308751913058,2.255195297628755,16.72317029931968,15.341171680790795,5.098013060159655,14.169209296558957,14.769472946165548,8.69413129234259,Punjabi Bagh,1.897088426585737
28.70132515507056,77.32207875698805,C-1/207 harsh vihar near lal mandir 110093,25.608347655333638,18.851574563556817,24.505352356519165,19.46942381047168,26.442705560729657,14.51877940655919,27.022466845002132,10.263540677203759,10.54343876381433,19.552588657129377,12.5360078222466,29.551903277678736,22.664187590089206,20.667035744843858,18.25124393659812,18.495306315742972,18.527306468940246,12.883654870912723,20.57730413427831,18.028715415354124,7.150455154710979,13.927465246753714,16.738745118877944,4.455039320344096,9.86053212405982,Shahdara,4.455039320344096
28.70135809229918,77.32221487909555,C1/207 Harsh vihar Delhi 93,25.619672466606698,18.860616001085205,24.519057871252862,19.48314654856459,26.45496117397286,14.522096586633015,27.035308195230442,10.276914627732815,10.550353775742892,19.55938619004706,12.54917069554706,29.56551433088296,22.673974945078726,20.67768383161751,18.25966561863105,18.506117413193024,18.540679056471006,12.896459988476082,20.59105674936586,18.036710919576183,7.158741039050987,13.941110648842605,16.74811612540646,4.467186059484468,9.87430325910552,Shahdara,4.467186059484468
28.7012257551571,77.32190206646919,C1/207 Harsh vihar Delhi 93,25.588816644183037,18.834164624371788,24.485298270897726,19.450458666216036,26.428082474851482,14.508195592764348,27.002042227208687,10.243104371779776,10.528387695777457,19.53766698892605,12.519114543806623,29.5316539210984,22.646025047352452,20.648071251701,18.234490931773156,18.476199811344753,18.509778217605433,12.863241150060201,20.557456208919234,18.01242874523772,7.133861212415063,13.907271324707322,16.72099807170545,4.43493789882173,9.840904722712299,Shahdara,4.43493789882173
28.50778770446777,77.23187255859375,A-7 Jawahar Park,7.832194804014054,4.564873716927101,18.94653507415005,20.70746364687472,31.85527090906794,11.560091809563714,13.962170902594764,16.503408662916662,12.876984892386147,4.78031126301665,22.201169938524167,20.43260612432495,3.090402980429738,5.571757395442257,5.001198924117116,6.943268539621258,23.140273748133556,13.835745750623415,18.419663612914135,5.283983288080492,16.102880891422394,16.51644108406284,6.751618730362959,19.273338812661784,18.783059881335657,Saket,3.090402980429738
28.60541915893555,77.09593200683594,RZ-49/256 GALI NO.3 DAYAL PARK NEAR MCD SCHOOL,10.635769312468227,15.315126721240361,1.997121218831213,7.661199231280284,16.465600456738226,22.790891218253538,5.487316742892011,14.278100202123799,19.40935221555454,19.197145931945006,14.575588630606031,5.094794361697241,14.063042806262004,11.927569909677645,16.40038490818054,11.920847719625673,10.738757195150065,12.13966234262692,4.850190923039322,17.096430592652613,19.859120485871525,10.612532299991319,14.969035358862072,20.3138241087253,14.876031963734622,Janakpuri,1.997121218831213
28.78146171569824,77.1375503540039,shop No 18  Main Chowk Budhpur Delhi 110036,28.617888615174518,27.7307731693765,18.39400095654659,12.545593840556208,8.66738900170588,29.777441906910415,25.31445727525075,16.607454646691657,24.49793382024478,30.85542843342325,10.144248317513124,22.871597746345127,29.356497384057807,26.51592376014613,28.089487250229535,24.851138386870563,9.450600008369557,18.375060583495966,15.525129010621121,28.427007061462074,21.876571444222158,15.317217631544365,25.90381879352545,19.01747282273211,14.445303642213185,Rohini,8.66738900170588
28.67576789855957,77.19913482666016,sing Shbha rod Saktinagar 5/4  car max Amba chimera,17.38781446561178,14.67983628395365,12.406056279165046,7.1831485867417015,16.140825793140344,17.016629400378356,16.444036204094086,3.738974129540425,11.878849661726552,17.667071351544603,3.251123801198319,17.60443289107342,16.83600462488888,14.051785068489195,14.945687704919855,12.118692313489417,6.928025198544801,5.2122313399478415,8.377436577922694,15.25181002287492,10.118240453903548,2.7729403534922157,12.759861483585555,8.770058004572942,2.5250087604437237,Civil Lines,2.5250087604437237
28.75060117339789,77.17734541743994,D 70 Guru Nanak Dev Colony Bhalswa dairy near shiv chowk Delhi 110042,25.244324699740353,23.26722022244343,16.766054013881867,10.358651292054708,11.781682300666565,24.700099661287805,22.896061236668604,11.698711170147714,19.413436762735383,26.16975270622847,5.355027038196165,21.79052137452845,25.30289063555763,22.482464051784508,23.507645463764426,20.640679538471492,7.445503124355538,13.788576045009787,13.17283290543363,23.78445532077764,16.71271210638614,11.054405942344134,21.325666301282585,13.845126565293562,9.45023553263848,Model Town,5.355027038196165
28.62421989440918,77.03128814697266,19/5 laxmi vihar jain road,16.326122090572575,21.936471385231552,5.521914507666555,10.495009116668072,14.134984291256925,29.379334046799162,10.110077968999784,19.744403922905192,25.763371332612305,25.805361226769193,18.18446655900125,3.8495039524401236,20.396683620708416,18.463344383215066,23.036604932232905,18.564142573106185,12.716932295834894,18.114543916118173,9.092997489819844,23.736627467893,25.828493803474252,15.87799286679193,21.61331431085458,25.74279204871277,19.779463275582565,Dwarka,3.8495039524401236
28.61928697694282,77.02931731939316,"Dwarka More,opp metro pillar no -792 near Tarak Hospital, New Delhi-110059",16.103887222226263,21.911448721537866,5.715773935352929,10.932207291569272,14.70889322320765,29.463171696201893,9.840646098695327,20.039193948236125,25.927399240349132,25.76776119932899,18.625792404416064,3.4338287433858716,20.268245687493092,18.39735688702533,23.025763727587705,18.567142952080985,13.216614642560444,18.339581363486886,9.416139408434839,23.731049245664718,26.06716314406459,16.181122713447106,21.646181413344898,26.053174890142845,20.13062673196633,Dwarka,3.4338287433858716
28.53733062744141,77.20365142822266,"D-272, Parking, Sarvodaya Enclave, New Delhi - 110017",5.055984194828778,3.6380951198515503,14.710566368378016,16.501458527044633,27.60934881367074,12.515890788830035,10.339454528267282,13.471291891916328,11.984494835132859,6.8327890258765365,18.625363351464696,16.556967950464532,1.4554887905101752,1.3861629925579841,4.843929211000463,3.3787094173015446,19.03379908118972,10.548384237055856,14.147668992466661,5.540986280704043,14.630984649417307,12.80021881504621,5.123393027630965,17.30187495514309,15.625651731660371,Hauz Khas,1.3861629925579841
28.64422988891602,77.10652160644531,"D-39, Gali No.-5, New Shyam Nagar, Tilak Nagar, West Delhi, Delhi-110018",14.097403012284394,16.735481199666214,3.082802069097709,3.350055722907924,12.671341091824008,22.92861212618013,9.809161569069438,12.151481549321096,18.76594618493851,20.589697154931045,10.82731345470928,8.276431160928372,16.514662600271976,13.951936420590169,17.63461235324812,13.244262276244228,6.339312843896734,10.845305636827513,1.5323686096197588,18.2525666708042,18.41513458350919,8.277913351520484,15.817232798687458,18.10389938298538,12.107463973799268,Rajouri Garden,1.5323686096197588
28.64670753479004,77.28715515136719,67 Radhey Shyam Park Parwana Road Delhi,18.806702898641273,11.911018909559102,19.65071035157283,15.930010074770495,25.229224226471526,9.253207686821904,20.85952704441051,5.647408038341531,4.191364824265178,12.960153701614962,11.16873480380833,24.309521545179187,15.701031724525173,13.758980138736394,11.37225494550259,11.61423955746054,16.103331467349385,7.080667814028526,16.11382877796827,11.211716325274217,0.9755153375716796,9.410442499619021,9.781426571804127,3.00681803305778,6.9156402111408,Preet Vihar,0.9755153375716796
28.66684913635254,77.1951675415039,M-358 chander shekhar azad colony kishan Ganj,16.330821712033387,13.839552680694078,11.608643017502239,6.762653836467164,16.344751106646285,16.64789439750922,15.416932526171072,3.6266366077777605,11.613634010540709,16.937892380910824,4.200488612176959,16.764287230676512,15.867806796366871,13.068621484691178,14.162746502115397,11.174666719428402,6.976738435967833,4.457003877250987,7.626449514509402,14.501968615432578,10.159691435348751,1.7136272086081046,11.97658724321475,9.18611288813533,3.1058704414157305,Karol Bagh,1.7136272086081046
28.70831349691416,77.27658212184906,Main road brijpuri phase-1 near brijpuri puliya Sony medical Delhi  110094,23.683973427254415,18.16189531217885,20.77454594218819,15.331372511054704,21.940533691597,16.033315818538135,24.147461335921328,7.345959112270224,11.117885166059464,19.74136072839154,8.103622686294566,25.947095677761194,21.55044668505634,19.182378348492193,17.84183049943183,16.98332544034205,14.141971006040336,10.34818811521688,16.753651021626094,17.799666268374835,7.648125502586474,10.450557059584215,15.973296252427646,4.034946013814507,6.144117221404727,Shahdara,4.034946013814507
28.70830467502966,77.27657373994587,Main road brijpuri phase-1 near brijpuri puliya Sony medical Delhi  110094,23.682713776741643,18.160768405271668,20.773367861146774,15.330310286993802,21.939939484332143,16.032626442121668,24.14619090359227,7.344682884208082,11.11704679224126,19.74036625173961,8.102756687039522,25.945898703925256,21.549257072366995,19.181156497749523,17.840745863512083,16.982106265458164,14.141067251792384,10.346916913751976,16.752487536267235,17.798610249108272,7.64736690050397,10.449314544087292,15.972168751623538,4.034255904406019,6.142884881665762,Shahdara,4.034255904406019
28.70832937630433,77.27657340466976,Main road brijpuri phase-1 near brijpuri puliya Sony medical Delhi  110094,23.685066933541417,18.163450823200776,20.77460741592654,15.331058543061465,21.939333127911922,16.035255536432164,24.148090085156856,7.346829326436056,11.119763645651279,19.74311197953545,8.102863180256213,25.947236011649956,21.5518514980067,19.183673632314605,17.84346157972187,16.98463118210731,14.141286094313992,10.349165253900209,16.753656381487314,17.801340622068594,7.650042637131176,10.450936435323182,15.974850585419805,4.036885520135487,6.14443433763583,Shahdara,4.036885520135487
28.67668255721543,77.27983128279448,"F151 naveen shahdara PANCHHEEL Garden

Delhi",20.91076877862998,14.818666966164507,19.703936685503272,15.041101442869055,23.232228539088883,12.60652678323843,22.081951108739347,5.342352455475946,7.599055850420274,16.23431287830829,8.965806578036569,24.682926099891446,18.37020684507376,16.15199920666843,14.424598575248464,13.952130930761886,14.570241577152084,7.949140785473795,15.852543670139392,14.345314343001474,4.1896755287600795,9.103883841814671,12.637529306590006,0.9539784399814404,5.349126537647752,Shahdara,0.9539784399814404
28.51480116944683,77.16435112059116,"car, Market Kishan Garh Vasant Kunj New Delhi 110070",1.4784627360551397,8.167732477998783,14.06083435168818,17.563167891772526,28.129806182109764,16.97334069035571,7.7915331238022025,16.99034894430031,16.527950755327335,10.782186734556854,21.296930798857993,14.404790855169846,4.2663498578668095,5.195896368077024,9.324703103721742,7.336978843356537,20.457314527889228,13.946941367589314,14.786686535207291,9.9796679894554,19.01927154897555,15.463529514612205,9.683533714722817,21.454327883774233,18.940551036528767,Vasant Kunj,1.4784627360551397
28.6276651362855,77.1476124599576,A-113 inderpuri new delhi 12,11.488384630331856,12.521233227968674,5.873039436926448,5.0711684012613,16.193207425459192,18.527958281102006,9.206388250200883,8.67073496525353,14.497048192432956,16.321711116603478,9.659993678442815,10.678488509773452,12.836381244528324,10.099506884565564,13.35023314008484,9.072103044405091,7.811323237943074,6.756396731078419,2.986729444737056,13.941613593870299,14.485738732247116,5.010771398821407,11.461534701387958,14.715606939953595,9.307588171367346,Rajouri Garden,2.986729444737056
28.64202690124512,77.0365982055664,"house no 47, gali no 9, G-2, sai enclave mohan garden uttam nagar new delhi",17.383707913128642,22.30961654636537,5.475434796511331,9.219033720532908,12.096120413974447,29.3409247279071,11.37507133016882,18.96731355132508,25.448308318454668,26.204109825043687,16.823196997637385,5.626959912027119,21.126393098532553,18.997264883602597,23.35532150471295,18.862278764440056,11.127439270300595,17.615620429798415,8.344111605883134,24.033825463879634,25.23660571842178,15.097291019176632,21.78766722396745,24.87825750017379,18.780435683030124,Janakpuri,5.475434796511331
28.66736253535831,77.29915391653775,10/114 Subhash gali  60 feeta  Road Vishwas nagar shahdra  Delhi 110032,21.288116163466185,14.484769574445053,21.235607427504853,16.904412346463108,25.362434378598515,11.05239823433429,23.03750144851358,6.831763179414346,6.437591845831583,15.395011466321112,11.097861270259724,26.086554670972657,18.275764913762888,16.29577499262196,13.923865292858306,14.13426506544254,16.607831266585947,8.97994824435335,17.49604225300523,13.738213967761743,2.9015470934984764,10.701551663414469,12.359088308036815,1.2157084569685666,7.30703331585228,Shahdara,1.2157084569685666
28.66735988775776,77.29913748800755,10/114 Subhash gali 60 feeta Road vishwas nagar shahdra Delhi 110032,21.286828879500742,14.483847396689278,21.233980496238278,16.902813202824436,25.361045567026174,11.05249255220047,23.035990396796592,6.830133524356086,6.437190058842404,15.394457183159632,11.096484427033815,26.08494185460324,18.274716079132297,16.29458650484815,13.923049990134656,14.133045856531988,16.60631749637747,8.978381232561746,17.494413055663824,13.737472158686726,2.9010425709617063,10.699922358367445,12.358114500205147,1.2145736264282185,7.305487951063284,Shahdara,1.2145736264282185
28.70269527621015,77.29640498757362,a/86 meet nagar main mangal bazar road delhi 110094,24.204194397873408,18.057666298484644,22.248039516782054,17.04665701927834,23.962643238531577,14.947780955713881,25.155574183449605,8.265339761895673,10.353059155825953,19.24762531855826,10.028889400188582,27.355363644499075,21.666988847301774,19.465557398247846,17.604981848155514,17.26574536456027,16.02998996123346,11.097039317898759,18.275028654869896,17.479825536185764,6.805619667788275,11.740486029417944,15.886706947068609,3.3040500085419104,7.545362911922625,Shahdara,3.3040500085419104
28.66733341174857,77.29918107390404,10/114 subhash gali 60 feet road vishwas nagar shahdra Delhi 110032,21.287466361096524,14.482893099147548,21.237413619467585,16.907101412881172,25.36607360799488,11.048623919335347,23.038003647132385,6.833782357574952,6.434540428743952,15.39225398746297,11.101528864774385,26.08802975526305,18.27426202215888,16.29474273671086,13.921704714929607,14.133346722487929,16.611065602857792,8.980886518327274,17.498149911522535,13.735872334527498,2.898691422905911,10.703648800559385,12.357359029522959,1.2197452154130468,7.310113259524124,Shahdara,1.2197452154130468
28.54132461547852,77.27557373046875,"Sanjay Colony II, Sanjay Colony, Okhla Phase II, Okhla Industrial Estate, New Delhi, Delhi 110020",12.022922185909707,3.686692839415081,20.40704501613151,20.3804459369363,31.50157464193556,5.915915947119576,17.228714132479297,13.516665223515774,7.81823626467324,1.193035361203587,19.840267010488184,23.119727874752392,6.992904511966846,7.426604797741318,2.5353464053316075,7.021169901614279,22.22519359863151,11.557940846624428,18.737609631142146,1.847388295222032,11.30261379625472,14.81607845288511,4.3198380090975235,14.777709631063727,15.831403529421578,Okhla,1.193035361203587
28.66738518704923,77.29918610304594,10/114 Subhash gali  60 feeta Road Vishwas nagar shahdra Delhi  110032,21.292086594728627,14.488349808420445,21.239255576338568,16.907521957986752,25.364455268437304,11.05410083300221,23.04150248956899,6.835308511575139,6.440317617865328,15.398013243956258,11.099834033736013,26.09033556639028,18.27950753696509,16.299666223625685,13.927292203841048,14.138183624796444,16.610415847225905,8.983880142711241,17.49953969660089,13.74152797654673,2.9044624068735287,10.705055090741698,12.36273752471946,1.2168133189052315,7.309788011846809,Shahdara,1.2168133189052315
28.66738048020477,77.29915995150805,19/114 Subhash gali 60 feeta Road Vishwas nagar shahdra Delhi 110032,21.289996593178216,14.486831652441992,21.236652791306312,16.904976969009784,25.362264071605836,11.054197049147298,23.039067833116793,6.832704423143642,6.439622448074523,15.39707656878498,11.097662355157029,26.087750737258546,18.277790270393446,16.297730218470672,13.925942536708057,14.136199645654465,16.60801675128568,8.981361494718309,17.496937658460443,13.740294385639368,2.903603064968979,10.702452713763371,12.361138081118815,1.2150331216886565,7.307335427079113,Shahdara,1.2150331216886565
28.64825541449517,77.09636516869068,Plot no182 chand nagar,14.867168121043248,17.787185572466143,3.0474746068508685,3.6982405851431763,11.899927893873206,24.014177060330432,10.242243960698946,13.09900710315134,19.829018499168964,21.648939865132405,11.36813967555156,7.947183488593508,17.470356113856663,14.946380672951289,18.69827736436683,14.29296268667513,6.412500730915197,11.890371732285784,2.591595992278131,19.32080203997719,19.41793494083421,9.233671651989518,16.894309047654296,19.007240763421382,12.940485893562297,Rajouri Garden,2.591595992278131
28.53841347745952,77.26668410003185,w4 opposite kalkaji depot govindpuri,11.116390883894512,2.9504266710944256,19.780906248903175,20.001588846720562,31.162575435080335,6.821410526214078,16.400748698924435,13.570417306320003,8.375020172182657,1.0591797228687443,19.80818976378272,22.36338981081379,6.070134900929566,6.617627507304127,1.9366337678989491,6.3951184739895535,21.947962749177773,11.443660298170183,18.254701371545565,1.4066984787074046,11.795981956424068,14.628278253183812,3.9888455357553663,15.200099785273698,15.89532580589149,Okhla,1.0591797228687443
28.53834160990089,77.2666670009494,w4 opposite kalkaji depot govindpuri,11.113630909087455,2.9518987247392796,19.783189064778618,20.00625206435033,31.167498666468042,6.8270519582844855,16.40006191889744,13.577693833190663,8.383118900198035,1.0538142718579442,19.815045188037985,22.363922283535203,6.066489211282812,6.617468433845701,1.9403927188246133,6.397678824265074,21.953372411300485,11.450178130491087,18.258482163149463,1.4124833956440712,11.804141754802389,14.634329898023307,3.9944101656286697,15.20824794589886,15.902624272765804,Okhla,1.0538142718579442
28.52580969128023,77.26032089442016,"TA-327, TUGHLAKABAD EXTENSION, OKHLA MAIN ROAD. NEW DELHI 110019.",10.38822111217907,3.2818498296686944,19.94950740629241,20.641958861613073,31.840055536772102,8.135233229031407,16.020907964943394,14.79205441579917,9.90350822330504,1.3751361315327584,20.920187027114956,22.191682693674636,5.250374197101337,6.441023637760832,2.7671825182101983,6.733579966855102,22.739336402022328,12.500309871927525,18.72181717574995,2.5829210491248538,13.307353691883844,15.573046061028185,4.952399514411128,16.681302031978603,17.118019316159707,Okhla,1.3751361315327584
28.72836875915527,77.05603790283203,f 53 Rajiv Nagar begumpur village New Delhi,24.603065534785852,26.800007356017414,12.237578695495776,9.479669047416063,2.3390012306224226,31.637695570797565,19.619109940229258,18.796845416107256,26.76908388104948,30.526168929641106,13.672770969022189,15.184014910811301,27.015582463416592,24.365689735742638,27.552698445001422,23.38566917496912,8.224769124253633,19.017509449736067,11.519348586342982,28.095476564493843,25.250435212587963,15.663699017723209,25.541850241644394,23.520658815228003,17.45566122678693,Rohini,2.3390012306224226
28.64384626344389,77.27812975645065,shop no. 22 gali no. 4d aram park shastri nagar Delhi 110031,17.97254365497142,11.28972355336232,18.73516248326575,15.116880355323627,24.597970626936796,9.370749834662156,19.934991569630586,4.865215551729468,4.1372202563134906,12.57938325376804,10.660338581143547,23.37747963722562,14.996397381984346,12.974047305208503,10.823682690456243,10.810707936113722,15.398275279780291,6.150245785567025,15.227228828174548,10.713938276950238,1.6861495996719238,8.559097423223868,9.131569372122872,3.4849090398515394,6.335433867198926,Preet Vihar,1.6861495996719238
28.6447696685791,77.03697967529297,"plot no 98, gali no 1, niyadar enclave, near sunday market road, Vikas nagar, uttam nagar new delhi- 110059",17.589814213234092,22.420609902602834,5.573791629337304,9.088349743440395,11.789122631116792,29.38860758359398,11.612313076375225,18.90702454643109,25.45619197210705,26.3165139103829,16.665058377696106,5.922414954369443,21.287235270027978,19.13314490698012,23.457942248822903,18.965411362130776,10.932354251877168,17.60118485790703,8.310443345170352,24.132976322317884,25.201603926637326,15.040812210401038,21.870665545999376,24.79969165208972,18.683602539463,Janakpuri,5.573791629337304
28.64346885681152,77.08109283447266,"Shop no.12 DDA market jg-2 block , Vikas Puri , new Delhi -110018",15.022543566366968,18.6686937961988,2.4860751244991772,5.218972183246224,12.020767447200829,25.23657369429851,9.877852690812702,14.62843034477977,21.186024070237913,22.556325695163746,12.910406057598781,6.660334960690356,18.03272204996489,15.6334944884803,19.635419886198353,15.17513793943732,7.730773848842054,13.300979358996015,4.003228093586672,20.28188794317863,20.895382250922015,10.756236988655997,17.91958782304658,20.562706774593778,14.516473424052979,Janakpuri,2.4860751244991772
28.4994069317749,77.3006871342659,badarpur,14.60171128240676,8.145770109775018,24.855608988106578,25.442207871049074,36.61657872829031,8.314747108892934,20.597930385181,18.740470629969987,12.26685580362495,4.404326891521779,25.09749259069849,26.92787154181722,9.607257801771567,11.290443308678455,7.360895172572574,11.632267150504237,27.411034274109884,16.82303469768979,23.60747504237134,6.8670495543012,15.809112029034894,20.0612717475197,9.45061336758447,19.414070787604985,21.043255760261683,Okhla,4.404326891521779
28.58312149571876,77.07573261111975,"c252 ,dada Dev comply sec.7 dwarka",10.046209949555932,16.376842925912626,4.470008724908418,10.741336803668945,18.58430005078175,24.47664332305747,3.8180356059952008,17.136326322444905,21.57971929158275,20.144499701215782,17.741545502646098,3.0699284695051468,14.347995324522634,12.711181173747505,17.550885874851414,13.230239009511884,13.769067612070305,14.775377895797124,8.005021836056251,18.2762992243494,22.385348142117824,13.596423545121183,16.4331524615066,23.123791732412286,17.896396855070375,Dwarka,3.0699284695051468
28.68038939095506,77.32693590223788,"Shpo no 143 135 DDA  indra Markit old seema puri 
delhi95",24.19715005168704,17.017217091584385,24.22419218307232,19.65273714207377,27.466689202216273,12.186126662927938,26.103124615827497,9.804329508951803,8.47673505896257,17.441172913137777,13.281443010949047,29.122167259890407,20.939955837804444,19.11637424624119,16.32970876613592,16.990540878659345,19.08082889259023,12.05199877153391,20.42510334602607,16.052503792080604,5.318632160531493,13.645261511282218,14.965668719512228,3.7748691412428648,9.953202052834637,Shahdara,3.7748691412428648
28.58551358224419,77.07506407052279,WZ  879 G/F  KH  NO 33/25 Palam Extn Near Swagat Bharat NewDelhi,10.269660963827231,16.504613015262876,4.232713585682983,10.535838012343048,18.313123073709708,24.557830468535734,4.068685081516456,17.06955446542683,21.609563236979643,20.284991759442228,17.58264491460205,2.930731291805996,14.528354514887882,12.854042553467021,17.67301432079188,13.332815911803193,13.552416403142278,14.741673225523417,7.825167085866563,18.396838806521348,22.37210858727906,13.50309443409182,16.527659056776972,23.068012563597478,17.7967067744182,Dwarka,2.930731291805996
28.58375448390909,77.07551300525665,Dwarka sce 7 Near Dada dev colony Delhi 110075,10.108260024153992,16.414353935868498,4.407935976855194,10.688576764133702,18.51211620582877,24.50201761959006,3.8866208347870277,17.121934104817516,21.591414292366576,20.185398957032294,17.70193648133371,3.0273403997003876,14.39914265130475,12.75254666012677,17.586941201697734,13.26103875348701,13.713219287623597,14.769862100200658,7.95928830437746,18.311950880607682,22.385512522233178,13.574709803846842,16.46191508141747,23.112486045937544,17.873064678064523,Dwarka,3.0273403997003876
28.58025651408122,77.08780691027641,V.K Auto Spear parts  Railway Line  Road. Pipal Wali Gali. Raj Nagar  -part  2,8.957484245900085,15.156039742093782,4.630544411105403,10.555446124025313,19.05431944298864,23.283302414872082,2.9280162740416937,16.271588701486845,20.461205943063074,18.923752262608453,17.255597540514373,4.2892064388740225,13.155246958362596,11.490743816596485,16.331211465419244,12.020353514930086,13.642965969966035,13.812804049916593,7.6882200224207615,17.057046087636174,21.35978420417551,12.834736380495334,15.228729270118725,22.216395584569266,17.14825486407418,IGI Airport,2.9280162740416937
28.70018005371094,77.05477905273438,B 220 gali no.8 prem nagar 2 gaurav nagar anand nagar kirari suleman nagar delhi,21.804014884913084,24.639327823348832,9.281490303564476,7.750859456211165,5.475580399940448,30.126532799860612,16.60708574296518,17.807524828359455,25.48530543028384,28.44817021695485,13.548397706817282,12.048449742867648,24.52022305447104,21.96091532608505,25.475845688507146,21.16923907466855,7.561792095659396,17.54702258848863,9.180039511089136,26.060162211038296,24.34643177346759,14.323598905320779,23.554288031622495,23.036350507283405,16.809949234475944,Rohini,5.475580399940448
28.71510314941406,77.10803985595703,"B9/177,sector-5, rohini ,delhi-85",21.66368436311141,22.499337525610837,10.550164253186303,5.403832022111932,6.308561393046246,26.643677822502053,17.68663737263603,13.606348561626504,21.663644723848385,26.07412832290787,8.425590067430527,14.957151151164416,23.27532668766372,20.499277341288725,23.129719998719356,19.22185417526827,3.128149109630081,14.099530090711038,8.188792464288042,23.614197804472965,20.00869920576382,10.710992937495702,21.032579683944533,18.241270918797756,12.184989299733182,Pitampura,3.128149109630081
28.58826183847943,77.08286225795746,Wheel Cart Palam metro station ke Samne,9.926771329447817,15.850930566153732,3.771325586591033,9.921828449810107,18.101401425990165,23.820753576700078,3.9383771236217093,16.253197985775188,20.817004616146438,19.656736445284285,16.85587087127745,3.6243130375224504,14.011412843528406,12.23734041432423,17.007124380837233,12.633705601794341,12.9731950963769,13.921540409544708,7.144425734413613,17.72741930960019,21.55581449199498,12.699561543094278,15.813009892703871,22.24900865575949,16.997801810659098,Dwarka,3.6243130375224504
28.5867300661736,77.07741737365723,Mahesh auto service center WZ 907,10.189592935358656,16.316917062552314,4.039934747303742,10.309266088788858,18.202832465808637,24.337882450050515,4.048189741143358,16.803297812248097,21.364957803473796,20.1071733628269,17.329851475687033,3.125076078267976,14.390001921459612,12.679501866122763,17.480815629222988,13.127384967755663,13.33551431799428,14.479291354097317,7.58158284731284,18.203357245568146,22.113804621447002,13.236756756963718,16.316438780886763,22.802520733516637,17.530811692802125,Dwarka,3.125076078267976
28.60561025873087,76.96794871240854,Rz 134 B Block New Gopal Nagar Najafgarh new delhi,20.285007671365744,27.19304508592248,11.83860958482239,16.95458309569624,18.173170819115633,35.17310323470527,14.015879363974246,26.21573994338498,31.900596679879914,30.94874168594796,24.616177756576242,7.766689111025684,24.990820259570274,23.51501562630336,28.365898130460263,24.016675514365055,18.95387868329922,24.45067679883787,15.595053315400891,29.090351079878282,32.18980585405205,22.36063545523456,27.194373428516514,32.23332013576858,26.2980380891441,Dwarka,7.766689111025684
28.65932464599609,77.11187744140625,n block gurdwara dera dukh niwaran raghubir nagar near bus stand 912 new delhi 27,15.54568249442896,17.476271716869554,4.77897701387991,1.747377507906227,11.379330404136558,23.103121274165794,11.525408410726444,11.560130432181468,18.67966298936587,21.267582511252805,9.428665707964115,9.859984686376507,17.6148790138594,14.952576926251364,18.293689957348622,14.02418206483906,4.594580384034523,10.686782739822863,2.1201388580346725,18.87369302256591,17.998148646459356,7.75474058871177,16.36692223201764,17.354801257610845,11.202615532722618,Punjabi Bagh,1.747377507906227
28.53429632983934,77.21930254250765,"c9, panchsheel vihar",6.471916040104011,2.4595947407553056,16.117615141743524,17.5451233033946,28.714244731315016,11.183859868670465,11.905044308125293,13.597527150596571,11.150092294497712,5.27956801869115,19.102367037586948,18.10433750936436,1.651220013922283,2.517719680247131,3.5481862088557072,3.7698550807515,19.949842051679735,10.811541877125462,15.324308940566729,4.190297565855106,14.036171047674717,13.36771881429292,4.381646439530601,16.92856488460826,15.833218395423732,Saket,1.651220013922283
28.56640098472,77.2826137393713,"161 joga bai ,
Main road,
opp. Go mobile
zakir nagar
new Delhi",13.39887256990064,4.732997131208677,19.99628126420604,19.089366421701015,30.013751933958833,4.265088550708942,17.87067189174909,11.215278185534975,4.9463438219633735,4.064032066830536,17.652576990723926,23.28055017792725,8.765642499842297,8.277571528949654,3.5953981515626925,7.091874717251802,20.617991381779305,9.685465485030152,17.808610808683916,3.0254275803362383,8.440542351954907,13.059094834791818,3.8615291554185185,11.947378945113156,13.482357717481593,Kalkaji,3.0254275803362383
28.58515999848163,77.07723900675774,d-9 gf devkunj vill palam near JJ colony new delhi 110045,10.084835673466339,16.289161932655855,4.213391048806872,10.472578772356979,18.37440298668398,24.343359581650837,3.912821507158329,16.899755771928195,21.403870557434775,20.070608977929073,17.473623510650306,3.1462152934172365,14.322318211207165,12.640044219640872,17.457268343467383,13.116945042865304,13.50255673385009,14.556618303737949,7.734898231319977,18.181030928688415,22.179374452778877,13.347670933477014,16.312130272051863,22.89296307379084,17.645225740926442,Dwarka,3.1462152934172365
28.58519473865419,77.07718100398779,d-9 gf devkunj vill palam near JJ colony new delhi 110045,10.091629942557846,16.295612120538745,4.211036018157161,10.47170517908933,18.369941075805208,24.34926084529698,3.9192188360918165,16.902954058084298,21.408994052173338,20.077171341438344,17.474365801521003,3.1397779343816175,14.329133144375925,12.646634519039862,17.463661179339383,13.123129294407969,13.501261459796753,14.560545462939299,7.7349220857112515,18.187406713985474,22.18371197568248,13.350229085693673,16.318211345571065,22.896410311566065,17.647625693158464,Dwarka,3.1397779343816175
28.71819736295224,77.27984201163054,h.no 120 main nala road shiv vihar krawal nagar,24.7944972600143,19.302847829722577,21.57996359249087,15.977192056499966,22.051108770059617,16.997533100599128,25.150045987069507,8.418948542625355,12.162180468787062,20.847718209843414,8.545449204770522,26.78116388630985,22.693613488950604,20.318902669030724,18.974989329298367,18.120780717892746,14.59801820006929,11.440319991254643,17.53975650793522,18.925636865797262,8.65895716572271,11.385100939957512,17.114354363602605,5.027864851230074,7.0715903849033275,Shahdara,5.027864851230074
28.71820324365243,77.27975316345692,h.no 120 main nala road shiv vihar krawal nagar,24.790770168463276,19.301685570254573,21.572762289127343,15.969270863376934,22.042450263181728,17.00046320949463,25.14446377103268,8.414512327581132,12.163865957530463,20.848103940019513,8.53703685741671,26.774119882629147,22.69150367252844,20.316187084938473,18.97436516328885,18.118127229897965,14.589578458650195,11.436206337392035,17.5324664496396,18.925347986372262,8.661104974627602,11.378921052501587,17.113179395511366,5.030054998447024,7.0654655542461535,Shahdara,5.030054998447024
28.58785056142602,77.08646044135095,D-251 Mangla puri village main road palam colony,9.650634613783213,15.500896937478776,3.788382548698971,9.820386967005438,18.199744854746868,23.466897772170107,3.7595495505849392,15.964813217675275,20.47344005064322,19.309702754697348,16.66855424711812,3.9785773011868932,13.685877262345764,11.89274164450873,16.65574286972877,12.280002434999625,12.889910562504884,13.608712066793002,7.002102830446152,17.375676788451074,21.231150140465477,12.435616220823503,15.458765988890846,21.951851958934174,16.739376955386906,IGI Airport,3.7595495505849392
28.60543894630054,77.33382917940617,c-1/220 new kondli near R K tower,19.73389019829315,11.247956018796414,24.08567402245543,21.49159225823458,31.43588798828637,3.9267990335966587,23.479545945949017,11.573930415613006,3.8477212804999197,10.1949865839599,17.57276378096552,28.13941152608441,15.342257803167087,14.468954188094166,10.186909453747305,12.816541263750736,22.132658159154307,11.79452468859389,21.072700110199094,9.646865609925534,5.50405282722595,14.875876946265102,9.802419972125838,8.760830154789538,13.244149654702806,Mayur Vihar,3.8477212804999197
28.57662033930132,77.04787820577621,"plott 161, amberhai extension",11.875453558837572,18.89838718618856,6.367124131911376,12.7960873304697,19.2306294062477,27.166760449675664,5.573621102612645,19.88405224408941,24.375540427852272,22.589309496746953,20.118320255293852,1.7310018677071668,16.550725947700613,15.17121806686701,20.09574321650104,15.86634832816417,15.675012159426094,17.574438147472417,10.303333335712974,20.82669264102064,25.198073335573223,16.278094888288216,19.08979874430151,25.89199599844842,20.553623699582396,Dwarka,1.7310018677071668
28.60546131701176,77.33389690518378,"c-1/220 new kondli near R,K g tower Delhi4",19.740909193083443,11.254819658428106,24.0920745189255,21.497012085593084,31.440305527841552,3.9305307972651495,23.486554428267823,11.578488251426332,3.8539865695227222,10.200853083763542,17.576348518475154,28.14614249827774,15.349072575755867,14.475992812475452,10.193662333282381,12.82360352655254,22.137392451723404,11.800321109717427,21.078694555001327,9.653506152439471,5.506772510385406,14.881211037508415,9.809460169742751,8.7619780767614,13.24796393621154,Mayur Vihar,3.8539865695227222
28.58302581112592,77.08792258054017,Rz20 e/4 Raj nagar part 1 palam colony near nirankari bhawan New delhi,9.165290557665921,15.21983613968741,4.322629145076051,10.263722280656062,18.75227015936819,23.28765851724697,3.2076008149575066,16.10402752652977,20.402927907698537,19.00453721511806,17.002927989548542,4.215798014464909,13.293157103656432,11.575590799537512,16.3874667737734,12.050089931503448,13.347653680747028,13.678120247566081,7.407111166353124,17.11121369597516,21.252607907849352,12.636822832714316,15.248619663749903,22.06378363631879,16.948535356791236,IGI Airport,3.2076008149575066
28.66909408569336,77.05656433105469,"A-1, ADHYAPAK NAGAR OPPOSITE BANIYA KI DUKAAN NAJAFGARH ROAD NANGLOI DELHI-41",18.681460157249532,22.27638074963367,6.068765041865395,6.764595114557158,8.92961245447255,28.48002065300941,13.249966710346655,17.011739514904555,24.163051490542287,26.14906847693566,13.938191363573557,8.62321519375747,21.750180915427855,19.325338758014617,23.205882243938913,18.77975340527144,7.987080147237969,16.175603383173044,7.04530825467892,23.834263056194903,23.48636014351371,13.24596990366286,21.415821237240806,22.682400292413483,16.453679823529473,Janakpuri,6.068765041865395
28.67633428106074,77.27951142936945,naveen shahdara PANCHHEEL garden delhi,20.861097109777266,14.772944093183614,19.662329850164507,15.007845216819854,23.216546300073013,12.581594740965192,22.03366314310551,5.297665649210267,7.567097960327175,16.194399171885642,8.950082547877033,24.63935520784732,18.322390518144132,16.103028819211946,14.380591855975133,13.903096356760066,14.5453772688521,7.9004928360786755,15.813013431324729,14.302541084206004,4.16490765451021,9.06247357728401,12.591552866802278,0.9709205433357269,5.3180059723987005,Shahdara,0.9709205433357269
28.49953775542966,77.24788684397936,"national Aquatech solution G-2nd gali no.18 Near national building material suppliers tiranga chowk 
sangam vihar new delhi-110080",9.584304443764484,5.506868114791198,20.726017575929905,22.301632948323704,33.47936035468021,11.00076926719542,15.761742242139881,17.50449095206086,13.064557549182759,4.266255150239304,23.40968399065679,22.244218608557947,4.896760230296912,7.248238011099432,5.5544470348188115,8.384772240085592,24.6518353739679,14.986284723823651,20.089579559125273,5.602340098686281,16.4477664974857,17.83240642951947,7.593707542162597,19.777631640398848,19.814832587872196,Okhla,4.266255150239304
28.55012487816727,77.28851493448018,166c Pocket 12 Jasola vihar new Delhi 110025,13.44553213220591,4.869420047182429,21.160637379957645,20.664165449886134,31.679228538009898,4.322931611097566,18.42477756975882,13.092786313960064,6.640851533176408,2.6182977735406694,19.515720947345763,24.138119125009588,8.494066305823985,8.636206180832762,3.6358208072545164,7.899771262353751,22.31720906587501,11.447243841694855,19.221814178377308,2.9050726135001663,10.181390980634182,14.794880249216169,4.84690850382524,13.741008189750236,15.369416389035738,Okhla,2.6182977735406694
28.53857046666917,77.21890792250633,"C-139 , Savitri nagar ,New Delhi-17",6.531075718694011,2.220861257567391,15.80346378585071,17.120306867041325,28.297813675785463,11.056526398608447,11.778731920592195,13.127008749200629,10.823957188787727,5.373597558696264,18.626171678240475,17.90443524958179,1.9732098809529786,2.1966265747514875,3.3854364995979593,3.3002105431075845,19.50413238646138,10.335541268120103,14.929514384589778,4.065550026112297,13.655750628790075,12.89493446215892,4.009312418106253,16.51035875555851,15.359701379689943,Saket,1.9732098809529786
28.67255052723691,77.25483242422342,E11/A162Shastri park near petrol pump Delhi 53,19.181231397819037,13.89444212996357,17.24519276171657,12.58467492378501,21.1457053729314,13.276412096648725,19.894919957346314,3.0057649315253214,8.008369556202167,15.863609630082767,6.9552754357230695,22.25823682234136,17.122681564840835,14.699098006063602,13.69805471173249,12.50511506677096,12.257873165921765,5.889049731656516,13.37531324146287,13.743650112454027,5.23787066444343,6.647061696809697,11.71495428153701,3.335812289074513,2.9450149429069232,Civil Lines,2.9450149429069232
28.56281280517578,77.24667358398438,b 80 Dayanand colony Lajpat Nagar 4,10.004678492542913,1.7818262165125607,16.84561193816043,16.693104028492492,27.835100753328472,7.797608530834204,14.343711951302044,10.50647448225052,7.003966481753442,4.402786285499233,16.595096456804203,19.86417436337482,5.785456185843478,4.787013345385696,1.558381199468798,3.614603570051844,18.604715192003713,8.17907698218056,15.047101471705183,1.9395236460036225,9.949813045727824,11.30370773544417,0.6458441628847237,13.00386230724283,12.828200636500826,Lajpat Nagar,0.6458441628847237
28.67248434048008,77.25528337061405,E11/A162shastri park Delhi 53,19.19755600869072,13.892190769925346,17.284399138053004,12.628432018220964,21.188915101352663,13.247154384997405,19.92360713229725,3.036523996072306,7.980633898764829,15.851379051519757,6.996841459058666,22.295598373954213,17.127770810351624,14.70830761904299,13.691876859282909,12.513701004902702,12.302412286902104,5.91127570271118,13.41609617640278,13.73512271701835,5.19998509099618,6.685847583067331,11.712017334617222,3.2921460513410032,2.9896172892578092,Civil Lines,2.9896172892578092
28.67256847119488,77.25353758782148,E11/162 shastri park Delhi 53,19.118379880575922,13.882668498965105,17.12647146015923,12.458468776915524,21.02944795942472,13.344665445752181,19.8003743854392,2.9074155469342826,8.07224512317017,15.880375707285076,6.846077311549289,22.143382841357347,17.09027137997523,14.655492494567376,13.697450802206866,12.463325117066761,12.134196898800878,5.811610911955706,13.253517061604235,13.749786577857185,5.334821129238698,6.529350404624126,11.705263069088181,3.461972776481398,2.8199267107201043,Civil Lines,2.8199267107201043
28.6956262702999,77.32220716774464,I 115 sunder nagri delhi 93,25.133562659137805,18.287704139939695,24.296547619571022,19.375712033958553,26.59094711734563,13.884983072180967,26.659566029964044,9.980550491696741,9.93512634348082,18.941883113783753,12.583209330607307,29.30936335372842,22.12323321971575,20.1599627658127,17.671311586671344,17.996029953408986,18.53320030656042,12.522520242367698,20.397224534548666,17.439228383150454,6.570077056813477,13.701835489287982,16.184947938905566,4.054307169238228,9.715427075058715,Shahdara,4.054307169238228
28.6408952506113,77.04862721264362,m25 commander chowk Vikas nagar new delhi 110059,16.533973829538468,21.216781442176426,4.367843245120001,8.166221695295091,12.089589914359706,28.17708287859074,10.669934459528486,17.809509094531954,24.26841840520779,25.113279043002493,15.81822219073565,5.431841363819666,20.13553953986786,17.950142052555595,22.249570573594138,17.75758367252957,10.239555597178672,16.43606307252781,7.172318260718364,22.923048926102467,24.062870216486353,13.93738526360992,20.656112080685467,23.736086108710442,17.661182113217908,Janakpuri,4.367843245120001
28.59073064458537,77.08296719938517,"Gupta auto service centre , shop no 1 nasirpur road, opposite Aman band near by palam fly over , palam new delhi",10.117577474368696,15.919914622042285,3.4978371425654804,9.669358945711608,17.831186023981957,23.834219696549546,4.184410978672625,16.11814514019188,20.777070085711397,19.737823121546256,16.639390545456312,3.612511254366866,14.143432184342357,12.327317398143363,17.068883388471907,12.677293242904947,12.714795866380557,13.819311548993374,6.9085616282348274,17.78692566954677,21.471927693338298,12.539958639484984,15.844735266969908,22.123657397173297,16.832082371487736,Janakpuri,3.4978371425654804
28.6100790007953,77.29672081768513,c53 shashi garden mayur vihar phase 1 delhi,16.876457826053613,8.895829532553321,20.43557525271486,17.915793016519938,28.09199726113331,5.219995557443984,20.121013467229535,8.265753081507867,0.20433235778827674,9.109748056271886,14.550166102657677,24.558432546177773,12.961891230091993,11.599014427580851,8.07436352837733,9.717361260643116,18.715617049440144,8.165781469242656,17.420581901031575,7.7354874347638,3.49700745592121,11.326589000357984,7.043829287562726,7.114343417191792,10.183262646251999,Mayur Vihar,0.20433235778827674
28.61000423879118,77.29660246521235,c53 shashi garden mayur vihar phase 1 delhi,16.862229038880653,8.882062201319545,20.424590460143616,17.908100542388546,28.086960458950575,5.219388090656465,20.107513109021284,8.261865328096324,0.191077333499952,9.098794097691654,14.5481944885149,24.546249637220924,12.947942804846464,11.584781170734907,8.061071310907016,9.703216025331782,18.709993946272892,8.157167116686718,17.41100987583015,7.722659710952087,3.5048429747787635,11.319479545756048,7.029680462766765,7.121397371508494,10.181374386611818,Mayur Vihar,0.191077333499952
28.67947901980144,77.31808964163065,Aggarwal  Auto parts  D-247  Dilshad garden  110095,23.52850140729095,16.507443952856256,23.36597163589078,18.785150088294653,26.668883384185335,12.109194636885315,25.31960823770833,8.947720393719983,8.098499050492954,17.10329428372277,12.460063888854142,28.276025406779475,20.38230377800253,18.48950646293785,15.865561123959814,16.345557743751424,18.232333055655094,11.23997739568635,19.559894896685048,15.620331364756153,4.777266675787673,12.782708732757825,14.424282254246755,2.909713873670539,9.086969229472755,Shahdara,2.909713873670539
28.67954696700084,77.31821302324533,Aggarwal Auto parts D-247 Dilshad Garden  Delhi  110095,23.542232834114312,16.519769419199573,23.37961400524158,18.7976235632021,26.678184561283178,12.1159732494618,25.33381855403328,8.961427135290498,8.109146871746086,17.113685984148034,12.470098841357258,28.289921730700936,20.39512292443634,18.50291747285517,15.87739931274858,16.359099872307365,18.243509907749527,11.254157226124676,19.57324712336476,15.631812916041358,4.789578490278638,12.796204493275624,14.436903817160767,2.923124761195809,9.099264226851204,Shahdara,2.923124761195809
28.63993072509766,77.1055908203125,S44. meenakshi garden  Subhash Nagar meto station Delhi,13.678024361657315,16.506892555996277,2.6522938864286836,3.8009560783599454,13.080351555107757,22.848721805149744,9.32641771510523,12.303170162111671,18.76344811632061,20.373571475346974,11.199617318143995,7.8817495281394585,16.18710210024585,13.655608711175768,17.42733362443245,13.011459720610507,6.815168738108677,10.884041944723656,1.636247251659508,18.05491715780141,18.50466747364874,8.430577264645965,15.643399438591539,18.285736392277688,12.343989919223706,Rajouri Garden,1.636247251659508
28.52351110293656,77.26183198392391,rz_421 main road tughlakabad extension delhi,10.535517419959541,3.57286253643777,20.21162986103613,20.933186187518164,32.13192856387714,8.181293090764624,16.220747047596483,15.072112279607845,10.096466542085624,1.3748876963473704,21.209106446880856,22.416820381386525,5.397161657062082,6.682236790210267,3.0570385975991368,7.016579189524101,23.03400887550921,12.791004580328202,19.00560399222782,2.8496699220696153,13.518281827288732,15.86742137825784,5.243193101567966,16.90955970220288,17.398344717154107,Okhla,1.3748876963473704
28.52365043952778,77.26200934499501,rz_421 main road tughlakabad extension delhi,10.552687213643438,3.5718937110673172,20.217809401553072,20.93218934741454,32.130612142973675,8.158060045132531,16.234160648399712,15.060495648376817,10.07627617091681,1.3517592406577046,21.199842903750795,22.427834173053572,5.414189783449544,6.691228476228242,3.04835552258671,7.018388356411237,23.030581470408777,12.782444084578392,19.00725803070483,2.836123654843691,13.49907685467425,15.861053845198759,5.234763453528009,16.891548020980693,17.386775505988798,Okhla,1.3517592406577046
28.70091637967426,77.13214986026287,"37A DDA JANTA FLAT PITAMPURA NEAR SHIVA MARKET
DELHI 110034",19.732221097790806,19.893820303583613,9.794004262324673,3.5899663867569824,9.136718655996365,23.816885580335022,16.394809315317506,10.789017201139004,18.832746340151736,23.396211086161262,6.007312641033256,14.733666892634863,20.919547836057678,18.106245453115694,20.471824469870537,16.697357310418063,0.47998443518952205,11.297266809174083,6.569186116248685,20.932247907110632,17.224782921139813,7.9092322873159,18.34869919183026,15.596535074686475,9.452024215906983,Pitampura,0.47998443518952205
28.70095166969952,77.1321176737547,"37 A dda Janta flat Pitampura Shiva market
Delhi 110034",19.736461939690443,19.898806864135494,9.796137769278657,3.593302207251346,9.13186840109696,23.821762044603826,16.398059946433566,10.793611010909066,18.837504911821,23.401231270506944,6.01017739040366,14.73509731411479,20.924318637185337,18.111047171033977,20.476837402191784,16.702280420251686,0.48395021229028057,11.302239926454334,6.572598572477117,20.937268640814093,17.229185718185207,7.914211155115708,18.353719800971394,15.600374293316374,9.456154132321908,Pitampura,0.48395021229028057
28.56929284446758,77.24654775112867,l-78 lajpat nagar 2 shop no.5 delhi,10.321080867780054,2.4463461543158656,16.565921855050068,16.18175475390192,27.293517502749353,7.760724175885591,14.385978009875613,9.792922456302906,6.495495223574955,5.009685811117932,15.908091295723954,19.746051239297802,6.327165115084189,5.046886517706789,2.2601516793007956,3.576712719058919,18.025933342565033,7.505838546780253,14.623865501637772,2.5541168116545956,9.328670480291668,10.671551743137217,0.3804390861983736,12.326855672853242,12.11595194982902,Lajpat Nagar,0.3804390861983736
28.56962498659398,77.24686492234468,l-78 lajpat nagar 2 shop no.5 delhi,10.366039873885288,2.4911878938442276,16.581890951311493,16.179013459014662,27.287465159588674,7.7290333258640125,14.420548717545689,9.761559779252156,6.4475939228418095,5.025347830785245,15.883266861462145,19.77203261189801,6.375340185871963,5.090947681617471,2.2902494728983456,3.610186395226971,18.01614501029521,7.4839449178466575,14.629092172328907,2.572619537222008,9.281118365146067,10.65561516073042,0.42543747684276,12.281674982883663,12.085009773489876,Lajpat Nagar,0.42543747684276
28.57801770522581,77.03110300004482,shop no. 19/22 kh no 25/21 pankaj garden main Goyla Dairy road near kiker bus stand qutub vihar Goyla Dairy new delhi 110071,13.39779561595954,20.539956076985128,7.378859115097261,13.718107217882885,19.217267413593277,28.808166362953614,7.152340305668183,21.2988524467859,25.974257859594733,24.221402412674323,21.203465299373633,2.1372233934888505,18.14483025306137,16.808374047404033,21.738807737203018,17.511133963997533,16.468397486673766,19.06951571013921,11.415631160753591,22.47001617908299,26.72958540717101,17.62949985274601,20.733790765084933,27.32772071360596,21.87022137159843,Dwarka,2.1372233934888505
28.57811928293522,77.03121062368156,shop no 19/22 kh.no 25/21 pankaj garden main Goyla Dairy road near kiker bus stand qutub vihar Goyla Dairy new delhi 110071,13.393397434339452,20.531386755315204,7.363506448217111,13.702680068102133,19.20471473148187,28.797963996405166,7.146295290978658,21.284644162853063,25.962309149801282,24.213581663696274,21.18810681034987,2.121795552346519,18.138601849741868,16.80018912073762,21.73005714794103,17.501420623031432,16.45305864165231,19.05600390412367,11.400358665168387,22.46122934806896,26.716458754457598,17.614935386547554,20.723915566885314,27.31363722570877,21.85546312056396,Dwarka,2.121795552346519
28.68860737529132,77.3195118829608,Om Sai motors Tahirpur,24.37312758211224,17.472271967453974,23.795133883018522,19.011739866260577,26.52384921183903,13.114878972105315,25.99674480387557,9.420001770783673,9.1127495592913,18.12040006419689,12.40919355692471,28.768331709867322,21.318617235447956,19.37680222714743,16.85036831323868,17.218911262088426,18.292207159724196,11.872409843031944,19.93141579142855,16.616300998175394,5.7501509921680185,13.19480344414419,15.37429086707309,3.4069340183500127,9.31584763998914,Shahdara,3.4069340183500127
28.68858561054393,77.3195668682456,Om sai motors Tahirpur,24.37487579140343,17.47253691043397,23.79947993172957,19.01679493447569,26.529653507384477,13.112203599165339,25.99979975887405,9.424034122287532,9.111843920078867,18.119396672632085,12.414849508218882,28.772410538974533,21.319322420759864,19.378098954322287,16.850267137747736,17.220346774852494,18.297683757189287,11.875650422676808,19.935979739342013,16.615955405620962,5.750162529888884,13.199157987534548,15.374779325019675,3.41044627358248,9.320810731398437,Shahdara,3.41044627358248
28.68858766937158,77.3195631802082,Om Sai motors Tahirpur,24.374808319564714,17.47257848970585,23.79920909902029,19.01646339592918,26.52924714563308,13.112449508154784,25.999632483901376,9.423789028981878,9.11196874712862,18.11952840612834,12.41446055137858,28.7721617051709,21.319332058145836,19.378065102077112,16.850335028804583,17.220302619131743,18.2973131209635,11.875468581652948,19.935690667559296,16.616040732201377,5.7502222127460785,13.198886429257689,15.374804714849464,3.4102428152066095,9.320487306718446,Shahdara,3.4102428152066095
28.69799050110432,77.16025404632093,n-20 63b wazirpur indl area udham singh park a block,19.300921191574652,18.311368768829166,11.02558700076976,4.642272362853788,11.62055715456489,21.48688397554062,16.82747924687135,8.26368903069735,16.39223619102793,21.614067998797672,3.3343359456364223,16.21574360095917,19.814658639003483,16.974068071477493,18.760709409201446,15.332232742005132,2.74066465029559,9.219133127110618,7.206126669491367,19.15679545202362,14.58735684607678,5.933337974880273,16.59117060807197,12.845993079733729,6.748743901293252,Pitampura,2.74066465029559
28.53746594099663,77.26696103811264,36/1Govind Puri  kalka ji,11.129092629007424,3.016422371146947,19.85446364251993,20.096825581077525,31.259783480508688,6.8548690350876855,16.44069211162838,13.679186529154178,8.465983814402385,0.959616581574008,19.916231879650436,22.417870975064965,6.070442531372149,6.664421462197022,2.0251252439296716,6.471758830585016,22.048643495026973,11.550518995863936,18.342574466074282,1.5100860256227977,11.892097125525217,14.73289145502812,4.090672709625345,15.300557166843385,16.00410171899586,Okhla,0.959616581574008
28.5374497412006,77.26670287549496,36/1Govind Puri kalka ji,11.103852495486136,2.9940936863426058,19.833109188918495,20.080878012571148,31.244596623532438,6.877064748408713,16.415909144195602,13.674352800220854,8.475788732636978,0.9744609758671406,19.90886780638394,22.394093605035767,6.0455180241787145,6.640071801198499,2.0073364161639864,6.451019324218176,22.035065964572382,11.541463812205002,18.32429445894412,1.4984707643145379,11.899717865808583,14.72176060439928,4.077845687763998,15.305904385774705,15.999411910841694,Okhla,0.9744609758671406
28.69430899501669,77.25497357547283,"A-32/33, main road, sombazaar, 4½ Pusta, Gamri extension",21.29986499533175,16.301910583321565,18.190578595768216,12.899533551465408,20.300244477327464,15.383860174259418,21.55536814724342,4.873468831722217,10.185699953524654,18.26821636904011,6.094446748212108,23.346201536477796,19.463422918694103,16.980005881390117,16.117134170293852,14.79976041205619,11.977851744984395,7.919713939147448,14.186034558882438,16.161939061858874,7.062887675294612,7.830205958427377,14.125891959081967,4.033473066945766,3.525121472601376,Civil Lines,3.525121472601376
28.66514029242678,77.11394201964141,305 POCKET 1 PASCHIM PURI NEW DELHI 110063 SHOP NO 2,16.12010355315786,17.79978329018689,5.442979722125227,1.2469971426440365,10.916373346316316,23.205512490445106,12.18982230346671,11.396585554379183,18.690427101999195,21.561296311716298,8.923718596891508,10.48497879257385,18.06652606138668,15.374371220261464,18.585746121752777,14.370791731025488,3.92548725618262,10.702350578357082,2.640341358857235,19.150676239327503,17.881006576793425,7.651975867912027,16.62347633134317,17.10562634863222,10.90963819044322,Punjabi Bagh,1.2469971426440365
28.71937320237458,77.17377606779337,"C-63, Rajan Babu Road, Adarsh Nagar, Delhi-110033",21.75471666568431,20.03946540207086,13.705161724659336,7.283998379746639,11.912152244334864,22.217004635338522,19.520381962009527,8.929983001689605,16.976153084717737,23.10506002423981,2.53694504195104,18.860777217521697,21.904481333534424,19.073966213979183,20.358285623918384,17.286195653025906,4.780543607424053,10.630566046529154,9.923682187554478,20.682241581311196,14.672723070779785,7.686377802983737,18.171531113868518,12.332867273343243,6.898037023866632,Model Town,2.53694504195104
28.73657881621598,77.14480150490999,house no 5 near old bus stand Badli village,23.59917095997563,22.84300005773472,13.911407912594903,7.726448577809183,8.726123626945952,25.542438572892767,20.528157700128624,12.22403093934053,20.327771547257203,26.088229744567176,5.940406854531792,18.735528450896183,24.341186533365622,21.501542076798373,23.263857571844255,19.87956360880688,4.61216905782557,13.627628607027061,10.69288938668234,23.63915960101875,18.083074303514955,10.434374609585714,21.086351883425746,15.705730591120753,10.278986790674596,Pitampura,4.61216905782557
28.57274200691275,77.26888451725245,38 c taimoor nagar nala road,12.437595285667133,4.002073887950521,18.504964213129476,17.59494491155076,28.55320324817442,5.581703439010021,16.595551394622138,10.015287408719065,4.811446089060501,4.682747009786772,16.399772004923513,21.869427453367667,8.11085603928932,7.201706297318893,3.1122378237979307,5.78330128993189,19.173593292097188,8.285048030532401,16.293889137717184,2.8177223783223417,8.065587585924488,11.63722858045127,2.579645266608854,11.396417379929499,12.317233600794333,Lajpat Nagar,2.579645266608854
28.57236453024316,77.26886138319969,38 c taimoor nagar nala road ,12.417526682863953,3.972134510010935,18.515280007736,17.618767703685595,28.580486119923325,5.582505247717745,16.588735084004902,10.053348992600773,4.848426495439487,4.641151272259881,16.436305340123738,21.87138995606667,8.081465080322909,7.184584982763872,3.0760617664400436,5.7767417685073115,19.202213400505094,8.316810951378486,16.31195148461949,2.7776356962402327,8.10610368046061,11.667543894602385,2.5686412269259686,11.438153992505235,12.355816167224404,Lajpat Nagar,2.5686412269259686
28.61995859635145,77.04359471797945,"A-13, main najafgarh road, (near nawada metro station) pillar number 737, uttam nagar, N. Delhi-59",15.129660625069665,20.645409560343797,4.320177279540113,9.714350374204741,14.448176315219003,28.108280065572448,8.977384083858528,18.66122777805696,24.5383137994036,24.5150398898581,17.40086001956976,3.106621013514451,19.13241231399292,17.1778127149734,21.745356849680796,17.273399039458123,12.139655536561632,16.944321708686058,8.061536279203485,22.44553135412631,24.672886664390028,14.80833095654951,20.326591799993853,24.681879040616852,18.789011325543363,Dwarka,3.106621013514451
28.73610902981775,77.144666723907,Ho 5 Badli village near old bus stand,23.547476273167963,22.800457797989843,13.858276893940449,7.672583947143714,8.721878568896114,25.513911023851705,20.474319307775794,12.19490195386425,20.30102485834764,26.04877046138318,5.919883435368917,18.683987201956317,24.29385421895847,21.454295928204502,23.223035154099893,19.83430800674504,4.558318418204909,13.589668623101842,10.639062532445502,23.599297396284186,18.063295659550302,10.392962163677906,21.04585366556473,15.694362879503998,10.255222643716728,Pitampura,4.558318418204909
28.73643623420945,77.14507978409529,Ho 5 Badli village near old bus stand,23.582309781504435,22.817593481137077,13.907763071154886,7.717586943915665,8.755492906575103,25.512210163774427,20.51847284069606,12.193929146367305,20.29723679634624,26.06128780027497,5.909182467605235,18.73593313639204,24.31910802811092,21.479391941113096,23.23755085738893,19.85586506138606,4.604218852880872,13.600075045660027,10.683042030814656,23.6123997986689,18.051791380857154,10.408387406470364,21.05989056464208,15.67437862654699,10.248053791279014,Pitampura,4.604218852880872
28.69640239325383,77.09628704935312,F 1217 BALMIKI MANDIR MANGO L PURI,19.92762851550956,21.542007823407946,8.325573880271921,4.190644136377839,7.055541263016467,26.41350135412437,15.594006301374641,13.816944376560867,21.633275417769855,25.24497339601686,9.534966130307646,12.593370014248181,21.939250918309195,19.23179394606901,22.273559899000432,18.154031209139987,3.502927031522382,13.78796144903311,6.501257539337436,22.809127209198117,20.344144018794626,10.473063769910924,20.251271794570446,18.967522433482646,12.74715236085763,Pitampura,3.502927031522382
28.66379556839936,77.19697214663029,shop no12 old rohtak road kishan ganj market,16.047117675862054,13.462487980953746,11.627826654679117,6.959226578942152,16.68221725610487,16.295754700790877,15.256099548894618,3.359738237957108,11.281894534486813,16.555441592076896,4.5491545235425175,16.75344868178126,15.517457397948824,12.723871156473473,13.781554494909837,10.815956501272993,7.295993135144527,4.074560299206294,7.680029158402482,14.11973871063322,9.9003354048072,1.4493582435401569,11.5952760685941,9.045835051993059,3.0829210045281004,Karol Bagh,1.4493582435401569
28.68968266582537,77.31406599283218,1249 ground flour janta flat gtb enclave delhi93,24.114887012490755,17.347006193512133,23.329060443532143,18.498359641839233,25.97973218768524,13.270363500073781,25.62939732671862,8.980295090828964,9.103097754883436,18.111738075936163,11.866379152707355,28.32139257759631,21.152375286115827,19.15896513844083,16.758712419624683,16.989776715091278,17.75598310671751,11.4938073123084,19.45025830722827,16.54720472137765,5.665044079312929,12.729517772927581,15.229971479073948,3.022830804124583,8.809322629461166,Shahdara,3.022830804124583
28.60900554282241,77.05014064908028,F299 Sahyog Vihar Matiala Near Shanti Garden dheli,13.826437311510432,19.60677760724941,3.945761521211786,9.965667649772971,15.623473199569117,27.266949246443833,7.627492121821991,18.349417939832744,23.873630991878912,23.454554893900845,17.576453230721487,1.9227834724824795,17.9376608596547,16.07314623110052,20.730572082385457,16.285917565801597,12.60888509427213,16.448883249457126,7.949868187821563,21.43959994884045,24.190086284109707,14.542391655516447,19.391946128783804,24.39477519338463,18.64605553058687,Dwarka,1.9227834724824795
28.60923895537414,77.04978995025158,F 299 Sahyog Vihar Matiala Near Shanti Garden,13.869192319395065,19.647841516325148,3.9683880961802975,9.973739066932923,15.598937584651312,27.304793845637708,7.669331450900165,18.374806663043113,23.907781342871456,23.4959646914303,17.588045518199138,1.9413500074332564,17.98041630371401,16.11503414030909,20.77130097120337,16.326133274268944,12.61063490758841,16.47878062234188,7.968037880355142,21.480204326030474,24.220048293292237,14.566242972794221,19.43134780221235,24.41982411962771,18.66693395747135,Dwarka,1.9413500074332564
28.69068765249177,77.19115577638149,sangam park dda market shop no14,18.831833245491158,16.48822642603461,12.657429191746703,6.8034319376283126,14.664424652203191,18.732714309543397,17.400986554626364,5.412009770492329,13.542041446393526,19.499357739442733,1.5652442813589706,17.91196825448517,18.54062494967923,15.73470873649455,16.771485459132197,13.853827293835122,5.78801126148487,7.037488925629194,8.608354101685485,17.082553336324345,11.530849310596878,4.313062360827504,14.585081038786035,9.729899683219239,3.6542645687527777,Model Town,1.5652442813589706
28.69070265221971,77.190773896873,sangam park dda market shop no14,18.826325788877252,16.50035587745665,12.628770296097414,6.769178328173267,14.630343831483083,18.760102281231767,17.38339240326661,5.43953861791163,13.570975103219173,19.51621774748791,1.5697066211823216,17.883532026473297,18.545355685241528,15.738486013212887,16.786130220594536,13.860477133477714,5.750814467230613,7.052327706465115,8.580266222204179,17.098531974154348,11.564451467012848,4.3146756070538546,14.599640779328041,9.766768301423543,3.688663524776782,Model Town,1.5697066211823216
28.69058883070115,77.19141896814108,sangam park dda market,18.826019310282955,16.470466257711415,12.671277458080562,6.823609053499124,14.692303870573792,18.706855389503687,17.404702296283535,5.386116690112653,13.515569581003252,19.47879718892036,1.5724272797035337,17.925577490388203,18.52760013626448,15.722331759085641,16.752213006925352,13.839546774424502,5.814773206624467,7.018147300264956,8.621649480411778,17.062501612446464,11.503035619198533,4.302299624467469,14.565863721014763,9.702586455990248,3.6263600432724994,Model Town,1.5724272797035337
28.63290217628695,77.08760172128676,old mahabir nagar opp metro pillar no 553 near East Janakpuri metro station,13.686869557330603,17.490814011257665,1.2235392399650433,5.492445029184463,13.30446619157175,24.276589036001234,8.61436341919275,14.164251236968205,20.379729752387657,21.385129571530324,13.057840138944341,6.088995696022947,16.74257311644412,14.38248499442259,18.484047637505277,14.00578903141104,8.312707983374915,12.600610333281944,3.5318652847584304,19.14242606603712,20.282612316129335,10.29961643839898,16.82326062832541,20.16879041829329,14.260171190202806,Janakpuri,1.2235392399650433
28.63291365299257,77.08643864840269,s 57 old mahabir nagar opp metro pillar no 553 near Janakpuri metro station,13.742152274260345,17.587381143129445,1.2318491651549013,5.56936568685436,13.27781160604096,24.385825725066617,8.63231301513949,14.275618966419707,20.492498446718127,21.48212895135407,13.147116902442523,6.014833272723976,16.822507084304807,14.47021211303998,18.58296249615865,14.103449979821047,8.371586926130643,12.714129521591852,3.6398535614380823,19.242281232460336,20.395933310371888,10.410471846503484,16.926339040535687,20.27910180075635,14.366488038464443,Janakpuri,1.2318491651549013
28.63317938251778,77.08818007260561,s 57 old mahabir nagar opp metro pillar no 553 near Janakpuri metro station,13.68741047569322,17.459819660098567,1.2547585808941477,5.43149188324138,13.28746149378285,24.23124097754367,8.637156911563876,14.103122890950612,20.32766408450758,21.35369035150265,12.994325657453151,6.149649702786579,16.725674521178814,14.359374636391117,18.45076889443533,13.973792667627334,8.256965700882342,12.544573560700185,3.4687648124662944,19.108199934860135,20.22477222038886,10.238058159621087,16.785657242784826,20.106851449447408,14.196598746188593,Janakpuri,1.2547585808941477
28.53899695775005,77.26569805294275,65 bal mukand khand giri nagar kalka ji new delhi,11.030273625939857,2.8368666912333635,19.66539737457128,19.888296928187323,31.050372988933038,6.869753629196034,16.29735537076463,13.48281192151049,8.345904706908886,1.1695406470067289,19.713107106482145,22.253241380362034,5.99414467745572,6.5111342645803365,1.8209980454952963,6.279260195558022,21.838411970145486,11.344065404488292,18.13908926735022,1.3004558156252848,11.756160683334418,14.523693218642325,3.8804759991107023,15.15004559047992,15.808147693958114,Okhla,1.1695406470067289
28.53902641149024,77.26561523973942,65 bal mukand khand giri nagar kalka ji new delhi,11.022748425244304,2.8281395679498367,19.65671715459084,19.880365950373246,31.042590323554958,6.875004859173253,16.288935934729068,13.477575574088764,8.345572496512021,1.1771698374682653,19.707162922825123,22.244571914564304,5.987235002707375,6.502591342493998,1.812671941030289,6.270616516637434,21.83095984059137,11.337686935992362,18.13076034501231,1.2934739229412557,11.754969587107269,14.516797397511636,3.8731844770080746,15.148023796525633,15.802947372630618,Okhla,1.1771698374682653
28.66229784736335,77.28194419294596,E6 kirshana nagar near Gyan deep siksha Niketan delhi,19.769095291863998,13.34992950826732,19.47140171537734,15.24340726801051,24.02594446303634,11.045605993346161,21.322292486924344,5.084449637909973,5.990510855759785,14.646793902417677,9.818071104596948,24.315531583204375,16.996731549593996,14.880561230379719,12.90518863377364,12.693958430524127,15.09779230286548,7.229339821077697,15.75194927586214,12.799143892796247,2.649773723629778,8.958482802913505,11.181333996101062,1.4426910819516683,5.778765495112866,Shahdara,1.4426910819516683
28.66218311240027,77.28193078190088,E6 kirshana nagar near Gyan deep siksha Niketan delhi,19.758385213303377,13.33741326484663,19.467198867687372,15.242747156620599,24.029904575222364,11.034366966946244,21.314153438831905,5.081469445864769,5.978304849869943,14.63398136882728,9.82304629682313,24.310211154155727,16.984665968824903,14.869098767579432,12.892475200220915,12.682610020637346,15.099762604295758,7.222154657347312,15.748883869146294,12.786355442281982,2.6392885545281826,8.95555214648797,11.168889206980145,1.4545358738251346,5.781035318176332,Shahdara,1.4545358738251346
28.5402116231632,77.25771076977254,H  32 Kalkaji Behind Mc Donald,10.28103286318373,2.068161428048399,18.914680385710046,19.260776475611333,30.44014744808745,7.486901272946398,15.506700286888238,13.172025614534228,8.519255137417288,1.8397499356622742,19.32059137592339,21.465354764171217,5.289836106808521,5.7193307374757865,1.1983288206133533,5.542625219653563,21.271761866123985,10.912071369245387,17.45493278096309,0.9829976769269322,11.842606471174808,14.027932971893817,3.3732823326063044,15.154250922709707,15.498221968955667,Kalkaji,0.9829976769269322
28.66162885250218,77.28040024638176,S-32 KRISHNA NAGAR NEAR BY RATNA DEVI SCHOOL DOMINOS CHACHI BUILDING SATNAAM ROAD DELHI 110051,19.616338407640654,13.232238601621445,19.30772883842398,15.096916529193921,23.918540302309008,11.037042256935932,21.15564531097633,4.925536211464859,5.951288260050429,14.564479117441007,9.722504465993339,24.149014238078557,16.864759363072018,14.737148866451147,12.79854303266636,12.548908463855854,14.971303009906679,7.061434082359937,15.592513114655091,12.700037756289989,2.663686409528339,8.799688115745987,11.060863620256407,1.5829105895869966,5.655567221031882,Shahdara,1.5829105895869966
28.68613822408063,77.3127667978406,pocket F gate no 4 near Greenfield public school delhe,23.733217701771984,16.93643123543958,23.08449799330092,18.327982197743065,25.96168320070734,12.889896441192429,25.29927342159079,8.707062671812244,8.691350115492996,17.699411816589187,11.803242676166578,28.055462314161534,20.747501640427423,18.764978610971756,16.34556717532749,16.598673991927843,17.651264196705473,11.170218832475129,19.225295758519824,16.13330209448693,5.2511344684430155,12.484351697552798,14.821497346869972,2.6997059108834485,8.627229591366197,Shahdara,2.6997059108834485
28.52893447875977,77.29266357421875,77.29266726747801,13.555743269922687,5.698459499478293,22.51793063492535,22.53838393613192,33.647426050214754,5.680964116135533,19.062126998823427,15.405595487900067,8.971801047771907,1.9127235769449078,21.79556621939161,25.093149499394983,8.422448844229173,9.323923806827578,4.6373118670581945,9.126729075155593,24.35023063334724,13.604709249304843,20.900162641901122,3.9900571676347503,12.519164760785523,16.901921136792804,6.482070093199416,16.10116441009969,17.69857324699208,Okhla,1.9127235769449078
28.56893891600512,77.18709687434051,"ETO BRANCH OFFICE, DELHI",5.904931026468873,5.533168197722068,11.3430043283215,12.638167547187338,23.77042265486242,13.566194471757157,8.623192822551383,10.579867973944587,11.437644032648873,9.41877076690244,15.09816931429875,14.016092215901109,5.295874339524062,2.5165636867147527,6.636138569580853,2.244990658700131,15.172709128578935,7.532929384168339,10.352136013736619,7.345496145378891,13.284250135409954,9.232319094853771,5.4708134219382085,15.317629178880726,12.529982704225368,AIIMS,2.244990658700131
28.66308833842623,77.14483469724657,SHOP NO SH33473 new moti nagar near milan cinama Delhi 15,15.436278611611593,15.703475025715345,7.207974785394648,1.9646004387743974,12.896939945223773,20.44567878893472,12.665665439788693,8.374105169895957,15.78893537530497,19.3245125741279,6.628395946538808,12.46440987335136,16.5481976817487,13.744673940165248,16.365505121914822,12.415586092690386,3.9248817016335398,7.843308465781138,3.1878399380132922,16.873408915171396,14.867512799835376,4.663761804905418,14.300623540391191,14.114699286990408,7.964110930731752,Punjabi Bagh,1.9646004387743974
28.66303567843284,77.14479949325323,SHOP NO SH33473 NEW MOTI NAGAR NEAR MILAN CINEMA NEW DELHI 110015,15.430632654107502,15.700727710977072,7.201602830915054,1.9633748280492578,12.899006974740322,20.445716905423225,12.658983542779298,8.376994445571988,15.789917049924052,19.322287399853085,6.634939301706915,12.458044591490706,16.543998706925066,13.74063894378033,16.36316744238927,12.412320300932906,3.9293659294793457,7.8437622780324565,3.1812451331282428,16.87127555831529,14.869962436126848,4.665516026561815,14.298588509032216,14.118616016663456,7.968592050566452,Punjabi Bagh,1.9633748280492578
28.60554461843404,77.05436814576387,G257 vishwas Park behind akash hospital sec.3 dwarka ,13.262160331040537,19.08839427431387,3.735965044025992,9.933630893703993,15.997340535973482,26.801565937774917,7.068183806199972,18.07094657263686,23.46557703973786,22.929697168673975,17.489688474504963,1.7036380014029602,17.38496200526855,15.539647412036045,20.218040146908187,15.78271509142974,12.656804757415536,16.10591582177651,7.7840071319676225,20.929190028667957,23.844059781177513,14.287752674157682,18.902090653845793,24.11937158974266,18.431175638473366,Dwarka,1.7036380014029602
28.52360389582435,77.26192887872458,rz421 main road Gali no.13 Tughlaqabad Extension,10.54487612207129,3.5708828785039097,20.213999200757126,20.931204869362585,32.12975769430757,8.167408902338169,16.22765696811605,15.06394816636266,10.083676607682078,1.3611611573889333,21.202283161892076,22.42220372769981,5.406423714033727,6.68634466698841,3.0505328587420397,7.016276863147254,23.03058466074321,12.784583559347205,19.00521374934872,2.8404108368358516,13.505988898987159,15.862271339832372,5.236840989956935,16.897887097013616,17.39020784344339,Okhla,1.3611611573889333
28.57000394534595,77.25383967161179,sh no 10mane market Nehru Nagar,10.986463822891432,2.820835323862398,17.207083950686414,16.65442259878885,27.724819811752944,7.047353656057995,15.102417084532169,9.856159143840113,5.941482516010162,4.751752546354125,16.079646873477095,20.44265740628014,6.8478043011797185,5.726721110634071,2.304441635662368,4.2925627781164994,18.41444344415177,7.739862585078764,15.178216308626215,2.3852467416824976,8.91657365215176,10.985242397622848,1.0796310797020714,12.030367253401707,12.182607718659268,Lajpat Nagar,1.0796310797020714
28.56997891703225,77.25379943847656,sh no10 mane markit Nehru Nagar,10.981694910631832,2.816406312641253,17.20431900476637,16.653320997194726,27.72409786961493,7.05131862620838,15.098227314404042,9.857950943428389,5.9461829093288445,4.750765664303992,16.0808025853837,20.439094466071857,6.843100393253817,5.722007175238095,2.3012546796296856,4.288443221964568,18.41404101282693,7.7404829871439285,15.176368428516067,2.383323886056847,8.9208340307513,10.985354303087933,1.0751554769702243,12.0341553773872,12.184408957816666,Lajpat Nagar,1.0751554769702243
28.57485225910045,77.24111828953028,B215 lagpat nagar delhi,10.185977646661522,2.95082373113737,15.856149319220775,15.372124397990211,26.479690841509374,8.301148056917258,13.93669842265271,9.106888569108675,6.503576942884688,5.814871990527714,15.15425615935361,19.1481424624623,6.535681012411566,4.904835801619261,2.9997649861795064,3.155710309053676,17.212269462669862,6.734927784658831,13.840901581631611,3.3534367614792324,9.099107604074495,9.870613845637914,0.8185015017878309,11.943682670840541,11.42268626235299,Lajpat Nagar,0.8185015017878309
28.52609955199552,77.28245079517363,stall no1 DSIDC shed Okhla phase I,12.550461423260884,4.941094399472284,21.78938101535489,22.055361365819525,33.20796964987719,6.54211247283257,18.1336968183735,15.33642658819806,9.361567374059925,1.0439984603433774,21.660504025489868,24.231115490907566,7.412496328055764,8.451374011986553,3.9965438180193775,8.424185356954784,23.969892023482124,13.363357956369102,20.314148028804336,3.4382932478558033,12.892186602501395,16.600494159305146,6.014256788720182,16.424870500532286,17.649753577661095,Okhla,1.0439984603433774
28.57513403507146,77.23896883428097,B 215 Lajpat Nagar Delhi,10.028805001970396,2.97280501026627,15.647745461218554,15.197739206636024,26.31437734435518,8.512450842760506,13.733907516500668,9.053754264033538,6.655454842399867,5.9565415709590335,15.06143526301773,18.936158939582594,6.457192041654949,4.75372589085651,3.1045873583964188,2.9632966370727645,17.058689499691305,6.633935468053502,13.648006887375638,3.492236475391034,9.197274059478834,9.740637465438176,0.9198168840451589,11.998695183926568,11.364580292236875,Lajpat Nagar,0.9198168840451589
28.6673048764867,77.20773249864578,8785 roashanara road new Delhi,16.723288050367675,13.562817228833348,12.74625586657286,7.986386111867293,17.345557515570924,15.761215843111058,16.224190908700905,2.5245080731720324,10.639802994516513,16.469434042855,4.370165614607645,17.863285150435996,15.879562700677223,13.131578909707695,13.783016154293142,11.133354694482243,8.056210999925836,4.076351909780946,8.79915652826828,14.067820754115624,9.004214671316392,2.373095429816311,11.601122029305705,7.960419103699566,1.97641678089531,Civil Lines,1.97641678089531
28.58985364509662,77.0756397396326,wz 300 c palam village,10.553712205936279,16.577521769967795,3.755926610222092,10.085166003600829,17.83874782454975,24.53818978504941,4.434216892191557,16.801999641100412,21.49872236307299,20.38130723851409,17.184281669760654,2.9046546380474667,14.710742940893454,12.95991074643073,17.73414995829,13.359529567044481,13.090228366735664,14.52775713578672,7.405162755159877,18.45447990162825,22.187938451661434,13.19730544547991,16.536492788727596,22.81535756856584,17.479415285827592,Dwarka,2.9046546380474667
28.58688933855994,77.0722983777523,H 655 C main Ramphal Chowk Road palam extn Sector 7 Dwarka 110077,10.573658652241228,16.804466450618627,4.176797871358887,10.532559773586541,18.135978311053393,24.837688295892978,4.35466029689469,17.240616512710893,21.859178493235433,20.58853217772909,17.647557340511884,2.632253943847254,14.838579337430408,13.15846920112771,17.97090188469121,13.623436549104184,13.527543142224992,14.943626891382065,7.865722052984477,18.694130249261462,22.58980376540784,13.64823372723919,16.814429782527185,23.248565774342026,17.933690921145587,Dwarka,2.632253943847254
28.59991617841413,76.9990898296237,najafgarh,17.29758566929104,24.089227682766513,8.99804056450574,14.57214437599139,17.540088245364277,32.083547610527255,10.987432563210096,23.418154832493155,28.878376796528116,27.850804325559814,22.26518715135496,4.661621482322068,21.93241702693052,20.416708530644577,25.260959140661623,20.912642985609565,16.86114072767186,21.529870619068284,12.906685538689105,25.985215485799486,29.27024938850473,19.593329348218735,24.093505958623847,29.458739340168876,23.638425248527206,Dwarka,4.661621482322068
28.56083346717503,77.2711630538106,151 Sarai jullena okhla road new delhi ,12.136717142659682,3.4589610226070513,19.14718319188334,18.600841712017232,29.63738341587113,5.468786886922813,16.724706922836624,11.32973733837512,5.889489019322163,3.3454908365503284,17.687824877278583,22.26014455807877,7.489655874867565,7.0561291347262625,2.3194667535109326,6.0150284615813305,20.294263471498784,9.487769393029843,17.15326938905853,1.7858931890863887,9.271589779553661,12.803589192666067,2.845018477840147,12.670380525025013,13.63850769034627,Kalkaji,1.7858931890863887
28.56089795748114,77.2712730243802,151 Sarai jullena okhla road new delhi ,12.149230692664048,3.4716725917519837,19.15467698848756,18.60438446529973,29.639891949983955,5.456817471552412,16.73565936554796,11.326811773768537,5.878700524017884,3.352028846194128,17.685940738405005,22.269626366612762,7.502567568568168,7.067985861883536,2.3323803457893293,6.02485365773049,20.296103426477192,9.487855361507812,17.158581422772937,1.7984411208678182,9.261938779068078,12.804492543223324,2.853455753023762,12.661806109866426,13.635291075455436,Kalkaji,1.7984411208678182
28.60930930281325,77.0343129336834,"B-37Mohit Nagar, Shiv park main kakrola Road Delhi 110075",15.01833358468538,21.075648649378827,5.405470113261855,11.139584466048502,15.727025623906984,28.799409897672078,8.718535354269383,19.825617759170505,25.418601984373577,24.908432946682478,18.810516453186743,2.227919430180539,19.28779979172806,17.50556965470806,22.210553468312273,17.781332821298786,13.61783529383802,17.97267628232896,9.329335531293355,22.923250079692426,25.713874947591176,15.999676738613081,20.903988383438904,25.865301458270263,20.056604828522527,Dwarka,2.227919430180539
28.60930223863739,77.03429952263832,B 37 mohit Nagar Shiv park main kakrola roab Delhi 110075,15.018860027706973,21.07663697612813,5.40693816355389,11.141103653412477,15.727983757989344,28.800588920342456,8.718966927168589,19.827087765000513,25.41991301390998,24.90938499522814,18.812040570167476,2.227915806603458,19.288558754303406,17.50648229940678,22.211567832125112,17.782389781119495,13.619313275187695,17.974081361024464,9.330848720402678,22.924273269819153,25.715281368309018,16.001159988228995,20.90509217118027,25.866777326307012,20.058112715907807,Dwarka,2.227915806603458
28.62539113898306,77.28588603436948,south ganesh nagar delhi,17.079766929776262,9.722015069682367,19.338136868777593,16.350997427193988,26.283288949263667,7.223941565740389,19.71253229155255,6.415789484656306,1.955338963028621,10.590750845066713,12.595522562026918,23.708243901365307,13.630851942490365,11.897813111060723,9.09963530065487,9.836591770046464,16.95737360733399,6.786692764931271,16.097620566341728,8.896485992692602,2.008675274647829,9.727182338793105,7.655122687796476,5.380287841248166,8.229335369383305,Mayur Vihar,1.955338963028621
28.57695569703891,77.25888323038816,612 sunlight coloney 2 Hari nagar ashram,11.788403590483089,3.7373209562022542,17.434117216007696,16.536592151882658,27.524368926202705,6.589699334998286,15.686967075654138,9.242732891890894,5.040283640002093,5.319359881558652,15.557683443381372,20.8543618677208,7.752393762564341,6.507368041952552,3.1522844874324782,4.8953080517485645,18.161657531303092,7.330982435745655,15.212097041451658,3.108542308906135,8.004856058379016,10.65288056156306,1.8533121344261592,11.151860354888237,11.562953217769756,Lajpat Nagar,1.8533121344261592
28.56088028890805,77.27132432162762,151 Sarai jullena okhla road new delhi ,12.153302153369324,3.4754797098223853,19.160057991798553,18.60947527587583,29.644821633549746,5.452308525929267,16.740607119215657,11.330418981021499,5.878563971611476,3.3497895106206936,17.689862314234073,22.274882267868147,7.505728570091561,7.072559118857222,2.335498022116545,6.030058542679129,20.30091330871849,9.49229412856127,17.163871840852874,1.8003966944292296,9.262578489643708,12.809114380306548,2.858807309045776,12.663069155767422,13.63880415670317,Kalkaji,1.8003966944292296
28.53103148059643,77.262051589787,E471 nav jevaan camp govindpuri Delhi,10.58097656538587,2.9888311673687467,19.78940877579217,20.30712945492108,31.49575377224198,7.652932239920785,16.074626299565114,14.259161102646342,9.300007460980002,1.089407485037897,20.42379613090672,22.165979265480345,5.465769643828952,6.386988565944897,2.2966853822999163,6.482493018878179,22.351896462059486,12.017262676645139,18.44874827615852,2.0230971967680964,12.702793913456643,15.129178771956363,4.4778695757950935,16.080681010933283,16.58570646643239,Okhla,1.089407485037897
28.58210164068497,77.26404245942831,128 3 kilokari near maharanibagh ashram,12.511665486799053,4.490955601301263,17.765735138540865,16.594518811482093,27.49704160656581,6.179236145852792,16.276557687750795,8.87326133832791,4.278810534712945,5.774171847995134,15.257537959860358,21.318504848086494,8.514762700740974,7.2261254161611,3.8432972813752486,5.531309406070722,18.100930887183527,7.178488062700444,15.397678548677337,3.7161706754265103,7.271447779414724,10.545597827863805,2.5974311074417105,10.472503777763272,11.177333851884079,Lajpat Nagar,2.5974311074417105
28.61727915658225,77.2867564111948,E25 pandav nagar near hero showroom delhi,16.568128401545245,8.98214414819419,19.426739724457274,16.72168951867025,26.839272593072014,6.4335731083947225,19.45855733725462,7.006230574130863,1.153420859539287,9.70673699748919,13.300105647976357,23.669506597708686,12.950027288316946,11.338619284224029,8.303939743850792,9.33647779213243,17.470609294460925,7.018286142892299,16.313241580323748,8.068114019276997,2.8164951135975387,10.116228865360444,6.968524664524294,6.277530684746671,8.93460710038482,Mayur Vihar,1.153420859539287
28.65910816860556,77.05028381198645,House C200 Rishal Garden Nangloi,18.07140240993306,22.133140238130817,5.524676804789974,7.460882139402848,10.058281639319741,28.648932856300426,12.42954984106784,17.567809894530996,24.48086583057014,26.023323263504796,14.867637603370909,7.462690532535071,21.37660087020689,19.045261395452403,23.10651665942702,18.641687818898866,9.01337515879885,16.527356524287068,7.247073242565221,23.75441185636725,23.979103733782477,13.744104864168632,21.390794636294274,23.346908486908642,17.156640698064248,Janakpuri,5.524676804789974
28.57140375473108,77.25446965545416,shop no 1 apna bazar nehru nagar delhi,11.113254189786472,2.9857784537912497,17.21353891899528,16.598231644644386,27.65584804480205,6.985552964964056,15.180070822362886,9.719604653413223,5.785119488099291,4.871495196524059,15.95764346786869,20.485523940929696,7.004508959108017,5.846540188499656,2.4662112465539043,4.367802072149135,18.335634584563493,7.63220756410709,15.148478907959674,2.526827668012943,8.749947868820174,10.891458177516752,1.1842291658444992,11.863644380613769,12.045752194924672,Lajpat Nagar,1.1842291658444992
28.57122296424233,77.2543566673994,shop no 1 apna bazar neheru nagar delhi,11.094089041571479,2.9628650782116477,17.20969671042249,16.603073648358347,27.662555397862352,6.996428195845735,15.166890579306155,9.736442143794056,5.807373551797191,4.857041162387041,15.972208545846062,20.47684785807394,6.982178234124216,5.828125320422086,2.444896694040609,4.35472442418427,18.34374028154497,7.64450572201266,15.14958798773871,2.508895686044154,8.772869210918397,10.901717381869938,1.166990225141742,11.8860539539166,12.062650788974942,Lajpat Nagar,1.166990225141742
28.49670409056678,77.24190551787615,f-3 496 veer bazar neem chowk sangam vihar ,9.128432492407157,5.756847663788136,20.501766231531946,22.26601945301339,33.421757650051504,11.634868483899735,15.36112476254472,17.771306742331394,13.571234169301967,4.87066879924802,23.593093074886465,21.879204021153072,4.631772040172713,7.142534640026137,5.930965957006071,8.435722886459667,24.673351988295295,15.18940964985459,19.992582471971758,6.044755828040237,16.92085701701802,17.96139669159912,7.895247302098709,20.21109665951769,20.071500887015223,Saket,4.631772040172713
28.49666696395466,77.24185053259134,f_3 496 veer bazar neem chowk sangam vihar ,9.124778189893801,5.760680314252736,20.500630150208067,22.266844390039132,33.42232485362467,11.641585575285983,15.358057998847688,17.775085137003455,13.577094164446736,4.87725554044137,23.596066018481395,21.87651188727155,4.630530585075941,7.142853096349065,5.93587770219054,8.437577072107159,24.674742417854223,15.192614370285673,19.9927901128067,6.050195531388549,16.926437489204183,17.963875489659074,7.899456316367805,20.216338814181878,20.075174507844753,Saket,4.630530585075941
28.70823204148586,77.15066950768232,wp 65a pitam pura,20.43265727489287,19.740367859734405,11.392083392244214,4.977086332603425,10.260027136664295,22.941313212540127,17.613646888232914,9.685885449400663,17.82643298959834,23.071594185580306,4.2063675577477735,16.464296116135714,21.14695663393274,18.308394553086867,20.208550219063095,16.71684523443975,2.2176269180822845,10.69107652183364,7.822452021695475,20.6124636939376,15.933351328378532,7.391759562725393,18.04313697580463,14.028834463251266,8.05842839937761,Pitampura,2.2176269180822845
28.54248127808146,77.26473078131676,154 amichand Khand Giri Nagar kalkaji,11.000409275785762,2.626426183249469,19.40238440815994,19.542514293212076,30.696712460987918,6.761949019955403,16.162109218744323,13.084099515940165,8.016517278659231,1.5400013506190653,19.317516480395483,22.06176983100859,6.020444662496718,6.359672620809702,1.520823415492541,6.010762135700702,21.471600190600405,10.953179390319496,17.821698140899844,0.9279006340875662,11.405183124266257,14.141700832085435,3.510956705498783,14.781947529964082,15.409398275074262,Kalkaji,0.9279006340875662
28.54274105119391,77.26492892950773,154 amichand Khand Giri Nagar kalkaji,11.024708896741954,2.6381262582365825,19.406476642938987,19.535136682425566,30.68786333339576,6.731385307379752,16.178659582706768,13.061178422600552,7.982564032131567,1.5542915554518528,19.29752984046899,22.073280577992865,6.048325141675974,6.375458512881363,1.5233009423984472,6.014857724863057,21.46021377714898,10.935397336219797,17.818809212944725,0.9180179572860868,11.372255969075386,14.126739822823572,3.499683697855891,14.750341923081303,15.386331959854404,Kalkaji,0.9180179572860868
28.71247851954803,77.287827283144,B-8 JOHRI PUR EXTANSION OPP LALIT BUILDER NEAR HDFC BANK ATM DELHI,24.648391013487615,18.864221315123174,21.961365993795777,16.51492457405014,22.926231112018062,16.18837982554266,25.258678004139103,8.405504113764941,11.459206717271247,20.25211798934921,9.23129546456377,27.129269007843153,22.355468661493866,20.05324377260313,18.480617761201888,17.850658489577775,15.280670314864663,11.368011852422685,17.94262116645823,18.397419575124115,7.925156637408868,11.60936417037996,16.67989047166395,4.313491599411689,7.312328175667085,Shahdara,4.313491599411689
28.68609175230246,77.185731343925,7724 Fasih Building Clock Tower Delhi 110007,18.2332459945348,16.160060663843083,11.92738110289175,6.135034774071567,14.43517339810053,18.75563620867515,16.69230082700488,5.473049451158425,13.61667883036006,19.263441117394798,2.1964771031645296,17.180982609060095,18.08330643189476,15.264002002901464,16.491975571946742,13.4306838505957,5.35070897946465,6.780816731209153,7.876468641124092,16.82992506728578,11.775454547078285,3.83524541641737,14.305871223630652,10.167954992238348,3.973456265916506,Model Town,2.1964771031645296
28.71303868538493,77.28674065321684,B-8 JOHRI PUR EXTANSION OPP LALIT BUILDER NEAR HDFC BANK ATM DELHI,24.645288849011365,18.89787514027963,21.89592297794069,16.43195468535815,22.810817561012485,16.273638203942912,25.22480806615171,8.381965916942933,11.528044724592995,20.307072169486506,9.131970077292886,27.067929519526427,22.37641117979141,20.064651702467426,18.52163921014687,17.862317843322828,15.182739063443158,11.35328197445447,17.874367591217336,18.442986625865327,7.997431828381427,11.559695734739176,16.712675251023956,4.379810083426993,7.258307435515704,Shahdara,4.379810083426993
28.59576257844093,77.29947175830603,57 tanchua mohlla village chilla ,16.26776867852498,7.93440213598993,20.866585221628572,18.800714189335675,29.218900023349683,3.7966019265888797,19.968920173957958,9.525964490442687,1.6076242349285572,7.665642849740133,15.91202677338739,24.75052651194964,12.044078062373151,10.988313433455474,6.97893471040244,9.29581114735297,19.8031828661829,9.004070778624072,18.07633809829412,6.543090903150668,5.102833467481651,12.298973383830626,6.3273339804371265,8.726298338020527,11.55942370337162,Mayur Vihar,1.6076242349285572
28.53370428150318,77.27648891508579,B 6 upon 4 Okhla phase ii,12.010002731965585,4.0368192553805775,20.872436897692136,21.04264949198466,32.18908041617819,6.356071357688455,17.419676481850047,14.347985219042156,8.624560318693991,0.45554505209039664,20.653426286005594,23.42776412517967,6.903943747870386,7.663173781120845,3.0166261121673874,7.4864396714396255,22.94471675918112,12.342384764453794,19.328315697411618,2.4245250719806895,12.124765414149545,15.574380795209263,4.992488695985386,15.614655116985125,16.665371564092652,Okhla,0.45554505209039664
28.53370339784647,77.27648723870517,B 6 upon 4 Okhla phase ii,12.009831233916746,4.036709310987883,20.87233863212601,21.042605497139363,32.18904458023754,6.356259711746445,17.419528614348025,14.348027064880224,8.624690223690035,0.4553598955322627,20.653452604907756,23.427634145757715,6.9037672491873545,7.66303674305158,3.0165494106809922,7.486346545232819,22.94469391640882,12.342393924121886,19.328249592937738,2.4244773116685385,12.12488721533863,15.574375914956237,4.992456149907154,15.614765876323672,16.665415894366067,Okhla,0.4553598955322627
28.68672794327154,77.31907568871975,Main road Tahir pur h no 136,24.188766967732473,17.26670017070952,23.690464964575437,18.946874791407815,26.537055031314527,12.908302516940497,25.843882664885747,9.302491622631996,8.899985979134469,17.90741532338563,12.398972609379822,28.651656642887758,21.117891713967367,19.18452691267834,16.641648093344003,17.02897052062443,18.26124425115158,11.725757926376888,19.83762033044757,16.405931245170876,5.54243353923776,13.091110492049582,15.171058633420598,3.272109212872606,9.24604511228309,Shahdara,3.272109212872606
28.61926225467402,77.07267489284277,"C-9/12, Som Bazar, Jeevan Park, (back side of pradhanmantri Jan Ausdi Kendra) Pankha Road Uttam Nagar, New Delhi -110059",13.19470321016877,18.02458086482617,1.5051868289060037,7.5952934273471655,14.556424590760285,25.312844149166885,7.502608783900185,15.921864909392303,21.699335173761806,21.913178881902226,15.141033473095558,3.9879001516942583,16.79494840041818,14.668015313227432,19.093060862348082,14.603944252159103,10.377193206997783,14.12308619809579,5.472281610396673,19.781821976530097,21.8585403091992,12.095373739842774,17.59927191764936,21.96060100157689,16.17393844992484,Janakpuri,1.5051868289060037
28.68582321561081,77.31826297938824,Near CNN pump tahirpur  Delhi  110095,24.060933766228132,17.1410717631147,23.58451437986395,18.85791331850711,26.487370597290795,12.812270922289361,25.72185478582803,9.19222289655632,8.781991033283978,17.790249978907106,12.337411554543399,28.541120269030742,20.990736862877903,19.056461015205606,16.5178455667001,16.900891176854085,18.18854409860773,11.605638341678185,19.73609548693945,16.28362583337595,5.417907455279971,12.985863300947356,15.044551166022869,3.156974016154003,9.155584600887025,Shahdara,3.156974016154003
28.50120191245168,77.18326907604933,house no 10 A main road chattarpur gaon,3.8587514801894827,7.541248283613815,16.341868552327846,19.491656990929688,30.24506478467482,15.946659701918673,10.177183151515276,17.83635750079511,16.23972875129603,9.382862641519162,22.639311374072083,16.79089153567744,3.4508010401617697,5.605959636041071,8.538000132974862,7.789396721237345,22.291983676491302,14.851775481333398,16.808819689661235,9.09393776190592,19.048595697538577,16.773422487344863,9.425297950479276,21.78258236270835,19.924439886895534,Saket,3.4508010401617697
28.56113766082972,77.00235307216644,Chhawla village main bus stand,15.362924006156916,23.127232857501603,10.735414732009843,17.016337038776076,21.590259651586177,31.625232854718888,9.552539349350443,24.63504381629569,29.04918824529427,26.66982465640251,24.55320274987655,5.478918975333402,20.362597698670996,19.35774826837034,24.349342694171504,20.290105542335098,19.684851072539878,22.34157890945252,14.782223620751218,25.083237183688297,29.95342818570601,20.991471752847445,23.5227312491428,30.651817667595797,25.24156781677844,Dwarka,5.478918975333402
28.52114323647172,77.2557108476758,RZ 1912 Gali no 25 tughlakabad extension ,9.944041520544689,3.4564797450672606,19.85917362822983,20.767553059802122,31.97155585675966,8.810513738879974,15.702046386360033,15.221194584624905,10.547228572964622,2.0180163209518547,21.281389786917202,21.949082625737827,4.812570308772778,6.275667323567581,3.1714160719541074,6.794384029928858,22.934852407011046,12.848796062148377,18.76968758147431,3.112195849690581,13.927465967753662,15.856915058168873,5.321410260038948,17.272063206529154,17.54409855099492,Okhla,2.0180163209518547
28.64481873477898,77.27926835417747,38/5/2 Aram park shastri nagar laxmi nagar road,18.127326197723917,11.429474794557567,18.859566119656026,15.20641945048683,24.644327567640516,9.410237913425869,20.08479412115188,4.943094306685562,4.1957959166173,12.692142307897507,10.678822720735944,23.51184022185401,15.143926278433897,13.12685447546721,10.95580548075235,10.964339997589235,15.460382608217042,6.283187283104435,15.339701312424264,10.840336785683123,1.5979192584110593,8.65906126477833,9.273664549097399,3.3488854521609683,6.365976120829633,Preet Vihar,1.5979192584110593
28.64476694833305,77.2792375087738,38/5/2 Aram park shastri nagar laxmi nagar road ,18.12104614073426,11.423030008049178,18.855810532037168,15.204484876299274,24.64439781058189,9.406663294083906,20.079349023597885,4.941664194988645,4.19150499739251,12.686249903689454,10.680055624664455,23.507494714348493,15.137428747992963,13.120428125272843,10.949478524032436,10.957951153036813,15.45973896853452,6.278907927157881,15.336599697152764,10.834122204396182,1.5995309216064904,8.65659160635821,9.267193748508875,3.355261175825621,6.366673820123569,Preet Vihar,1.5995309216064904
28.653289,77.307345,"BSES Yamuna power limited, saini enclave, karkardooma, Delhi ",20.718337774196957,13.451374559973942,21.708324168309545,17.7907318962924,26.697955771704343,9.35137943567277,22.94061515949076,7.524734966780008,5.012303490135247,14.022211392802479,12.477176600383869,26.400678813468133,17.373501637775316,15.590568879508451,12.782168152114439,13.48833412530164,17.75244483567436,9.171648772589023,18.11647529621631,12.527460907934826,1.767193782259822,11.363560276020673,11.397604115971513,2.8904643536193606,8.441933799282255,Preet Vihar,1.767193782259822
28.49861933458837,77.31638979166746,shop no 1 meethapur village near primery school,16.125852851596868,9.394180260892448,26.19772225476399,26.55759784255965,37.696972260382545,8.08084212232021,22.08842725006299,19.434399465283526,12.520998296403441,5.532823016923397,25.85134444105756,28.38299106438707,11.106782374777712,12.687063637186906,8.504236803499811,12.89073502275234,28.425343196307782,17.694724612163544,24.818277475585106,7.939751885337621,16.0217962176604,20.991950512797278,10.500688180791027,19.650910985929766,21.709188740871387,Okhla,5.532823016923397
28.55941820420774,77.05042395740747,MBR Enclave pochanpur sector 23 dwarka ,10.836873575980418,18.429695039924397,7.847735039646434,14.24865462008149,21.133329874003223,26.94239503452257,4.855120245761639,20.59487302863315,24.495517818610956,21.991808564696935,21.351202836892018,3.6596367546855855,15.741801507438362,14.66117637602709,19.651075215723978,15.608409085392084,17.215847811198238,18.10463029702441,11.589231904544025,20.384978992370513,25.580380204689536,17.140942259254977,18.839470223635335,26.5293333650908,21.45130324946723,Dwarka,3.6596367546855855
28.57141759372962,77.25519686937332,34 apna bazar nehru nagar new delhi,11.176744643579012,3.0243282788629045,17.28016825756151,16.650959699292088,27.70435256453431,6.914555527558292,15.250821061600442,9.73558906801032,5.736008467389118,4.846702112171878,15.982772516833835,20.555910643827996,7.0532602971489275,5.911756044651667,2.4776493496716605,4.438579394604604,18.380737406012294,7.6654175055234335,15.208280728784224,2.517438738678057,8.71654140515859,10.93079934070142,1.2515639233788587,11.842196850502974,12.061405991240484,Lajpat Nagar,1.2515639233788587
28.57157158927155,77.25513651967049,34 apna bazar nehru nagar new delhi ,11.179532242267497,3.0357118716859226,17.269027920883,16.63532038790813,27.68799084544554,6.920634670594704,15.2468627749351,9.717536745656911,5.727316066427691,4.864797068922311,15.964689514953239,20.548130732882388,7.061974350209081,5.913506524907573,2.4936785839389493,4.434560059233173,18.36391881775491,7.647604053886527,15.194344379277084,2.535220330114564,8.703880323965485,10.913395863410441,1.2517870801794881,11.827396459343877,12.043361755725087,Lajpat Nagar,1.2517870801794881
28.55933162695415,77.05059595406055,MBR Enclave near mata mandir dwarka ,10.817743201291174,18.412302800924298,7.848473510756515,14.248228266637891,21.142489084660657,26.92608173380478,4.837667288700961,20.585600992629747,24.481371403003525,21.973802038025106,21.34750777427718,3.67121191825849,15.723152187797826,14.643702985461472,19.63376762248372,15.59218115553081,17.216607392150955,18.09384834093242,11.586785103043308,20.367670375598152,25.568142397204802,17.133298265515023,18.823174120091025,26.519220667896505,21.443827316267395,Dwarka,3.67121191825849
28.60564145993382,77.30629730969667,21 block trilokpuri ,17.396005535047255,9.169680040564458,21.404976059126497,18.966862023667463,29.1440432407481,4.325521052160738,20.880622554128205,9.307010374768804,1.2146895417439085,8.927624963419358,15.556517790636466,25.456949379014542,13.274164527454424,12.109739916298343,8.243215398294959,10.328479271107533,19.77119219069816,9.206137164896539,18.439793271631707,7.8217136164112695,4.131790406078504,12.381811952074663,7.474953674342232,7.753745732710595,11.189267315254057,Mayur Vihar,1.2146895417439085
28.67086201645708,77.2023630514741,4773A Roshanara road,16.945805318345073,14.071573531109777,12.434737881200649,7.462473347892508,16.692023292914314,16.41437381748538,16.19879630723077,3.1761243075517167,11.296215440997509,17.040546045051595,3.8476454312348958,17.595195956762034,16.279969664109004,13.507766611838823,14.325913824672867,11.550769195604628,7.418620810780287,4.595003698707823,8.442768516476336,14.627588014109609,9.628979097832213,2.3867598754391905,12.140715628453734,8.45819160192747,2.2987506171448637,Civil Lines,2.2987506171448637
28.70464617541688,77.08507843315601,"House No. 71B, Block A, Krishan Vihar, Opp. Budh Vihar",21.1309335395101,22.949160850077078,9.204785825223693,5.610614532316773,5.703506187817087,27.826616270127623,16.570581397734532,15.156361792646166,23.022763793990613,26.66211304146746,10.584097834355896,13.082661431609914,23.280152152562287,20.59193308158806,23.689683801804286,19.550299630933864,4.682212596490072,15.200595682409208,7.797290966169354,24.228649425052495,21.668490562617258,11.873133945559093,21.672981885471035,20.18682628841859,14.00011972975182,Pitampura,4.682212596490072
28.68329723107644,77.19747371971607,Shop No 6 Roop Nagar Delhi 110007,18.16032650400171,15.530319167887498,12.693968207384085,7.158707435000404,15.589212451809326,17.715555178353597,17.03676425693737,4.397195693586618,12.536792635384865,18.498253360349853,2.3987054225086504,17.926515186906077,17.679909211754108,14.890899623074299,15.788560853923297,12.967188773616275,6.536598817812866,6.057407026721856,8.640741588353885,16.088321835009182,10.607461934613017,3.549635287202397,13.603403495183617,8.992323357124508,2.786617975067311,Model Town,2.3987054225086504
28.68326987669526,77.197370454669,Shop No 6 Roop Nagar Delhi ,18.155015518848117,15.52999699646521,12.683838799838117,7.148211448656413,15.581769288061144,17.72054789630374,17.028614073609756,4.4024589806757355,12.542434718145252,18.499497060671555,2.4001451654189623,17.91648599543505,17.677382384010148,14.888035385081416,15.789050653186012,12.96511508270495,6.5274785070207,6.057644654746643,8.63057074045039,16.08925284144868,10.615189646054516,3.544835666120669,13.603833215590896,9.001967284552656,2.7955185285689015,Model Town,2.4001451654189623
28.55676784784509,77.2732276841998,"BSES RAJADHANI POWER LIMITED  
office of division head (o&m)
devision - new friends colony , new delhi",12.186609633717454,3.4983696506628768,19.49947260071225,19.048477502499036,30.100401454345995,5.384803322053122,16.918857367545034,11.823893634122118,6.237589634177949,2.887494202501094,18.18271246327692,22.534131359838707,7.431856856782033,7.18927279897991,2.293044813537118,6.282988334315168,20.76596006792467,9.975579355058324,17.56601749262745,1.6528173790456129,9.662895816861068,13.285083169808473,3.1835584163286583,13.093095064589985,14.13186945535851,Kalkaji,1.6528173790456129
28.53457674162178,77.27617677301168,B 23 Bate 3,11.988248560036777,3.970388354953906,20.800004023431452,20.951957701965423,32.096447276159076,6.31698671487659,17.375743207573684,14.246304286835054,8.53606116880814,0.510809647490667,20.552220586045195,23.371649803773987,6.888873010465629,7.611862992411929,2.936264835451747,7.412025632597685,22.849420377848404,12.242497208346157,19.243860735079792,2.3352237194934418,12.033534097614051,15.476166482564102,4.89927500125813,15.520368795929581,16.56367926756213,Okhla,0.510809647490667
28.59808932114303,77.05063082277775,Harmony Apartments  Sector 4  pocket 1  Dwarka,12.995148179791345,19.178472289253335,4.491666088287241,10.784736637965542,16.834720204855536,27.05819443054354,6.70344667591235,18.688666872126156,23.86127989648549,22.987918660559583,18.300100641182517,0.8049476455311979,17.291179755814966,15.567657915904274,20.329823451458445,15.935896028547424,13.540523964791843,16.630852935501974,8.546969477481396,21.048194553614046,24.355248916697256,14.94124861058679,19.09466962756913,24.73602081330348,19.125776025212783,Dwarka,0.8049476455311979
28.53438528407803,77.27616872638464,A-88,11.98550552505148,3.9779583989385814,20.80927102386245,20.9666216953634,32.111783302879466,6.331189893740555,17.377939112047464,14.266270071631654,8.557034475710335,0.49299330560236826,20.57150100690983,23.37674911782853,6.8846724365138225,7.61574099089421,2.9476221319356832,7.421788724742193,22.865735141636534,12.260873076167549,19.256540804695913,2.349329103891954,12.05468986546309,15.493698453723251,4.914784996828729,15.541652019690774,16.58374287226354,Okhla,0.49299330560236826
28.68446963902077,77.32731174677609,"217, Main Chhatarpur Rd",24.549259131647478,17.428124688443006,24.384637069968814,19.723071961796247,27.378261205089863,12.64013557223802,26.376448229334034,9.97299858400773,8.912640501234764,17.88516066302445,13.232840026286748,29.312081691444632,21.337167266693882,19.48748550400028,16.7518016674311,17.353347036171407,19.07952540214254,12.295330410237929,20.558823754679175,16.481304383048574,5.71363801793222,13.792802161946799,15.367055682531705,3.924617854176513,10.019037119091683,Shahdara,3.924617854176513
28.6844040480549,77.32729330658914,Shop No. 2 Prop No. C-21 Dilshad Colony,24.542737768546782,17.420901061130035,24.38083943516637,19.720655212093742,27.378458954828343,12.632824452417374,26.370996647314097,9.968997228176097,8.905185778971978,17.877661468574917,13.232307157973391,29.30784926029792,21.33009507436584,19.4807202873539,16.74446655566726,17.346681743855754,19.078254181588992,12.290261415449551,20.555423157452502,16.473908929805642,5.706553448996103,13.789156750195266,15.359932133283944,3.9206856193383413,10.016613740695776,Shahdara,3.9206856193383413
28.50373345509782,77.30050675570965,296 main natura roads ,14.4997733998587,7.8184824390684025,24.580020154073566,25.075272753075144,36.240813369270775,7.862276601571763,20.438285836011648,18.287094218760004,11.785476111834859,4.021962553603551,24.653393790103834,26.730561202390756,9.461446656005352,11.045671336607171,6.9924832232830445,11.312509114029941,27.01682126966946,16.395793040263467,23.272481526141103,6.475901527286548,15.327703660618656,19.64660103563274,9.057576687188178,18.93278155836647,20.58713507133235,Okhla,4.021962553603551
28.50363210027454,77.30034247040749,296 main matura road ,14.485734495544735,7.81327137882285,24.572500245182432,25.072644284713586,36.238783962467835,7.878058639896899,20.426135992818793,18.291540007531587,11.79597272659218,4.019796462222045,24.656824483417406,26.719796941370973,9.448646728335557,11.036616918299094,6.989661843924344,11.307015987328066,27.016024818349553,16.397563666269864,23.267958277035504,6.474593610565584,15.338433752145157,19.647325349712652,9.056513511031989,18.94308735793396,20.59192390723034,Okhla,4.019796462222045
28.64720912221682,77.27888613939287,16/ 124 geeta colony ,18.2993940187419,11.666550418851969,18.860222126217508,15.124505231038581,24.486776715158133,9.661256982262366,20.18406021100774,4.845257357301782,4.457676345676967,12.956004331162562,10.485738322551557,23.543241092421116,15.362030029732963,13.32097817590278,11.204376913636901,11.152186477285456,15.328401261359566,6.315171849197296,15.309018694286985,11.09502853163445,1.713908470259422,8.601620587645662,9.50619256183118,3.106553468235954,6.190598210313212,Preet Vihar,1.713908470259422
28.57735111747538,77.26193156093359,206 jeewan nagar new delhi 110014 near tikona park opp maharani  bagh,12.06937391954425,3.938396762216295,17.707053680354278,16.744301642759435,27.70811133506997,6.298633281411274,15.987861710279033,9.295378568500293,4.805645623156595,5.291959586817156,15.642063780559672,21.147552647450784,7.983978484647314,6.791455135591154,3.2768663397286377,5.1953717708625025,18.333626215467124,7.466682831417848,15.45326715207382,3.1673005257804863,7.837545646513297,10.806970207638624,2.129181552890752,11.0344578654512,11.609729716545893,Lajpat Nagar,2.129181552890752
28.57729929775599,77.26176191121341,206 jeewan nagar new delhi 110014 near tikona park opp maharani  bagh,12.052097724555532,3.92415583922212,17.692771402232385,16.734691065254076,27.70012396296174,6.314428393294999,15.970630834748077,9.295329679975433,4.82098017882989,5.289798233394194,15.64022841396342,21.13149089339408,7.968525979692091,6.774088516751766,3.2661810368228834,5.177950423273242,18.326369079043257,7.461554529559048,15.441348199767091,3.160005723055563,7.849662665428748,10.800778724169069,2.1119718538546652,11.044026866013251,11.610079548419316,Lajpat Nagar,2.1119718538546652
28.5202665408969,77.20280159264804,saidulajaib opp vidya niketan school mb road saket,4.791061907041031,4.699388058271219,15.93225448859634,18.17299823735483,29.206536044561876,13.281001546185362,10.807836569423136,15.351717590822098,13.387294057715481,6.976687955777595,20.516616948140598,17.27234306819937,0.5994262129162649,3.2502251754329254,5.739347297967646,5.265917165602156,20.783415721966307,12.44283315161924,15.71085191992038,6.335064379070533,16.221156512111712,14.683030599666463,6.581297085050117,19.023668587943597,17.518059153364508,Saket,0.5994262129162649
28.6480220886906,77.27931261062622,ekta bike  scooty spares rashid market patpargang road delhi 51,18.394536847727007,11.76568318509624,18.914977760492448,15.151272482164462,24.481800676638212,9.72125402879069,20.265429293456187,4.868273505088916,4.528614923201066,13.048157786939491,10.464159623506271,23.607001209052456,15.461441567382632,13.418819653645302,11.302145230921187,11.24940935018847,15.335126505700787,6.380594028774406,15.35390181848065,11.191388604973037,1.711616209660533,8.63814246061996,9.605560937880913,3.0076377293498138,6.178986956814237,Preet Vihar,1.711616209660533
28.64777787575407,77.27927472442389,ekta bike  scooty spares rashid market patpargang road delhi 51,18.37181551650207,11.738872796320006,18.907193819929056,15.15186296011518,24.491060233187955,9.699017609938943,20.248582097063192,4.86979635699407,4.504240573118888,13.020862035454174,10.477567286040863,23.596319949932077,15.435626364711712,13.394507049860387,11.274903128857993,11.22550354300636,15.341271224301353,6.3692900856109445,15.349163227066581,11.164010278406229,1.7036617947196313,8.635858852022324,9.578954189937338,3.0345833516268543,6.189838608549552,Preet Vihar,1.7036617947196313
28.50023783601509,77.24637072533369,F2 185 main road ratiya Marg sangam vihar,9.419994365892602,5.407568750072406,20.563215098279205,22.156892691795214,33.332252265203095,11.04857980142546,15.594818268723792,17.41305663035186,13.044508199092206,4.291901766937848,23.30069097712478,22.07685734847883,4.730624910725779,7.093557268247081,5.487754269723361,8.250127942256979,24.514996624256856,14.880531461614064,19.937550989812546,5.5564163369714805,16.41546030315115,17.712625318142265,7.508251851052117,19.732104842041412,19.721273731513346,Okhla,4.291901766937848
28.49824660136042,77.24560596048832,k19 ,9.414789688322243,5.617469078142513,20.653867581997392,22.305676242472284,33.47539871326926,11.258937172307778,15.616519262327646,17.627094528356288,13.277967858211941,4.513514074058424,23.500445131941685,22.114446555611604,4.800794628896393,7.21933528336995,5.715137005840182,8.419371254054138,24.67886769208406,15.083618961046724,20.068775183746673,5.788862448172714,16.649036947130597,17.901148923031947,7.726744624070541,19.96431489866258,19.933786945845114,Okhla,4.513514074058424
28.64866910310712,77.28141948580742,Shop no12 new govind pura bhagat singh road,18.585368384716602,11.903937658896984,19.129190077946685,15.343541096720951,24.631537562694653,9.690767355374758,20.479343037816168,5.057964173989887,4.53353119153173,13.130993053477782,10.58667664559627,23.824275004612954,15.620521198812078,13.596732311993184,11.423174155492108,11.431221485746642,15.502745683902363,6.598200809362232,15.56229658582423,11.300566672383301,1.5632976422769662,8.840239504485416,9.749536686429064,2.879907153994246,6.320488784632514,Preet Vihar,1.5632976422769662
28.64871000111028,77.28122401982546,Shop no12 new govind pura bhagat singh road,18.575977367099984,11.901526787488669,19.111051506469014,15.32400304034981,24.61248659293749,9.70341066962994,20.46512484726007,5.038400423641332,4.543375112249422,13.134380020035113,10.568574850755219,23.807071157809332,15.615626043015267,13.589292983032355,11.422672975678632,11.423200754794943,15.483272510576663,6.58126325351497,15.543438971179338,11.301314456658293,1.5820353878516624,8.820995869944086,9.746434061883743,2.8804767806216542,6.301645399511763,Preet Vihar,1.5820353878516624
28.49971071348101,77.29331474751234,B147C main Sharma market pheladpur,13.888556497585084,7.6014138097356945,24.237560969526182,24.939506040679014,36.12634523996148,8.52526776984068,19.902888385803678,18.456726508717864,12.219880168588515,3.976577155346659,24.775246656923162,26.25077102451126,8.90989324756414,10.651856473500606,6.88306377215687,11.070648536317615,26.95780016819094,16.453898952177497,23.057434157100666,6.4349573465176215,15.767324169700757,19.65686381432087,9.012084977650833,19.351312364655815,20.769393009185464,Okhla,3.976577155346659
28.70688845886295,77.27598365396261,D-18/241 main road Brijpuri near Arun morden public school,23.51777224208912,17.994887735323545,20.649909159174598,15.231036555303756,21.91723252547251,15.900110968058904,23.994975176104504,7.185283563250844,10.971043938555855,19.58202843135437,8.038811313102721,25.81789858288842,21.38165894914634,19.01370247254263,17.676856728901008,16.814596868987394,14.070176077604767,10.184541767279937,16.632419452038466,17.636321724160716,7.508663276419584,10.309202295869978,15.806266209646456,3.902690531035085,6.006167938895684,Shahdara,3.902690531035085
28.50116626063759,77.18301057815552,A10 main road chhatarpur gaon ,3.842745924817523,7.562157626350123,16.330737573021754,19.48821722667781,30.23837146480084,15.97066687561992,10.15939727792211,17.84670272853899,16.25960004837173,9.407907862628717,22.644409802439785,16.773127518777564,3.470501060085685,5.617204192921011,8.560158155918723,7.801629602633534,22.290217921062222,14.861211329975758,16.803573490273454,9.116755267322594,19.066337458412843,16.778522933729615,9.444083787087289,21.798045254790345,19.933496210456127,Saket,3.470501060085685
28.64365647600482,77.13695336133242,B 167 Mansarover Garden,13.353734966103616,14.52129491494297,5.372690138273772,3.0277957477904196,14.13621875611888,20.1546852163813,10.372333306267457,9.21501005801738,15.855340259437435,18.2879417019026,8.744311943485682,10.56808202369199,14.892875266180095,12.159593149623843,15.31262750799009,11.096283539471996,5.905288681258303,7.8991761718237,1.455191047729315,15.883839105597175,15.444781195391954,5.343474443579706,13.368267226979967,15.207076059912529,9.339219150754174,Rajouri Garden,1.455191047729315
28.65953005199654,77.28847101330757,B 11/ 2 EAST KRISHNA NAGAR NEAR KFC,19.945206297583717,13.278027949481569,20.025388149050514,15.897291888479522,24.73283569385125,10.524468156787412,21.691487935447824,5.688011576020764,5.585151655581756,14.391565845635977,10.524546928936877,24.82530193475891,17.00985274971547,14.979590519542384,12.772233878148402,12.809306666929523,15.792391519389678,7.665978664303097,16.344521075992052,12.627099732995454,2.109637388537764,9.558263822451048,11.130146686689757,1.5764713752778694,6.4768506138270405,Shahdara,1.5764713752778694
28.65947415401582,77.28856321424246,B 11/ 2 EAST KRISHNA NAGAR NEAR KFC,19.946458119996144,13.275541946722678,20.032895322230047,15.90668878394864,24.74357832474075,10.515510780537705,21.69583635308458,5.696589783806419,5.577999726518202,14.386319521124697,10.535417999763585,24.83201103608656,17.00860103092026,14.97969839523668,12.768836229032473,12.809712868061638,15.80270103731784,7.671679154027302,16.352743201260182,12.623118961577527,2.1009407378352303,9.566678226800065,11.128031345291713,1.5824158269214985,6.487275096929541,Shahdara,1.5824158269214985
28.77081197256837,77.17389073222876,H n 645 D Block Nathu Pura,27.45733327882767,25.526726421097855,18.565741771971656,12.239843360513753,11.688096687335637,26.736802721095525,24.928984808606003,13.88087703123536,21.45240163313758,28.393007444575392,7.609082379665825,23.463580048706138,27.57400367486317,24.752343764696416,25.752387563888767,22.913066550657813,9.198876589749082,16.043618714422085,15.135343143219334,26.01859936050654,18.620576426165922,13.326053741865822,23.572780816947482,15.575571382566201,11.600961834451722,Model Town,7.609082379665825
28.61636486807651,77.03308324136243,A1/29 A sewak park near om electronics Dwarka mod metro,15.613304246006061,21.452408377003255,5.376220619375651,10.790182655206124,14.968163915717378,29.043734401471085,9.351276966844845,19.750192195801134,25.548840263937198,25.304619385932085,18.48114935462909,2.9782493726391603,19.785549889799313,17.92755848433199,22.57097856393517,18.11772088817917,13.15793590173189,18.000758748049368,9.161177898131971,23.277872199734656,25.734902955136846,15.900974531126234,21.20691730024161,25.77464967798835,19.889680284814435,Dwarka,2.9782493726391603
28.56777846331116,77.24960044026375,215 vinoba puri lajpat nagar 2 new delhi,10.505078420143002,2.4034325831581,16.90440894949004,16.51436010060791,27.619731428553262,7.468418763299449,14.666974619601655,10.01091022096435,6.40435729680805,4.713851453855896,16.165731484935097,20.06384451942476,6.387491729655364,5.248676918103695,2.050321929572615,3.8678124621761483,18.34313405289674,7.779547303750875,14.965267987168813,2.273171269161705,9.328170992023338,10.969535153016114,0.6348747959270326,12.389887003175536,12.336342367908331,Lajpat Nagar,0.6348747959270326
28.61431091441196,77.31077391654253,20/79-80 Opp metro station kalyanpuri puri Delhi 110091,18.279011078159566,10.16079813532272,21.780929460609403,19.042418059142808,28.998440839217462,5.061427523907998,21.570715873579484,9.131151546094284,1.6542037540943098,9.984618349443293,15.215329019592925,25.966076427725017,14.255663388223889,12.995379637113698,9.26394001010365,11.146775465384415,19.68087792346863,9.37899555398534,18.67959757675981,8.85975948690518,3.3838998506367655,12.423484907053345,8.397615156478327,6.937192757157099,10.86433092136077,Mayur Vihar,1.6542037540943098
28.73093065607699,77.13526591658592,flat no 13 plot 5,23.026752717767838,22.66802477146886,12.977881633618667,6.935676732909787,7.949287391247012,25.75738809763543,19.731603204322834,12.448970840240404,20.590407154500348,26.008623194140725,6.397844462440262,17.72477325459506,23.986699045640304,21.15369111051436,23.144612649499276,19.612295283289466,3.82908597219314,13.61421516353554,9.91655597654902,23.54958973881871,18.500863000282106,10.328326044781308,20.980056241287073,16.288565962825746,10.634457845870022,Pitampura,3.82908597219314
28.67795475545718,77.32703346759081,483 Dilshad District Center old Seemapuri Road Delhi India,24.010796204374095,16.789234461759616,24.162377245515657,19.6470374561466,27.552953363988596,11.915492145103542,25.96926950530909,9.742868670935486,8.229620939785987,17.18611078328102,13.348377898604207,29.041317473104513,20.721891302343032,18.917248481147745,16.093117291917153,16.797549809822325,19.11798448607482,11.941028042719994,20.380551691306174,15.810554980638774,5.106766378414405,13.594414776054858,14.745085263085784,3.740461244834523,9.955052487864158,Shahdara,3.740461244834523
28.67867394508357,77.32689768075943,483 Dilshad District Center old Seemapuri Road Delhi India ,24.058350152462054,16.851111183653614,24.170262286828837,19.637912494814437,27.51722515641058,11.995355405902401,25.999693507091326,9.750194145529116,8.298506006767216,17.25823108338065,13.317880863702745,29.055111215219007,20.780274547732425,18.969070459159028,16.158122914375724,16.847263441524227,19.096239433041603,11.963896417947307,20.383116198760668,15.877554980638068,5.162518415087203,13.598710130785777,14.804300957980335,3.738300806438547,9.943306410535067,Shahdara,3.738300806438547
28.67821389960944,77.3271471261978,483. Dilshad District Center old Seemapuri Road Delhi India,24.039069119697437,16.819652767490155,24.180511122774202,19.659552010089826,27.555244295567615,11.944405466905101,25.993742729316907,9.760786127329421,8.260485473561577,17.216937067820535,13.352811202817197,29.061243409445794,20.751908187499918,18.94628242296102,16.12380527222426,16.82621497154609,19.125881033936704,11.96349901953676,20.39699854321641,15.841359326778946,5.136389354526046,13.611398699161404,14.775203517373097,3.7551988601130337,9.96660410571434,Shahdara,3.7551988601130337
28.57913534905941,77.21570268273354,prem nagar near tyagraj stadium tyagraj park ,8.557331098431948,4.089539239012797,13.361524646943383,13.300396650516038,24.489097983921067,10.81039340414387,11.583440905858675,8.68685057334569,8.423838734725992,7.77322303804775,14.11679149264089,16.63246472597939,6.139885383291206,3.6406416557958377,4.797719450105375,1.4392506443784345,15.395176746337459,5.8234974392488335,11.53831333915324,5.379911107099403,10.407306802244731,8.44551851165984,2.962198088574946,12.717997032063009,10.87549795605647,AIIMS,1.4392506443784345
28.57914153198751,77.21572246402503,prem nagar near tyagraj stadium tyagraj park ,8.559179802601188,4.089053278668242,13.363084438646727,13.301151915319293,24.489790424260022,10.80852752714325,11.585476336596283,8.68585584292316,8.421793799218593,7.772302726954962,14.116407146160746,16.63432886146434,6.140845682700808,3.642074888927842,4.796793706224297,1.4406328102304538,15.395615334426887,5.822778056279764,11.539422590342397,5.378828148006193,10.40540867939237,8.445413613264579,2.9607488353303273,12.716342500748192,10.874651908933172,AIIMS,1.4406328102304538
28.55437451871934,77.18241680413485,shop no 8 sector 3 r k puram,4.329011272113809,5.5373097368898225,11.904710971627155,13.898746395838645,24.9247247899423,14.141064465566556,8.052105908832136,12.249454635454049,12.56637383860654,9.247084799280323,16.739932548670485,13.966258762533633,4.076203959279601,1.8135649689060176,6.750653627324502,3.0480828751659126,16.556856007597506,9.206023410090303,11.432352724736987,7.484404743308034,14.666156556974864,10.875915680099169,6.108948745264716,16.86101934334412,14.212289389116687,Hauz Khas,1.8135649689060176
28.69846428194623,77.26441998034716,D 165 Street Number 6 Sanjay Mohalla Bhajanpura,22.14432298455949,16.874171426860354,19.22129548775747,13.901427205446872,21.05090637482023,15.41540070582596,22.533775983078733,5.758947360389472,10.31353983933473,18.663106672473074,6.940882255692179,24.376043154052823,20.150559598337303,17.724266684577444,16.624585982557385,15.532221296191624,12.89793986337076,8.781885303469792,15.215703486540706,16.628719779808673,7.009929988576366,8.846027088242172,14.688450683296628,3.6512569049614476,4.549362637875429,Shahdara,3.6512569049614476
28.61153802657773,77.29190826416016,A 212 Patparganj village near shyam tower delhi 91,16.584515819325564,8.734021190791587,19.956644437396154,17.41925797548923,27.611035036602164,5.621296441762856,19.722801411518383,7.798437132052049,0.34743054843438903,9.161662451757186,14.110027020705658,24.10403067195089,12.76996142348112,11.318359815723442,7.966376507550351,9.394845058326851,18.229611078662764,7.669115795854483,16.927456697540375,7.6686611864218435,3.3470748703812316,10.83172606964798,6.816983388265519,6.9179202507768816,9.745306725461356,Mayur Vihar,0.34743054843438903
28.73287250280025,77.28714566677807,C 116 indrapuri loni no 2,26.565380260784288,21.05019602222458,23.031701939038175,17.25159644161138,22.5619614512107,18.4161334804039,26.822705968908974,10.170018582434423,13.727076200131467,22.510621883580793,9.648781689378449,28.259619206671495,24.46726926192803,22.099077995098934,20.69894722299511,19.9006934960501,15.639405427508725,13.201712277380482,18.978281057458535,20.631971265814006,10.190490738807362,13.007702616288292,18.86253873745313,6.582167215721663,8.711436656463917,Shahdara,6.582167215721663
28.71222945797365,77.15539254248142,BD block 16 Shalimar bagh ,20.875005850365852,19.949134123138837,12.015614942259935,5.592440051541424,10.491051814072046,22.902297096942235,18.172423899919984,9.602582169273981,17.74772538593435,23.221010490389283,3.8215875224598,17.098915706057806,21.464646470756552,18.624163160734618,20.382295342562156,16.984263530311953,2.8525190629110426,10.78683299718329,8.406327324018253,20.767527993489004,15.744118438322717,7.5498006984250745,18.208187595406713,13.718329225944752,7.86084470525917,Pitampura,2.8525190629110426
28.74419829200304,77.12025661021471,B-4/38 ground floor sector-17 Rohini,24.650305330765583,24.64958608284474,13.962660195962942,8.368667591249226,6.242521114249967,27.834668838258207,20.99770078566881,14.52384905391977,22.6629850696507,28.032919808177297,8.398576052326959,18.398944406162425,25.84185991597921,23.019271643109533,25.153645366577216,21.541463370580242,5.419316341723801,15.669755107124606,11.309763497299306,25.57125483937457,20.532656265007017,12.361518106776488,22.99660746547822,18.228504147968327,12.682517611041078,Pitampura,5.419316341723801
28.74374970521269,77.12061200290918,B-4/38 Ground Floor sector 17 Rohini,24.596254685001867,24.589279868778938,13.922014861587558,8.316674438170402,6.281826337877291,27.775140235943002,20.951343436756723,14.464651451000618,22.60404136057758,27.972247679375048,8.342963162762752,18.366824936603603,25.783406761303148,22.96060780682869,25.09307496120447,21.48180404469346,5.363203711195937,15.609063719096289,11.259389053201401,25.51059559579346,20.476147487991568,12.300791812294127,22.93597726253822,18.175818829045195,12.625071368165107,Pitampura,5.363203711195937
28.74403720076921,77.12065659463406,B- 4/38 Ground Floor Rohini Sector 17 Delhi ,24.627365301679358,24.61548061434357,13.954125972818904,8.348313627826064,6.283028661137154,27.79412751818374,20.98358133071422,14.48296352482698,22.621867588761535,27.996989141907747,8.35597820123734,18.397897333592798,25.812217953623556,22.98922757762708,25.11839408465055,21.50925367100756,5.393548802828512,15.632023368831453,11.291299378178623,25.535430663563755,20.490281856110006,12.32492393726277,22.960995148655748,18.185594938868775,12.640491690538504,Pitampura,5.393548802828512
28.53924878696295,77.02948294579983,khasra no 23 7 bamnoli bus stand,12.27418465054328,20.461510181857427,10.811539664149427,17.235863997953075,23.516010112538208,29.172246954823898,7.141057572530547,23.526469921118554,27.054341909265425,23.826646642920416,24.385639695164322,6.094138464657383,17.380194581862266,16.703871451595607,21.69623152877326,17.903066946107522,20.165788200532578,20.961467452839376,14.614533867135755,22.425711407346654,28.32565222272433,20.131175724952143,21.102557640040505,29.416679745960057,24.444746046988385,Dwarka,6.094138464657383
28.5788621221589,77.25911892950535,147 bhagwan nagar near jeewan nursing home Delhi,11.914471253714744,3.9306384362272153,17.39651373191373,16.424205259706,27.3935734327797,6.592217394913269,15.742135336636533,9.047982160666775,4.873377202636016,5.518384953695966,15.374061089542039,20.86108401075281,7.927966840296179,6.629786129647731,3.3638541584253168,4.9687777739058605,18.02267581638285,7.169837791796588,15.131906353746361,3.3206625607113622,7.804933879678977,10.502417227035616,1.996868301884525,10.94135328868751,11.366694857200843,Lajpat Nagar,1.996868301884525
28.57884327889822,77.25910384207964,147 bhagwan nagar near jeewan nursing home Delhi,11.912139178685345,3.9280853978189816,17.395675618387813,16.424320598724147,27.393962940372184,6.593393043909691,15.740347018050134,9.049516042271623,4.875896958388488,5.516723409065994,15.375354626850273,20.859764356006696,7.925416091253195,6.627470321882442,3.3614792593616447,4.966809365344193,18.023186850003487,7.170698203036199,15.131585616211492,3.318553875787456,7.807468460137174,10.503104373554438,1.9944120571700277,10.94376538219909,11.368267055840779,Lajpat Nagar,1.9944120571700277
28.50187605357769,77.24694170057774,F2  16 4 near ksk  acdmay sangam vihar Delhi,9.423134676765182,5.235513517960407,20.486016611802512,22.032540625787288,33.21207235701541,10.880266504252242,15.574326644350906,17.236809905040907,12.854506025879589,4.114126207237516,23.135546460943047,22.04267659961672,4.6760636636649275,6.990511684496897,5.301547866920015,8.110756202335187,24.378418074479683,14.712986626324348,19.827507596102933,5.3664852862524945,16.22494616402412,17.556565004902136,7.328903761258734,19.54228224534827,19.546174138436125,Okhla,4.114126207237516
28.50211412336585,77.24689777940512,F2  16 4 near ksk  acdmay sangam vihar Delhi,9.41195345621951,5.2086962471671105,20.465510444701565,22.007894305599333,33.18772536464308,10.864680808388067,15.560106097682398,17.210051250087222,12.83140007156997,4.096154139763906,23.10878723675104,22.026799041041425,4.6582436781505985,6.9677021128098735,5.275509699187555,8.085141782253077,24.352931446338093,14.686191662649893,19.80398928838836,5.3415725689023015,16.200863760976354,17.53007342148135,7.3022471996397265,19.5173037513402,19.519391236253185,Okhla,4.096154139763906
28.75765470595106,77.18222100287676,swami dayanand enklev burari sawroop Nagar 60ft main road,26.071490719278742,23.911815157329496,17.683138358691764,11.275101969852061,12.290143777961239,25.069601891310775,23.79403553213575,12.216939851198282,19.784301958378673,26.741897815491765,6.002841158761515,22.704477227631976,26.0345541263395,23.222490328443307,24.11794888949858,21.350333351497127,8.35943179283901,14.42526525580398,14.08342931951505,24.374967489642913,16.97776427616918,11.789812215785416,21.94131324006628,13.984990619494267,9.931525985397142,Model Town,6.002841158761515
28.5262983889155,77.2311156615615,LIC market madangir pashpa 1 near kaushik state brt road,7.53658156121638,2.566833812884652,17.574542316141066,18.911729767913847,30.09690659138671,10.506133432179508,13.232153813443881,14.444619649295396,11.151468711099072,4.141727707203428,20.161594460866592,19.50380069433004,2.403427241559803,3.972166068947673,3.238250175384163,4.993867394041468,21.256345770296413,11.78227413675184,16.740903825709257,3.6994064254001655,14.256440487315412,14.507731354267815,4.750143194452812,17.337158883885202,16.723437656645753,Saket,2.403427241559803
28.52646482249349,77.23100736737251,LSC market madangir pushpa 1 near kaushik state brt road,7.526513864842443,2.552215016393987,17.55492018494325,18.89044408174565,30.07566069290846,10.506762936038093,13.217263627734505,14.426058867141872,11.14199909734184,4.150036441730466,20.141476402948996,19.48704512081278,2.394499852793119,3.9521339344159685,3.2300696462510947,4.972643960662123,21.235053282527623,11.762639547129172,16.71989170413763,3.694568362154122,14.244461607057858,14.487053830936828,4.734837009307176,17.323115095593376,16.70456836097541,Saket,2.394499852793119
28.72783274052401,77.17384245246649,G1/44 local supermarket Jahangir Puri delhi,22.69236316395375,20.93193885838078,14.464092707227536,8.032247934888485,11.689323897746004,22.92052212981109,20.39985137688204,9.6835422368874,17.659964292240847,23.959204357112707,3.2227446218023537,19.580280211336586,22.834511046285883,20.005609341157697,21.232031908854182,18.206706465188017,5.343560043320493,11.498721508652837,10.747506436114024,21.544552847614206,15.241372659007036,8.605714876134993,19.045393453842454,12.742968788358185,7.572907222218027,Model Town,3.2227446218023537
28.72813586225074,77.17408988624811,G1/44 local supermarket Jahangir Puri delhi,22.728016517048584,20.956788191036775,14.50554345642841,8.073698745089283,11.706065269700566,22.930580155017164,20.439912759504082,9.697615332996728,17.668973108174605,23.980272455352235,3.2355765758248927,19.62162985794763,22.864520447257853,20.03596374130089,21.25495608337656,18.235117905106627,5.383809939851214,11.521393938637413,10.788597128896873,21.566394025191755,15.243897535579817,8.634170396178687,19.0683653127728,12.737671040959341,7.58246526097305,Model Town,3.2355765758248927
28.62414420121265,77.2849452495575,C 5 Suoth Ganesh nagar near Bajaj Showroom,16.919538095117368,9.556413510029843,19.244146873932046,16.305425089793314,26.27854325092933,7.158859395479414,19.57416154110077,6.4143797584393525,1.8767285011017463,10.442574478538384,12.627954710386527,23.596337919846558,13.464581513224319,11.734753507925657,8.936865711266083,9.676338029783443,16.941830801037174,6.710862863227249,16.023615587941208,8.736922526492155,2.173956198554878,9.683076235260938,7.4888252781656846,5.524540634333999,8.260642525943918,Mayur Vihar,1.8767285011017463
28.6023258387721,77.30537999421358,Block No 29 House no 430 Trilok Puri Delhi,17.130503792187277,8.851696088454016,21.35051725614815,19.024886657162984,29.273933610933906,4.042539879375741,20.700112649668203,9.4648456348848,1.319564846730671,8.551687081726032,15.757476581273094,25.348738010540824,12.959668721572914,11.84584491874332,7.907088844866273,10.098912422834374,19.88641382598212,9.24409455588994,18.438619251689296,7.473207645545252,4.467859957467368,12.459261156679379,7.197489022011665,8.095834163511393,11.390481834424172,Mayur Vihar,1.319564846730671
28.62526164884877,77.2956646978855,A256 gali 5 Nina Davi  mandir west vinod nagar,17.801775654138567,10.197091832663379,20.292144575878662,17.268501254027996,27.10730501849063,6.7412571269617,20.589566076977828,7.247431631573201,1.7440398597826192,10.730274023774506,13.303850984487616,24.64942731801309,14.1836288048028,12.578596820125806,9.48263301037656,10.565523234367205,17.81307230521461,7.738177588579677,17.047284396253243,9.212209864635184,1.8061917497725548,10.644557726177695,8.203889174123688,5.4252203519882425,8.951814601616212,Mayur Vihar,1.7440398597826192
28.82702415094696,77.0803577452898,"Flat No 24, Block D8, Pocket 2",34.39776771714004,34.618270247960055,22.820306817232492,18.11295008798798,8.939060858187355,37.22563391062936,30.175158440192703,23.968877487286026,31.959280064128137,37.9323294523544,17.525709350444128,26.3363987446307,35.82276405698201,33.00620934661899,35.08592924038763,31.53712537862517,15.357717457489283,25.483764753955874,20.917908034152333,35.478228331334904,29.40018913395616,22.256473426837836,32.91579764591081,26.54010357111934,21.876895677993218,Rohini,8.939060858187355
28.82784688120796,77.08040602505207,"Flat No.21, Block-C8  Pocket 2",34.48625208737136,34.69804420173184,22.911595441804852,18.200504577911204,9.028637644051035,37.292612193927845,30.266159614312354,24.038543801070453,32.025414975767276,38.00942896710328,17.593883805743342,26.427737022313124,35.907053030461405,33.09011056472977,35.164183995767054,31.619051811852447,15.442590109323456,25.559382467983855,21.006736101015573,35.55563445042904,29.461047553093167,22.33426785387797,32.99367502763161,26.595302927160223,21.94386096915655,Rohini,9.028637644051035
28.82589358383425,77.08073828369379,"Flat No 21, Block A6 Pocket 2",34.26708275702989,34.48924639483499,22.693501285228358,17.98198493305289,8.82758866963202,37.10565119410449,30.04735666772565,23.846719974533524,31.840030920171905,37.804817444096855,17.40481183259952,26.216484306907724,35.69197442900844,32.875518717085264,34.95773251251273,31.40710928912832,15.22680941401868,25.35721669108365,20.78738580013538,35.350531627652366,29.28569317010362,22.128563035290558,32.78782231059576,26.431100641358192,21.756981532839184,Rohini,8.82758866963202
28.8270285568743,77.08117816597223,DDA Flat E436 Sector G2 Pocket 2 Narela,34.38161958639403,34.5830770933057,22.81839256507259,18.09398629380129,8.960660146842903,37.17455814347988,30.170672020955823,23.920565989433253,31.90738354270462,37.893125658194606,17.475835397361195,26.34718378282462,35.795786652297664,32.97843247463269,35.04839811728709,31.505575170155765,15.332052428286014,25.442542392817835,20.902972286355034,35.439461094054586,29.343592225786313,22.2182787897433,32.877712622519795,26.479172693910677,21.825806584915874,Rohini,8.960660146842903
28.62844823693351,77.09905575960875,shop no 3 wz 240 g block hari nagar shiv. nagar mother dairy road,12.743047438890525,16.28277862956803,1.3179941153691406,5.224431301983958,14.075263674014778,23.064683752941008,8.034166355371887,13.174350795165651,19.211410762161805,20.175465335237117,12.52151913186105,6.569594961954423,15.616747660151347,13.213332370452825,17.269068366307113,12.794613562538032,8.239288082859941,11.48701935515668,2.738484367800622,17.92518114951232,19.197580119653225,9.33471055341428,15.601081573736517,19.205577515771896,13.40515164837094,Janakpuri,1.3179941153691406
28.69757288989359,77.26187590509653,D 596 street no 9 near Laxmi dairy Bhajanpura,21.93752729869813,16.740806156483803,18.954918465498736,13.637024388621253,20.839357915279365,15.423251272757724,22.287648248402444,5.536525946527234,10.29314089236891,18.577215146256837,6.704853115964384,24.110970127994634,19.98696389403279,17.544737234985227,16.508378884455965,15.355476842823748,12.648650200736167,8.567711548210996,14.94872601924886,16.523279343198702,7.031762629240434,8.587044244834662,14.55700482252539,3.7479779618875195,4.286929155217871,Shahdara,3.7479779618875195
28.6575035840492,77.06589326262475,50 51 centre side ranjeet vihar udaiy vihar nikhil vihar nilothi ext,17.109194748357236,20.77937079562084,4.499305059763822,5.995075734908077,10.259401117691533,27.158881074593232,11.746211140256491,16.042540525037882,22.957138482752896,24.660653713492504,13.513970704311433,7.527283849004765,20.185545235245662,17.780643305276556,21.72808081102839,17.28324792905345,7.793709110561932,14.99796995301565,5.732817179686085,22.36567329515209,22.446678660419785,12.213609719392226,19.97346889854433,21.8420576422287,15.667789371266773,Janakpuri,4.499305059763822
28.71348475755663,77.27788802236319,H/221,24.245133975054944,18.750801418103098,21.157873856807843,15.625177667913766,21.95271908274877,16.545958487803016,24.642988852378284,7.881840607895308,11.667343840727808,20.318771277092207,8.279408762145378,26.347087094177862,22.136249166616228,19.761884863634407,18.42900018166666,17.563588839710402,14.332385042532792,10.896860146250512,17.12531574607887,18.384503490570737,8.180571335774253,10.904181240690178,16.562209487360516,4.5547038531933035,6.590370442238879,Shahdara,4.5547038531933035
28.67067110124375,77.28492446243763,Gali no 1 Bihari colony Shahdara Delhi,20.67746095574796,14.325172416728039,19.986062544396088,15.515767678878703,23.935415609519747,11.806737702719749,22.087749498101395,5.5672279626215895,6.85747937979902,15.595019014654776,9.674265901540865,24.901513577844547,17.9624307565026,15.824119381851355,13.87846504026244,13.633074423855906,15.174602921587361,7.9555944016249835,16.193401756737774,13.76746607702652,3.3951038470374635,9.40843934409839,12.15589862477807,0.5210821926136622,5.883211138093467,Shahdara,0.5210821926136622
28.67014306737074,77.28523090481758,Gali no 1 Bihari colony Shahdara Delhi,20.64990912397451,14.278950193854289,19.999063830184234,15.545153205673698,23.98479746190907,11.74136103628578,22.07849414690912,5.579270284920649,6.795209400650695,15.538696223269493,9.724801781947818,24.909061606807544,17.922122373529508,15.789849386665008,13.828559718634185,13.599697145153385,15.215233069923999,7.948755424229125,16.211543390676454,13.715369027030999,3.3301971847123255,9.424807316040772,12.110737985692328,0.5400409417258406,5.919768610908831,Shahdara,0.5400409417258406
28.69362638167914,77.30535719543695,H no 92 Block B-3 Nand Nagri,23.915998893560257,17.409863623042078,22.676655503577518,17.71748337410528,25.04702213884602,13.805466489032789,25.204406873548695,8.422387923381944,9.401001441115657,18.375570777109555,10.968325626586601,27.713566511003155,21.13304932799828,19.045874819091637,16.88292719336756,16.85948978097921,16.892772505063576,11.070154729989467,18.76135106870598,16.711451743217115,5.880293532855646,12.091970870274759,15.263910889716668,2.730463903186469,8.064083188560119,Shahdara,2.730463903186469
28.50323551912904,77.21403300762177,sainik fsarm w13 193 b,6.32430032579828,5.5703289168641765,18.057926384115344,20.352057827942964,31.395060807919286,13.269253125975602,12.601114867916854,17.082881498005648,14.211056258905055,6.543150798392683,22.479386804706408,19.157722611248587,2.473524270255852,5.310665339933949,6.293321974626658,7.123428814993261,22.937428537704424,14.264737461862158,17.899607586847356,6.709961114650146,17.297220846046038,16.684358853910382,7.710031561648558,20.318974329007062,19.306966723703905,Saket,2.473524270255852
28.6547797940818,77.29171514511108,A-80 RADHEY PURI NEAR NIRANKARI BHAWAN,19.764971575084505,12.911622734660329,20.23346083594217,16.256696858914736,25.23865052307454,9.919738202898044,21.68942628116693,5.994703443469213,5.032203033997326,13.903938463764586,11.058992093751405,24.975330916373714,16.70088619413359,14.741057569923372,12.364131335811102,12.588334228702017,16.241727925055834,7.764711633515912,16.6076165754699,12.193213473286564,1.5152966642568038,9.842515781739346,10.783248963109799,2.1204437687537054,6.946641154567294,Preet Vihar,1.5152966642568038
28.65479685844316,77.2917402908206,A 80 RADHEY PURI IN FRANT RADHEY PURI BUS STAND,19.768031793446017,12.91434504375488,20.236215770030928,16.258951491318683,25.24008722313511,9.920696631486692,21.692502138428573,5.9971060486077326,5.033955901031107,13.906139175558591,11.060164377928151,24.97821543475309,16.70375346073421,14.744054907761006,12.366712992042903,12.59135715976566,16.24353407763037,7.767657227259033,16.610216787065024,12.19569088677998,1.5165976714515224,9.845029242076535,10.786032992297297,2.118869352514299,6.948277272832495,Preet Vihar,1.5165976714515224
28.47362649911666,77.12410055100918,"phase 5 near durga departmental store, transformer wali gali aya nagar ",6.366879334047299,13.946811257393957,16.86421160340307,21.736371900184878,31.366611533136492,22.49101767499621,9.478901181638593,22.797078935304807,22.501181037028452,15.896303838991402,26.56439090466054,15.223534169816421,9.848591246774031,11.230963588976186,15.015346294705576,13.367701297648193,24.80613153214427,19.747608045243105,18.778893023056078,15.603415770661009,25.053790234438882,20.86899547990787,15.63949798906162,27.463300582580974,24.626544906115058,Vasant Kunj,6.366879334047299
28.68631499312431,77.31855500489473,Dilshad garden near cng pump tahirpur ,24.120681509752036,17.2027269260247,23.628154757031577,18.89168184932487,26.500231120010653,12.865218051263096,25.77608059206171,9.238487899256054,8.842236132037742,17.850287083587574,12.356341617866358,28.587589238278635,21.052259995154852,19.11722970498553,16.57933943955518,16.961377579424806,18.21340920021788,11.65845341203454,19.777083416119826,16.344874329455482,5.47948357325575,13.029056468807221,15.106182633534589,3.2062948710091472,9.190139354755617,Shahdara,3.2062948710091472
28.7159638491119,77.16379188001156,bc block  east shalimar bagh,21.311251671251252,20.01521785174342,12.820569239736875,6.3886853692762875,11.102387640865297,22.607892996904663,18.824235507524847,9.287184775668466,17.407437780271362,23.193874926642042,3.1697773435724996,17.938875839743726,21.695972776532585,18.856995295616127,20.3953387497116,17.14541329757651,3.7588969790257307,10.716871438690367,9.12531923065958,20.752310633086626,15.260902305660183,7.598554935953667,18.21249442849296,13.08567919674144,7.402750527510757,Model Town,3.1697773435724996
28.76718681401749,77.09160290658474,Hno 1441 Creative Heights Apartment Pocket GH1 Sector 29 Rohini,27.663970916731753,28.246284499909983,16.15941448968585,11.408041106494961,3.9522897034878026,31.620110602803248,23.474964951743306,18.31017244603169,26.448628018542617,31.700458868414508,12.138006820215598,19.97057339447542,29.22586659373704,26.429610144796655,28.796789891633246,25.058760291917405,8.790567206787378,19.403874841574094,14.179999411436716,29.23617170400615,24.282000258137987,16.06592898120016,26.65534756363486,21.876771043103368,16.452070662482384,Rohini,3.9522897034878026
28.67013630145984,77.20261417329311,8206 Roshnara road Delhi,16.87520381746215,13.987307635420882,12.421752639150942,7.485313782823334,16.755248965280106,16.341740178882574,16.15057179663308,3.11419884939953,11.228137839767346,16.956857663064056,3.9317718813560845,17.576525291364817,16.198692553842058,13.427507355142218,14.24166825104558,11.468676010410277,7.472656496829745,4.510679909876076,8.435798440816214,14.543610838983124,9.578833909549132,2.327715930709795,12.056447445905105,8.437143231552355,2.2991658802280104,Civil Lines,2.2991658802280104
28.6978719820357,77.0539953187108,t 9 gali no 3 prem nagar 2 kirari suleman nagar,21.608883462370844,24.520580752369305,9.068786948640884,7.709443636180171,5.734857334869885,30.0725788455946,16.38062750332609,17.812756966509554,25.455752873140813,28.33681200010994,13.63660667144993,11.787158861366336,24.363056977385003,21.815640715775732,25.365869348526047,21.046165214406706,7.6291437788080625,17.506322722701633,9.058591683500298,25.954392250548032,24.353037348985577,14.300915376309112,23.454935028567615,23.081134430202255,16.847704846498893,Rohini,5.734857334869885
28.59815496609713,77.29343041777612,Mayur Vihar Phase I Ext,15.890422570633394,7.692375533218869,20.246116984907655,18.153902074049416,28.585287964471007,4.400623328582509,19.45577372420404,8.923236000488064,1.2786507733954184,7.745739859304068,15.329358152962616,24.16644818467546,11.789388817135197,10.604389031706285,6.805614347926856,8.843745594067984,19.166818175086114,8.357434248786705,17.435087181074216,6.427349849398936,4.822841905422302,11.655996994152243,5.968204733227141,8.411345044836931,10.985669819275122,Mayur Vihar,1.2786507733954184
28.5981375981536,77.29349981993437,Mayur Vihar Phase 1 Ext,15.89523739566118,7.695698109584484,20.253087545781273,18.160842971099406,28.5919007915351,4.394392747386735,19.461891777107592,8.929311373014347,1.279934933773099,7.745604581350145,15.335153900015634,24.173169691331616,11.792924731949531,10.609228252848865,6.8081762628919344,8.849237996981993,19.173481641264438,8.364363070588672,17.442132355131736,6.429277083806751,4.824534125894438,11.6628038355537,5.972691850299095,8.413624535151591,10.99132181672265,Mayur Vihar,1.279934933773099
28.57334679120283,77.07904078066349,Shivaji Marg,9.11632714383025,15.837709212819963,5.46617759049712,11.588103069057732,19.699377668115527,24.118012688035094,2.7973138850363912,17.403454843906328,21.438334593946212,19.545088103528517,18.384673092653284,3.8414518261290778,13.591746790250927,12.119162347975292,17.032794404992813,12.807054446545521,14.654234210517751,14.91374362861634,8.763393577554677,17.763388019681905,22.42108955776687,13.982993424533984,16.033439424785733,23.33424631966873,18.29680512978554,IGI Airport,2.7973138850363912
28.66127081787832,77.00924601405859,Flat No 1 Pocket B1 Anmol Apartment Loknayak Puram Bakkarwala Mundka New Delhi 110041,20.76122299886798,25.676362502000863,8.827942963407747,11.41478191593442,10.829134374852112,32.51447999162716,14.662471971317286,21.57618573466911,28.444983105286113,29.57311427419421,18.6179526925909,8.486865115796949,24.54713893869725,22.40260570065263,26.70412660755769,22.213386815999574,12.621557199929129,20.513085708356208,11.2082375971348,27.37442651032429,27.989702545008925,17.755421147202888,25.086736424572184,27.329017424896673,21.118534094009117,Dwarka,8.486865115796949
28.63188574717593,77.06206172704697,Hno. 115 krishna colony UTTAM nagar ,14.939134696469731,19.58604787779376,2.746565791391907,7.478518799938816,13.078245602632531,26.64746264045361,9.194924768312376,16.638872962893565,22.84216284135933,23.481539101364827,15.1680576401716,4.693591062393102,18.48731402316227,16.302403820094646,20.627768141135167,16.134799182084326,9.93028349762965,15.092414324825345,5.976984233340832,21.305393597192168,22.777794982340996,12.768548412417305,19.060942221159095,22.627073803836655,16.658296410340327,Janakpuri,2.746565791391907
28.79733806869212,77.04672452062368,f 87 sector 2 bawana industrial area,32.093040037058174,33.42145643326365,19.914877426759062,16.21503613251273,5.4149505702046845,37.104072877179306,27.312394028868567,23.805821146555875,31.948620783987725,36.96828112774231,17.64522250272534,22.82154140979059,34.11362492047195,31.368301526208775,34.03531414653259,30.142107890920602,13.961177825219654,24.7954537480044,18.720547649050722,34.5050787966797,29.788973850983723,21.428497027474744,31.921569596263986,27.331474145975978,21.962925009809656,Rohini,5.4149505702046845
28.70354839473396,77.26090896874666,B3 Main Wazirabad Road Bhajan Pura Delhi,22.478559741204432,17.387363588683076,19.17550603226195,13.71546317284998,20.573567471700223,16.069805688190836,22.695452332071685,6.05271447713846,10.954556823116196,19.24617546055531,6.565712316583985,24.359267131656626,20.602989771046996,18.138990374032353,17.166158239174518,15.9545841746387,12.577270988360796,9.098718672583292,15.148245303237251,17.186230150107434,7.667758114152165,8.923429621621324,15.205313199335652,4.30395512085097,4.6095510548628305,Shahdara,4.30395512085097
28.70082786047524,77.05595601350069,gali no 12 gaurav nagar kirari near veer bazaar road,21.817920031728995,24.605281687601938,9.310123447438938,7.681063224559431,5.401235968108259,30.06017001794468,16.6465020816073,17.71713963257444,25.408458354585267,28.41000614240876,13.431198640783633,12.128960307883688,24.50851514569657,21.942095900465347,25.437046054314187,21.13773206212379,7.451332732543284,17.475321456689883,9.14914852331846,26.0191214622214,24.255248907791188,14.244532147173112,23.510013383533984,22.931783023238875,16.707970310252374,Rohini,5.401235968108259
28.73784323081668,77.11037434637547,shop no 1A psp4 sector 11 near BPIT college rohini delhi,24.101753130067642,24.506390951777423,13.079030199336486,7.792437519194212,5.407315972486908,28.06581183608987,20.223160935903863,14.806750889087661,22.950380007510677,27.97398569170115,8.91787835038239,17.380445016082895,25.514017106995226,22.709803338665132,25.06386450506357,21.319980844126366,5.055869817150122,15.72904732530404,10.663202138773366,25.50942113228358,20.971314548485687,12.370011454639782,22.927330072676984,18.824651471966973,13.090019246376112,Pitampura,5.055869817150122
28.54300376892817,77.26361196488142,90 ami Chand Khand giri nagar Kalkaji new delhi,10.903739490587242,2.5062311600515046,19.278629368926378,19.424926622289835,30.58089072950522,6.832346927892059,16.04786481879436,13.000203739021215,8.003252799390113,1.6488447522467267,19.224217315562704,21.94141924446362,5.937332840282964,6.2443068680329725,1.3971714692982455,5.887003878504658,21.359479732179516,10.854149918747247,17.70007533818558,0.8157665606239308,11.378225293362501,14.03617967280913,3.3991999375122064,14.742569263772117,15.325949371085397,Kalkaji,0.8157665606239308
28.54309978443887,77.26375948637724,90 ami Chand Khand giri nagar kalka ji ,10.919904376620902,2.51770234448609,19.286597380553033,19.427190943995328,30.58239155998579,6.8146658828688285,16.06123444748989,12.993479906128325,7.987914973818859,1.6495426723443405,19.21936306327653,21.95271136146365,5.954550586472255,6.257415699648217,1.4042361803913879,5.8949598000890795,21.35959404615113,10.850562443887899,17.704648378264313,0.8155396793998569,11.364049449132775,14.03426310311304,3.399113309592752,14.729628862407914,15.319151093385832,Kalkaji,0.8155396793998569
28.73782088835248,77.11032304912806,shop no 1A psp4 sector 11 near BPIT college rohini delhi ,24.100192957891267,24.506814834841908,13.075739532985287,7.79097460381289,5.403050261390604,28.06792220246078,20.220429688317996,14.809182132773829,22.952759651935967,27.974786540869875,8.921402680439485,17.37632055613468,25.513550989796542,22.709442192347733,25.06453567242661,21.32005334212108,5.055725388118961,15.730480947248083,10.661270113435798,25.510219965306504,20.974349225692173,12.371270866454301,22.928108966919318,18.828342323196924,13.093001226397709,Pitampura,5.055725388118961
28.51557686171823,77.20516361296177,khasara 155 saidulajab ignou,5.096279520158734,4.904504331351282,16.466174237216418,18.743228462529903,29.77434339925941,13.305033350712163,11.22232027060061,15.828023552867904,13.629659653003342,6.8592045191286335,21.048704207845393,17.721910798932456,1.0020831455540273,3.7933524519642017,5.8701287640018975,5.759638820674615,21.35193976774404,12.939199528024169,16.27787276081891,6.423951901526094,16.533362561682264,15.222287848365715,6.879221757327718,19.394337099995862,18.00938745789286,Saket,1.0020831455540273
28.72310586831891,77.08750281482935,H NO 174 POCKET 1 SECTOR 24 ROHINI ,23.01798389082455,24.395136867236527,11.253616452346817,7.077324927397241,4.205436247916174,28.78310113626153,18.599115569761764,15.791268015314893,23.831803893320924,28.031171326263802,10.549373135961602,15.119592282823898,24.956565403525108,22.222286946583296,25.072191090467296,21.05779974814755,5.261975116703986,16.205382273072072,9.577321650043094,25.578761110981127,22.200189331738706,12.822525107596343,23.00353386380577,20.406552622572427,14.373177925226512,Rohini,4.205436247916174
28.60492382992183,76.9819837063551,Rz 30 A  Raghubir Block Najafgarh,19.03108967551476,25.843975814244168,10.500303266997138,15.754079595301441,17.63320604882409,33.802868594005794,12.733793928284788,24.897035082517647,30.531941828872156,29.609610415796944,23.43531229626015,6.410429742625134,23.688846349883928,22.175508695273702,27.01331552291106,22.655269640830934,17.85430784472715,23.100528055081863,14.300111136079016,27.73678709574995,30.841024320250884,21.048838942651262,25.829180524002624,30.92251932926981,25.01920009004657,Dwarka,6.410429742625134
28.63945369965567,77.28386700153351,plot No 21 Metroplex East District centre Laxmi Nagar,18.005200251669955,11.043366241400786,19.2351794492613,15.762476847729134,25.323737565392687,8.671499681309937,20.197285741357682,5.54898458404125,3.4839055298144994,12.126551237514926,11.40300724832338,23.80837063366403,14.84278319836022,12.928893085489422,10.506202769276126,10.795857537503924,16.103921744400854,6.614507728609549,15.790338220967733,10.351462051343395,1.1291466645969173,9.177120189734428,8.916159232689475,3.840810896687963,7.074789422225432,Preet Vihar,1.1291466645969173
28.63944487197091,77.28384722024202,Plot No 21Metrplex East District  centre ,18.003143449776026,11.041695263623739,19.23315999612902,15.760795317891999,25.322522611301842,8.671551861601436,20.195120073699226,5.547496031907137,3.4835568754903283,12.125407522750365,11.40214085518216,23.806271413455583,14.840956276418424,12.92691141052182,10.50468287443038,10.793837349995938,16.102536381568083,6.6124635876884374,15.788429980164683,10.350051831654577,1.131235506520033,9.175360407784659,8.914419037301222,3.8420362227890226,7.073795943241622,Preet Vihar,1.131235506520033
28.72305647274321,77.08730366081,A 174 pocket 1 Sector 24 near Hanuman Mandir delhi,23.018204646962104,24.402528807203204,11.248190795271766,7.082970812281951,4.195334657399158,28.795592244263688,18.59491981476297,15.805824752677246,23.84538573905113,28.03955831578323,10.56735683681673,15.109105869607736,24.960768382023858,22.227133886532318,25.08036103594192,21.064320673737306,5.2750119490004925,16.217051268470822,9.57904893420644,25.58731602461903,22.215683041962002,12.834426434849277,23.012245527755848,20.423788630424873,14.38933348900782,Rohini,4.195334657399158
28.60623369233067,76.98606133460999,RZ C8 old Roshan Pura Back Side of pizza Wings NAJAFGARH,18.7505816923744,25.49413930324595,10.08276144892607,15.333331133242652,17.33913394279469,33.4239323163812,12.43902412620904,24.476192284867935,30.13159141380429,29.26859032849321,23.015825401372215,6.059061610493397,23.37669140956565,21.834944240825802,26.65982913053321,22.291902077504457,17.444742332049263,22.6872010392267,13.876864402290913,27.38221709812498,30.42724576670992,20.627086330176674,25.460218849093906,30.50077272589694,24.59546488733347,Dwarka,6.059061610493397
28.49889453756559,77.23635837435722,c 115 b bandh road sanagam vihar ,8.536008951410187,5.5095079922560295,19.93944883321772,21.78341846522289,32.92530975280912,11.857968083608748,14.76701175607081,17.501570655139563,13.564765828460894,5.05409611731595,23.25118183636596,21.28710808347837,4.069527657807605,6.639819437228793,5.802569353030178,8.019829221521137,24.221808839033976,14.869511586311885,19.48026277869062,5.987350022769455,16.866032834752186,17.58299377586653,7.679111523572732,20.10558290739571,19.79104280550398,Saket,4.069527657807605
28.49542115228678,77.23281886428595,L665 shop no3 ,8.352686710293884,5.918934256578875,19.959739581070508,21.953447459358248,33.0717581479191,12.37395011988837,14.630383940550724,17.87948412362064,14.06133870207185,5.571655790044088,23.572656529760565,21.179455329959914,4.125307556461737,6.800323230740661,6.2678751140602165,8.286903170942397,24.431970525744855,15.212942576337545,19.605466468624396,6.47590317988213,17.348023980027104,17.874682170843858,8.09955514923347,20.568693389305075,20.16062860811415,Saket,4.125307556461737
28.5948208570799,77.02266007661818,sarvhit apartment sector 17 pockit A Dwarka new delhi ,15.022673762651177,21.7193554025198,7.03579679336437,13.028574117074228,17.502602155373946,29.739266868081607,8.687842863629646,21.384755721238207,26.608741713886374,25.48270977269074,20.669946806144402,2.2987508069200118,19.592414456859167,18.0486220688941,22.891510034916603,18.548822495418538,15.567453507118893,19.375341165626626,11.059858585206982,23.616011935323172,27.104348270936445,17.605037005127596,21.735006082048958,27.433448112617846,21.740309726915978,Dwarka,2.2987508069200118
28.50187634821885,77.28917241096497,mb road phalad pur new indain oil pump,13.444840834701447,7.146788400607799,23.767404815085936,24.492870372291577,35.682789700722864,8.466325514357779,19.44297114772445,18.097329446608068,11.990483526758796,3.5747900335942786,24.396450280696648,25.784042365937065,8.451066200162007,10.18087761350432,6.4509465006483175,10.610301177928594,26.526841289932594,16.057399174499572,22.59840144687777,6.021743551625147,15.536595776390142,19.245030951323624,8.592316727421665,19.105925771682028,20.413720801647862,Okhla,3.5747900335942786
28.50176084882149,77.28897091001272,shop no 2 pul pehaldpur,13.42792033116083,7.142541478372028,23.75835161160951,24.48983125441495,35.68019471070498,8.48632533688283,19.428268301302392,18.103272352611715,12.004214731782486,3.5778262454539136,24.400806671945197,25.770927903876448,8.4361171195025,10.170743509519648,6.45021992301868,10.60477246655258,26.52597463964375,16.0602724946333,22.5930998541373,6.023265065035533,15.550186828237377,19.24636909987561,8.592979530865389,19.118761513602013,20.419918903563097,Okhla,3.5778262454539136
28.72624214557195,77.09721710532904,212 Ground Floor Pocket 20 Rohini Sector 24,23.10719150283975,24.118623324575573,11.638634200064788,6.9425474148388995,4.731882481439307,28.23402529818029,18.909774197552412,15.138368201880748,23.226007255981443,27.70025135679363,9.702422081414946,15.730813913603168,24.843642875198935,22.07902938155869,24.754597556819885,20.829667513537604,4.743773268587592,15.711325008475608,9.62286606888024,25.240656304580355,21.48920180810146,12.322415768540658,22.65924927928471,19.596571824677728,13.630740011041226,Rohini,4.731882481439307
28.50196238340206,77.28708565235138,RZ 59 vishwakarma colony M B road,13.242785173477177,7.0006202666529935,23.593632140505722,24.353436637820476,35.54610111406358,8.546365891172808,19.246294595293918,18.024533992688323,11.991838955948337,3.4817932529634517,24.31040025108057,25.59264318498826,8.253726650581783,10.002130403971652,6.328240110770213,10.455996527176996,26.401823627629003,15.959988451624453,22.44505816135366,5.915481015591471,15.536095607298721,19.135902661747778,8.47906538104654,19.097266409653926,20.342975770037732,Okhla,3.4817932529634517
28.66350961742084,77.2854008898139,383 10 B East Azad Nagar Metro Piller 95 ,20.08750890740705,13.587294092733815,19.830682892039196,15.574207719532136,24.281413017044443,11.044319362550674,21.67796634034777,5.4373739187618755,6.062784314425627,14.80463440119958,10.053346768138457,24.678189844390026,17.26599633689922,15.176878518894501,13.117843092067142,12.994492302406043,15.391451013397697,7.590314960747674,16.104909391881606,12.99499538626851,2.6275166686190743,9.310719275847422,11.42573837544144,1.1862793668749085,6.069947157848136,Shahdara,1.1862793668749085
28.66350726391161,77.28541128337383,10B East azad nagar metro pillar no 95 ,20.087955725763038,13.587388069676106,19.83160833961146,15.57523158652626,24.282448142629644,11.04371110653281,21.678669543332145,5.438337596557178,6.062373807280398,14.804455232288282,10.054368919365988,24.679066376498348,17.266214286725734,15.177216516898955,13.117847499673173,12.994851354024634,15.392498259655314,7.591088152692095,16.105875067493677,12.994941770724164,2.6269039814651873,9.311687444342233,11.42586107006285,1.186229644281728,6.070994408169634,Shahdara,1.186229644281728
28.50191347299829,77.28709705173969,RZ 59 vishwakarma colony M B road,13.244912009755469,7.0053850721422375,23.597628751484095,24.358308796628737,35.551018608728064,8.550742626457799,19.249060991566857,18.030051674485755,11.997198129016185,3.487236263641322,24.315859645073292,25.59580304468772,8.256442346185244,10.005947258721132,6.3333894299338915,10.460573400440808,26.406921367997306,15.965376990413018,22.449646665271892,5.920810458711427,15.541470412562315,19.141188574791595,8.484318929974544,19.10269388028482,20.3484993732623,Okhla,3.487236263641322
28.62603947013981,77.2755954042077,s 501 school block sakarpur near shiv mandir,16.38495601203367,9.35458236728315,18.335542381056023,15.372435281579587,25.3951051087214,7.870454771959704,18.821158901256595,5.5485714332465585,2.611332706191934,10.592728708813665,11.845234758035204,22.728335401953107,13.14808244820754,11.267596431110237,8.845920927396756,9.155262439093995,16.040908103882465,5.780200951378693,15.091845494703552,8.721949148680642,2.5722049650322907,8.751429509929753,7.221274993743795,5.4586450013360315,7.482141265299841,Preet Vihar,2.5722049650322907
28.62623635248106,77.27559674531221,s 501 school block sakarpur near shiv mandir ,16.400136178268166,9.374839063630091,18.336218688572018,15.365741863503482,25.383379994742835,7.887467535426951,18.830307035034092,5.535467837692793,2.6266101209879866,10.614618581050886,11.829182434983668,22.73208909792462,13.16695063396968,11.284244166348651,8.867047772911775,9.171007432249786,16.030314193202532,5.778067138206918,15.089322051751541,8.74347627020453,2.5575258281882887,8.744376926237296,7.241003865796392,5.437361264997538,7.465788850516089,Preet Vihar,2.5575258281882887
28.64815213920308,77.29002065956593,h 97 jagat puri delhi,19.11634515795721,12.17106479376542,19.9503755106521,16.182219446425734,25.40703646685551,9.290636412411866,21.181950943024066,5.895776466383611,4.311061799228071,13.151906066202912,11.308322090241635,24.620469131832248,15.981005827468739,14.05859286164029,11.613214755618149,11.91838485122103,16.31220977224851,7.3910762186972345,16.39860341136415,11.43878646431987,0.8958744449298245,9.68124092800857,10.050300820009298,2.842537512952686,7.088917150792328,Preet Vihar,0.8958744449298245
28.68903825753425,77.27026619017124,House no 116 ghonda ,21.53043728223046,15.938908564981594,19.306069169057217,14.25689155507601,21.89959478566857,14.228341957419374,22.234498574710127,5.341907086663467,9.149263465424182,17.597622041915116,7.675400598108612,24.396431895248256,19.322657905942435,16.97047062663144,15.637039380227113,14.769605181012626,13.493322267481371,8.26138041698911,15.354299167000494,15.611713721372167,5.818933870345821,8.775482470827853,13.750257296543376,2.4997311924323307,4.627258918655769,Shahdara,2.4997311924323307
28.72381210489088,77.28916972875595,Pilot no 802 west jawharnagar main loni road GZB,25.792183758458197,20.117239235738477,22.679576319677707,17.047421458523768,22.86304258313176,17.38962123299207,26.233030208213485,9.460278447451627,12.711263328465968,21.518491714443524,9.561751274419889,27.88299821009856,23.582340662832003,21.252727250223096,19.742753855553868,19.051281462031493,15.604600710474616,12.463732887663918,18.637633439626615,19.662883023324113,9.171572937629199,12.483075925546103,17.931587061041352,5.572236418359602,8.168937992586184,Shahdara,5.572236418359602
28.72380475440991,77.28917006403208,Pilot no 802 west jawharnagar main loni road GZB,25.791498424383356,20.11645483163791,22.679196870987113,17.04716086496457,22.86317753944038,17.38881480826163,26.232473009119975,9.459648895034563,12.710445341232187,21.517678899693536,9.561600888029032,27.882597454844717,23.581583818989774,21.251994917788327,19.74195711866399,19.050547729396605,15.604474848704923,12.463078465209156,18.637266047961337,19.66207997428501,9.170755187948819,12.482577755375907,17.93080407349866,5.571419183038945,8.168437981894979,Shahdara,5.571419183038945
28.51505894855968,77.2307451814413,1b 94 1 99 1 mb road khanpur old petrol pump new delhi 110062,7.571266405512922,3.7879266565680703,18.330495534793194,19.954311622775343,31.115809363131092,11.17992139539778,13.566659829670023,15.694229057134557,12.228019909703603,4.501971060911881,21.385651237794693,19.97439626058087,2.582067380001407,4.8521913783896835,4.314325662665762,6.141753291785088,22.361571375822418,13.020094931253809,17.701965682024483,4.6642229517712295,15.404055556179541,15.705548150604539,5.976534213030179,18.534312701334567,17.97130084280007,Saket,2.582067380001407
28.51509459567883,77.23093193024397,1b 94 1 99 1 mb road old petrol pump khanpur New Delhi 110066,7.588787723971383,3.7803428170090667,18.341819267013587,19.960269649151265,31.12245445262252,11.162543001222351,13.582499296281513,15.69032640429148,12.215303357274538,4.483620947550444,21.38484386093563,19.989173938973362,2.597148498062312,4.860356701295438,4.302349970050526,6.144058115263135,22.365842862457427,13.018087428389368,17.709728230759545,4.650312136362177,15.392993892466725,15.706235912892103,5.968992858146641,18.52495188427889,17.967917419406916,Saket,2.597148498062312
28.71722704289446,77.06110518425703,174 175 pocket 4 rohini sector 22,23.26954192419784,25.55065361881081,10.915150146537645,8.281444697573852,3.6055384698286224,30.550436199486086,18.303321676910073,17.844964140234694,25.74242594778934,29.296304927538547,12.997487743174824,13.991342975085532,25.70869321984354,23.071007341409164,26.321301368247184,22.123022163203366,7.3032286219341245,17.924423962436318,10.220034424894212,26.873486412307344,24.339702853040663,14.597078608883196,24.32857000026069,22.74932101577271,16.611876223602923,Rohini,3.6055384698286224
28.70581657985345,77.10288628935814,House number 13 pkt G29 sector 3 rohini,20.769670528439825,21.956791295325868,9.446480127874725,4.659180376000447,6.629043703437322,26.448117344793,16.638989351133635,13.598886014456435,21.558081538060822,25.59487756919436,8.848283082595703,13.809521611340957,22.56052011790349,19.812449028625995,22.634796725602705,18.623964020791266,3.0371852358191482,13.841512313116596,7.285738101639218,23.14361406376232,20.078710839145735,10.472048190293558,20.569700136136586,18.50214609711078,12.346354588227518,Pitampura,3.0371852358191482
28.70042349441119,77.26973611861467,b 5 shop no 13 near mother dairy yamuna vihar,22.589841158492828,17.17352094629455,19.782716720137806,14.456827037547338,21.49421330815206,15.423994242995475,23.057065512277376,6.243540233436321,10.388722705196864,18.86430243681326,7.440205219056372,24.93526203647209,20.50969171155591,18.116358540175177,16.88917968200075,15.919698499317901,13.421401304881718,9.247250496984329,15.777976049729924,16.87132459461613,7.007161152881138,9.394845906358496,14.985379568585119,3.515821879629335,5.104905014403509,Shahdara,3.515821879629335
28.70033526888048,77.26974215358494,b 5 shop no 13 near mother dairy yamuna vihar,22.58164358610942,17.163968820974745,19.778923983459958,14.455043835669342,21.497278689157373,15.414618164114083,23.0506716098834,6.236180837508884,10.379048268295705,18.854483229726405,7.4414145300597365,24.93104846811702,20.50051298153338,18.107487456629606,16.87948820842557,15.9107869053928,13.421688119739787,9.239452601857042,15.77451707781615,16.86157135610418,6.997780409895895,9.389700136056067,14.975820612065485,3.5072194226584292,5.100326457437961,Shahdara,3.5072194226584292
28.66515912020582,77.2581908851862,2187 Gali No 8 Kailash Nagar Gandhi Nagar,18.65756609175384,13.12170688868954,17.309676967902966,12.914372638231203,21.78687050914748,12.405524503806747,19.627804711990663,2.89794845147182,7.131720289234565,15.011740404331348,7.676777593726291,22.246318573649283,16.431626231412533,14.06565199508274,12.889392572736892,11.864888872926278,12.778219996252973,5.513671287152881,13.516281410911706,12.916441721266102,4.46790701408378,6.729259013644719,10.936616252416894,3.152282913754204,3.479081227628674,Chandni Chowk,2.89794845147182
28.53595522566778,77.22838651388884,t 370 f chirag delhi near bhagat singh College ,7.377755964439008,1.7116680652758285,16.726690301610525,17.868782179216183,29.06316645093532,10.291192216932064,12.740892990373837,13.371913897301807,10.439967137206372,4.415158829069993,19.057367012954295,18.87437296499009,2.4804077952226966,3.1415577110892876,2.6915674600541397,3.9109547439940893,20.18007105958715,10.685199251513058,15.749602911691875,3.306008508101367,13.427246964033966,13.401894733607431,3.811186025408648,16.419795253592472,15.6424792487331,Greater Kailash,1.7116680652758285
28.48829457940789,77.31854628771544,Sindhu faram road gali  no 12  ,16.57483922859899,10.272640117624789,26.992819151037573,27.532936897107927,38.69360778118838,9.203037050251282,22.647615769072182,20.56304974968771,13.688169124702775,6.478507760368142,26.96862504117082,29.017576989481448,11.656041606298512,13.419745655805457,9.451635208161523,13.763476410674961,29.45360218641633,18.775057199342747,25.730754895374748,8.924083459526281,17.187561483756948,22.05302121224111,11.501575859014208,20.81703110102233,22.844224635633726,Okhla,6.478507760368142
28.48895731056794,77.31872767210005,Sindhu faram road gali no 12,16.57425736120085,10.238357559134258,26.96708647471174,27.491259884978007,38.650013093850994,9.128181186236937,22.63981603943206,20.503606107113658,13.618597905561641,6.4371689484257,26.910939698184244,29.004538809450416,11.647433132584098,13.397881233300991,9.411180918578813,13.730295171810953,29.40661385834176,18.722002853380783,25.694895664024944,8.880136561667394,17.116891076932635,22.002292394981374,11.456506328740039,20.746521801515602,22.783795504854666,Okhla,6.4371689484257
28.67135151088463,77.19360362738371,garrage no 57 gulabi bagh truck market,16.780657984068945,14.362860168179136,11.697708424628088,6.610039937302874,15.940536906797703,17.088357435809655,15.730070046785269,3.9569740279920302,12.020203331050581,17.453860775542694,3.697063325157685,16.88740114880824,16.378364575927975,13.575209657979281,14.683514911009723,11.691181953698386,6.6151815367641715,4.9714783949042705,7.679163472405231,15.01988791252441,10.454204736880406,2.1789362954833598,12.497162745836475,9.310513479134135,3.1180843451458142,Karol Bagh,2.1789362954833598
28.66792676692808,77.19373974949121,47 metro piller  No 124 Near Pratap Nagar metro,16.41347613481286,13.996710980890736,11.53565576791132,6.619971145581602,16.162197944537002,16.831624050742366,15.429639020514198,3.7980234711861804,11.795840273897989,17.107737712792833,4.077900246979176,16.70351231013644,15.997675209328175,13.19419175869077,14.327392664864668,11.312204727268687,6.797378115814967,4.628832812795919,7.540442142457912,14.670124610008173,10.327020729683031,1.8035065363080458,12.141601301220211,9.315867162695247,3.1986072270607924,Karol Bagh,1.8035065363080458
28.67332152633269,77.2835649177432,Shop no 9 GT road shahdara near Shyam Lal college,20.82894394546615,14.564705162913036,19.9406696669664,15.389110259722683,23.705036251270602,12.129009158397285,22.151216234741895,5.5346474233941025,7.168352972253527,15.879942154519938,9.439669963399558,24.88247744608449,18.174220288961315,16.00799622149565,14.134816751982148,13.813199789432542,14.9905439636347,8.012229020655337,16.123139358319396,14.033710258004612,3.7160571252103636,9.349733643272113,12.390935792451778,0.5319080015488951,5.7250669922451225,Shahdara,0.5319080015488951
28.62232747731112,77.06790324300528,A992 JJ COLONY PANKHA ROAD UTTAM NAGAR,13.748287360849819,18.592682975846053,1.9426384380348707,7.686356693105273,14.173536768461911,25.84128911280931,7.9930055252081145,16.28983084087061,22.183366253028847,22.48248875503734,15.300230454086586,3.9836169189093122,17.37150425142927,15.243631655426244,19.65748058444816,15.16711734522963,10.371312978195744,14.558666531665352,5.745404503463443,20.34463176431113,22.285815787898397,12.445851433413287,18.15133138604204,22.318605138022956,16.474792931969798,Janakpuri,1.9426384380348707
28.66796736324296,77.19373673200607,47 Metro Piller no 124 Near Pratap Nagar Metro Station Delhi,16.41779255332234,14.001089558899066,11.53739357545619,6.61958810114343,16.15942218982613,16.83474483340371,15.433098172941197,3.7998514009734716,11.7985671708086,17.1118940431785,4.073385193530758,16.70553477711254,16.002198491660323,13.198714718181886,14.33166030428962,11.316715466351667,6.795000864065706,4.632925603709938,7.541861744705505,14.674320838937174,10.328586502379904,1.8079220757678516,12.145861377918322,9.315849089238275,3.1975293087240906,Karol Bagh,1.8079220757678516
28.62230628740898,77.0679884031415,A992 JJ COLONY PANKHA ROAD UTTAM NAGAR,13.74133903112771,18.584184554762697,1.9342724663054334,7.681835892030261,14.176539986178659,25.83266189536103,7.987580917601689,16.28229209443573,22.17492248788741,22.474009036749113,15.294981728630145,3.9860998085162853,17.363546443223836,15.235338627569941,19.64893569511573,15.158561332481689,10.368166519743987,14.550541961630042,5.738675653201471,20.336071129583743,22.277770331351263,12.438460255837247,18.142709555000955,22.31117739881621,16.467925864198126,Janakpuri,1.9342724663054334
28.52018759080321,77.26390767842531,gali no 19  shop no 5 churiya mohalla Tughlaqabad ,10.748605000867062,3.9881229374231677,20.583310819208936,21.347735958720573,32.547427252666296,8.273897121789913,16.50440952208373,15.475773989172358,10.387037805519563,1.4888442460564797,21.62376665397012,22.735205179074153,5.619416928856562,7.028827601429135,3.47392383190773,7.419873829551085,23.45425475457477,13.207944467013125,19.40892790161993,3.2424148351713162,13.831058980530555,16.288440771148768,5.6606118912213175,17.24469349828993,17.80223507966279,Okhla,1.4888442460564797
28.53957189327025,77.27889720350504,Z17 Manav Kalyan camp  Okhla phase 2,12.315808633155875,4.0472817752827615,20.78434541359187,20.749190354204227,31.865115334628346,5.763852073770176,17.57144423254517,13.809095696681604,7.938206446690383,1.1229995807923008,20.150639722372297,23.48249919858529,7.258853585628469,7.774010764841319,2.908758958522492,7.397317831369428,22.581312654728016,11.889873021687219,19.114257068261804,2.2254692516985948,11.445115195860952,15.159746715435954,4.69114069740962,14.94693825849359,16.119665856903243,Okhla,1.1229995807923008
28.71245205494609,77.1550602838397,BD BLOCK west shalimar bagh,20.899571214979243,19.984959471968313,12.018578928407349,5.597139269799714,10.451518886733695,22.942852572210484,18.18644705543936,9.643299135600875,17.788458053776342,23.258573177803942,3.8587109085646336,17.098053683764594,21.49628411437656,18.655839978402962,20.41917767366591,17.017953044797224,2.842173550417107,10.825409578946832,8.416724871431068,20.804920575703136,15.784550859697967,7.586682382359694,18.245280083248566,13.756840319670145,7.901306021580581,Pitampura,2.842173550417107
28.67321062753705,77.18246541917324,b927 shastri nagar delhi ,16.76776409488596,14.924531153145773,10.857639339683244,5.537479657359994,14.922606359733788,18.054216541402795,15.299809449108041,5.035811076705594,13.038189916963404,18.144476644703524,3.6554230205015523,16.08505731440259,16.702893990393118,13.874319396184594,15.31939380492472,12.090347404360829,5.550355758800847,5.7158104276852475,6.808387739808329,15.693488568655889,11.551281339401054,2.5084691471690803,13.140527387152733,10.393542022992433,4.166650608624778,Karol Bagh,2.5084691471690803
28.70781388301798,77.07499869167805,H NO 228 Pooth Kalan Delhi,21.79351119450093,23.863981399042572,9.634488104352185,6.571458445950045,4.96351288620532,28.846776233740812,17.034362197742112,16.200450676217233,24.05833687424124,27.598925644681422,11.572516693102001,13.174283427892776,24.093710811584668,21.432803848897503,24.624512603885734,20.446356956626826,5.716615412336116,16.221296349749306,8.594166738660018,25.172682799759816,22.71263797957955,12.90320164729641,22.62456109892899,21.216147384883033,15.037384027268828,Rohini,4.96351288620532
28.70855462813513,77.0747311413288,H NO 228,21.87978140161049,23.94263536063789,9.71955550267872,6.64527385313128,4.877297497340549,28.912430698274576,17.119624798363294,16.25412850183981,24.11899803278327,27.67595440444839,11.601386977123495,13.249188675671643,24.177304201721263,21.515365004941806,24.70166820835053,20.52616580675638,5.760512971520586,16.286687243387117,8.677746675391335,25.249061940154174,22.764100601150073,12.965862314301267,22.70021117237366,21.256615579501798,15.0819197214007,Rohini,4.877297497340549
28.4991912491792,77.225646302104,a18 Durga vihar devli gao ,7.544973012423577,5.618419276542505,19.168109870327893,21.25562038227967,32.351541981502294,12.629597564927199,13.81513426433626,17.464489557550294,14.00748470669665,5.825918662417463,23.05367847614614,20.362750086368173,3.3738780568565487,6.115430464063219,6.119720043649139,7.7151493825656035,23.771210880703865,14.737981494517015,18.872680115868157,6.41608450014848,17.220161557790497,17.316106759814243,7.806305651486554,20.36660911440698,19.727053963912024,Saket,3.3738780568565487
28.53751512945293,77.13064614683388,DDA sector E1,2.7017642563119706,10.623891457179921,10.273641195061453,14.638904468874241,24.646567884762348,19.43582077257308,3.6437879849589634,16.39581103211257,17.913488217867826,13.94585465590936,19.568779559023596,10.255495199592769,7.5598452985043885,6.911750009484906,11.85929822726762,8.424206165409702,17.69008074327366,13.409580498838316,11.7035680754255,12.583029830992604,19.79462452351828,14.013554390269924,11.484898183745802,21.639952425469836,18.00064075742266,Vasant Kunj,2.7017642563119706
28.67401515592458,77.18621045351028,A-800/34 shastri nagar delhi near Vijay perol pump,16.920113562306035,14.877919951866188,11.216144480555577,5.909258660569126,15.175044200863413,17.82946903458323,15.570440132838758,4.735880257872103,12.78259373200231,18.04769373492703,3.47642693862484,16.4383364880743,16.744071584113716,13.922748968698123,15.243865394166189,12.102159370185285,5.836517456422575,5.5857208938664,7.17014674186656,15.602876455549888,11.232296738525186,2.5012984229413693,13.06089779149679,10.028060787442694,3.7950993776034223,Karol Bagh,2.5012984229413693
28.6468383862279,77.28897761553526,Baldev Park Parwana Rd,18.940598122152515,11.99607130035525,19.828846354193224,16.103419596340395,25.381304878720385,9.195111191134089,21.02250646346088,5.819580457350357,4.178216493852546,12.994514744432488,11.306213147989425,24.485410847689455,15.803445456036485,13.88094343495551,11.442052154233107,11.741364532471103,16.265398411230546,7.2569032022164635,16.292015353749584,11.271011570566536,0.8491627415465236,9.587081132732402,9.873908312229496,2.9868759714706545,7.065258474775332,Preet Vihar,0.8491627415465236
28.64678924889927,77.2889719158411,Baldev Park Parwana Rd,18.93628913913843,11.990858722921049,19.827536723415655,16.103714570890133,25.38326850517582,9.190306508349153,21.01940297386669,5.820014477928383,4.172876282129653,12.989023522563865,11.308862226444804,24.483519682100937,15.79846014284668,13.876332442119214,11.436699829791173,11.736879948931042,16.266738461592585,7.255081867517625,16.291302327887404,11.265592478479846,0.8457520419100282,9.586850479226156,9.868787166194195,2.99234024925438,7.067329490553937,Preet Vihar,0.8457520419100282
28.67398191593439,77.1862342581153,A-800/34 shastri nagar delhi near Vijay petrol pump,16.916914111348763,14.87364997186871,11.216225853462673,5.911231463414449,15.179022833711935,17.825313421595762,15.56858741293446,4.732225846976279,12.778600055848202,18.043339491745822,3.479562638217648,16.43822481924946,16.740125535724047,13.91884428424712,15.239537526975516,12.098086281513014,5.840205176589727,5.581355743390589,7.170368882909769,15.598528689429475,11.22890986141368,2.497240339451902,13.05656489091963,10.025727811349723,3.7930662254501426,Karol Bagh,2.497240339451902
28.6448337410739,77.03694250434637,plot No 98 Gali no 1 Niyadar Enclave near sunday Bazar Road vikas Nagar ,17.597586381026826,22.42719790494441,5.580270924241709,9.089692310500547,11.782678002958532,29.394077468541667,11.620277144082468,18.910160236200873,25.46086459952025,26.323119774271458,16.6655366543426,5.9300002226625,21.294531249416707,19.140110652871737,23.46439481530741,18.971879246530882,10.931680460300194,17.6053928957855,8.314285842119562,24.139371273601032,25.20532703156698,15.044056024409727,21.876790671856334,24.802357388284122,18.685810088332612,Janakpuri,5.580270924241709
28.58733005959892,77.03717485070229,plot no 3 sec 18 A Dwarka ,13.379084307066593,20.150810632803026,6.261107305397962,12.55633580198256,18.119715564883915,28.26264649668965,7.044245122118636,20.346526083056823,25.26349032844988,23.89312428201992,20.076031068050916,1.0118170869969372,17.961832423362395,16.460236161934766,21.331837614661247,17.02388707195296,15.284751186387457,18.20020023968482,10.312847954175076,22.058870070359266,25.897059701629527,16.63427325479073,20.226327309994062,26.387599343933683,20.846296494127944,Dwarka,1.0118170869969372
28.73284457339077,77.14133743196726,kharsa no-136/2 near yadav hotel badli,23.19980094085079,22.603339854966606,13.396522943118358,7.246226859579327,8.473676933162842,25.482518188577092,20.051935381079343,12.162611916353287,20.289695940974653,25.89129631647277,5.986465281880669,18.205825101586065,24.026567406389706,21.188867286445582,23.048641813261817,19.59962760578914,4.127547671123,13.455020734613479,10.219619626537538,23.437175537711482,18.122547957650287,10.216783335926419,20.87616258484953,15.832254315905281,10.280703445992184,Pitampura,4.127547671123
28.50209438245088,77.28550281375647,297 Lalkuan  M B Road,13.088147043636223,6.886161652550904,23.457927623698044,24.242595423812894,35.43708801377466,8.603216468613452,19.094871368890537,17.963585461193745,11.98778148120005,3.4107559082782357,24.239175199782306,25.444668595928896,8.101978247960101,9.863241963240636,6.231743837825258,10.334903358210408,26.301548684656662,15.880724557170444,22.324091539253494,5.83171022701199,15.530095318603637,19.047675290351002,8.38899759306556,19.084728960952717,20.283417531970453,Okhla,3.4107559082782357
28.50198742787712,77.28546392172575,287 Lalkuan  M B Road,13.086692593310547,6.892541108320931,23.461566297516374,24.249271780808005,35.44393125526675,8.615525534184558,19.09502530385463,17.97379289021222,11.999925867706315,3.4205554473627684,24.248820952749327,25.445867710744654,8.10203274309084,9.866381304932352,6.2397533272963335,10.340531298619219,26.309173835425185,15.889897133675774,22.329702697616447,5.840654087212847,15.542197909849992,19.056238407830957,8.397469574700601,19.096688144192264,20.293690980029247,Okhla,3.4205554473627684
28.50197711544692,77.28542905300856,297 Lalkuan  M B Road,13.08356864193846,6.891142628625715,23.45941697509713,24.24796377964201,35.44267634780763,8.618109917813351,19.092156038510602,17.973866923275473,12.001325779852277,3.420437944229099,24.24862782772037,25.443189745005892,8.099147429525317,9.864115332374181,6.23890106137397,10.338907802596726,26.308181612217805,15.889497824591807,22.328073181191627,5.840162209086113,15.543551108349362,19.055592130566506,8.39678952406023,19.09789649861745,20.293798101247184,Okhla,3.420437944229099
28.53819198384282,77.21365381032228,Shop no 19 corner markit malviya nagar,6.023230697676461,2.697000437602265,15.41618933504153,16.890151355235606,28.049112964598027,11.556339736900732,11.28042591956734,13.222149142328357,11.210831986579025,5.874735589820245,18.606969843185425,17.43579264552094,1.671165043423632,1.8182371703040803,3.882708598329113,3.245226205803656,19.32547456240042,10.379640448500531,14.643456548087284,4.5706889231451315,13.976784242267355,12.837428587939726,4.363195871359582,16.767258151395662,15.430074713696106,Saket,1.671165043423632
28.53952506206194,77.21286121755838,shop 45 malviya nagar corner market,5.987967797036162,2.709982896439645,15.265101691109463,16.72313109935449,27.882662191582906,11.584443581641022,11.178637347132986,13.08489616736822,11.16158707180621,5.973650512994707,18.451523188892914,17.312414568613534,1.7791578680384872,1.6611627713525914,3.911921055815297,3.0899756392215463,19.158521625507245,10.234012708501732,14.47880367220597,4.609278132944574,13.899796848487306,12.678141031021228,4.305564156504931,16.66851517517489,15.288031285585506,Hauz Khas,1.6611627713525914
28.53984905112713,77.2132058814168,shop 45malviya nagar corner market,6.030396777587965,2.6655904704145676,15.270471009633566,16.709233441360286,27.87094381944919,11.541527724504986,11.20591939318909,13.044829417909778,11.112330588118066,5.946411768065189,18.419149599317453,17.33196715696781,1.8246644807270478,1.663340670625255,3.86957206588481,3.0573630903137325,19.13955325530571,10.196829563175244,14.470982473791047,4.568343721894488,13.85093917276335,12.648385168599802,4.256255428012652,16.621266647891094,15.24953668141518,Hauz Khas,1.663340670625255
28.51115978803828,77.20220346003771,kh 108 gate no 2 freedom fighter enclave ,4.93772572762889,5.464390795114071,16.62684598728686,19.07698889215132,30.066615499248655,13.791758118589886,11.169843316056003,16.359406218653312,14.192310659078542,7.272073984535489,21.525960797583828,17.713559542922273,1.5443082261420047,4.257080028932803,6.409785342910547,6.277755476186118,21.722988460737767,13.455895404011288,16.567171835319204,6.947983671809097,17.103134732990714,15.688470263740147,7.448860781827675,19.961730545131687,18.530263053419695,Saket,1.5443082261420047
28.74368826689813,77.1239198371768,ground floor khasra no 34/22 village samaypur delhi,24.548788617899863,24.43359939873773,13.993113563760756,8.296084979369747,6.603426889243248,27.538402688402492,20.9780010378244,14.223016072937934,22.358046369565585,27.795916776523054,8.065875107023965,18.490879369365008,25.673661080985593,22.847120006503175,24.924653105100926,21.34651238489312,5.297868794133672,15.411939492559773,11.253022030631172,25.335613109436572,20.204763423341547,12.118184172016619,22.763582291013815,17.881907660762074,12.362292274205442,Pitampura,5.297868794133672
28.71087357635634,77.08468046039343,P-1/52a Budh Vihar Phase-1,21.80043494940597,23.502287414435717,9.8980908234619,6.1434631188436635,5.089438924652411,28.23484775229786,17.263781375559585,15.451367759147148,23.38223321171708,27.194250430173344,10.645475534650929,13.735776484764987,23.897726371432277,21.19623651093717,24.224654641873084,20.119627053777965,4.898846592658342,15.613795454809233,8.433778472146736,24.754338014664842,21.938445768558825,12.26255123131441,22.191708653372316,20.353752614524577,14.207456560661091,Pitampura,4.898846592658342
28.55406559359666,77.17817790806293,20pal auto munirka ,4.047959328895911,5.9448199882835295,11.60877662506244,13.771650988716603,24.753588081023434,14.556046569680367,7.639238144102482,12.444605275011032,12.945438674675692,9.635604862523204,16.806202051532832,13.582678739144871,4.303044140903163,2.203129000383302,7.160802669453054,3.4339239772856462,16.472180310989728,9.39590828393338,11.254800856871308,7.894660150601975,15.001602290024131,10.94935710040009,6.519257844318672,17.146082722505184,14.371330697254065,Hauz Khas,2.203129000383302
28.55421990902387,77.17812493443489,20kartar market munirka ,4.058899789530638,5.951801907736335,11.593694902108304,13.753795971867577,24.736048419863156,14.558984330918737,7.6335469865537915,12.431064521395276,12.941804263823382,9.645201665502352,16.78957620341165,13.572419045634865,4.319497058087352,2.212250632654328,7.167220593210457,3.4313521573814225,16.454260777876836,9.38226023731261,11.237291683047724,7.901057272601485,14.994423072149067,10.932897550611667,6.5203192089695055,17.13603378014019,14.35670961266381,Hauz Khas,2.212250632654328
28.67880484000592,77.1806214004755,B1687 Shastri Nagar ,17.353630926496567,15.569248686579508,11.048840490759929,5.446511351722226,14.42696770987502,18.58961524768232,15.741321513263275,5.459854821632898,13.533250487091655,18.77570231730777,3.135241890172498,16.296192758734023,17.344343698525666,14.514242778638305,15.957672983351275,12.736879832612889,5.12102701586806,6.329412124840848,6.992894713493217,16.326893066204075,11.924340944427959,3.1552909534137794,13.777423300106198,10.588243984221206,4.336289449173877,Model Town,3.135241890172498
28.67880748731725,77.18077696859837,B-1687 Shastri Nagar ,17.35620294363632,15.563999682951227,11.061456706048261,5.461446394189736,14.439538756692059,18.57821788849949,15.7491732609077,5.446521241549049,13.520932491813594,18.76865477543619,3.128875679831085,16.308609567852788,17.342420658033724,14.512553114420268,15.951378921684656,12.733756769401388,5.134913298308739,6.3212267323641385,7.005463972320012,16.320060958833288,11.910213557015839,3.1507792475543916,13.770973094568959,10.573104861361047,4.321154022905729,Model Town,3.128875679831085
28.5078535640893,77.18511946499348,plot no 550 Gali ni d18 chatter pur,3.559635965233037,6.908474422348635,15.847630490637398,18.839041225336427,29.647559404853265,15.439404768154057,9.90177168565708,17.07511376865334,15.573616054266388,8.97594319841252,21.892864331730525,16.50446446424362,2.798387972707485,4.846024220093005,7.946294703344764,7.0323707254782795,21.614153095318553,14.090499019075553,16.187367983449334,8.529131928909704,18.34104924042401,16.027175286936917,8.738587776586007,21.046383741706897,19.163486592365608,Saket,2.798387972707485
28.50772982174081,77.18475837260485,plot no 550 Gali no d18 chattarpur,3.5367849301585492,6.944196571401999,15.837537478076749,18.841354718133154,29.645129323063863,15.4770901291597,9.879670238562436,17.097543551099044,15.607859682474722,9.01368401006986,21.907974515895965,16.483273052520957,2.833980036558013,4.869884216528532,7.983004834288575,7.057530634253399,21.619121111983777,14.111678234583724,16.186735120095474,8.566291026262748,18.372878991948863,16.04220568787092,8.77194850869677,21.075446949605713,19.184149058571286,Saket,2.833980036558013
28.68125210371525,77.19336021691561,17 /10 Shakti Nagar Delhi,17.848563707931987,15.42120683494689,12.233377549778815,6.718525355545128,15.3477402752495,17.844903026975736,16.625219346501922,4.555055191025254,12.699441175485259,18.45601047485252,2.596272965556812,17.466993380912935,17.47789677087179,14.676038206646966,15.714322426158379,12.785588830840759,6.20514356189456,5.982597304082255,8.179839005666413,16.033191971490524,10.875338322680474,3.2726195184192584,13.527592432193796,9.36787136597667,3.129629242205037,Model Town,2.596272965556812
28.68124916232684,77.1936646476388,17/10 Shakti Nagar Delhi,17.854666264856444,15.412391236365231,12.258224594993518,6.747555167063733,15.373725757341504,17.8231331949276,16.641252768571963,4.531390879627007,12.676115457341247,18.443182999349027,2.5965023391769186,17.49127814874825,17.475397843063387,14.67440935518242,15.703346474886086,12.78152382307712,6.23378889098125,5.971049865303143,8.20492989294113,16.02107565477525,10.848072689342938,3.2746060303148186,13.516651607447018,9.338263241488276,3.100288722786932,Model Town,2.5965023391769186
28.64089319084655,77.04854506999254,M 25 Commander Chowk Vikas Nagar Uttam Nagar New Delhi,16.538787049951313,21.223685443307907,4.374751698915005,8.173710728148214,12.090330030521391,28.184725899353985,10.673504336098967,17.81751013376099,24.27632041420537,25.120170867966213,15.82549059034062,5.431239923965325,20.141537443722036,17.956620182212287,22.256598568652432,17.764592705536348,10.246076810704205,16.444049077166888,7.180337724998551,22.93012619562806,24.070887273596476,13.945390378442843,20.663392583971042,23.744041325566503,17.66904357030993,Janakpuri,4.374751698915005
28.52410320853263,77.19020526856184,INDIAN TYRE HOUSE,3.537439071003185,5.453518288681944,14.77352698933847,17.302117562350432,28.246488399127358,14.244024836615663,9.506857683203025,15.201208238619934,13.946910064727417,8.142257014926509,20.073062878931836,15.985162555242997,1.6023317025839243,2.97431246930572,6.597760560362356,5.167502896565943,19.999096948862608,12.219010153379728,14.749330182010759,7.250112213026576,16.598462309662263,14.210516749121407,7.084814533418225,19.22842666137254,17.293766489388034,Saket,1.6023317025839243
28.52392263140727,77.19031188637018,INDIAN TYRE HOUSE GATE NO 1 328 LADO SARAI NEW DELHI 110030,3.5481641060126563,5.454468682550423,14.795361400805556,17.324607463665952,28.269108651423096,14.241675352377015,9.524067016552605,15.217937947899514,13.95300197713888,8.133754911694421,20.092970467903157,16.003850156932515,1.5926037444025218,2.9899623529569412,6.596943351243053,5.182256060162607,20.021303186422557,12.23643880228754,14.771949058831098,7.248193731628629,16.607841869105656,14.230549967693529,7.090995717705272,19.240589510872535,17.31141641539163,Saket,1.5926037444025218
28.45340352981034,77.1861819550395,jhenda colony fatehpur beri,8.508228499088817,11.743816915291402,21.05698441553647,24.696351499561967,35.26427106953781,18.895482032415426,14.197663509458337,22.9579388868788,20.348020476941652,12.098906659440411,27.941163641168547,20.625680257413848,8.153517466636893,10.760616227316808,12.427069772371967,12.86582824161034,27.551197968016627,20.026534497681872,21.93842746347084,12.780803634677948,23.470025945911996,22.07661040072686,13.872758847739863,26.47403596188647,25.106176786414643,Saket,8.153517466636893
28.596298,77.03701,"Dwaraka, Delhi",13.938591427516712,20.403032022588192,5.71722721743203,11.865696489550094,17.130022352272718,28.35978971683643,7.596965803674929,20.006975820516853,25.200301015167607,24.189032953705503,19.455243516568242,0.9941260981053508,18.386544806315058,16.75816905616659,21.565932108963423,17.198561083962694,14.514717891212166,17.971766121254547,9.766044869343274,22.287788399884946,25.69816616487033,16.243090170348765,20.373145520980007,26.05543062555705,20.40409059838903,Dwarka,0.9941260981053508
28.69817224968829,77.27701764553785,c7139 yamuna vihar,22.74068466949415,17.068701641905477,20.317057036349972,15.091731963185259,22.244809168092424,14.948156168843456,23.403426852154183,6.5232811322155095,9.99877715412244,18.614675560742484,8.167299483278846,25.442934834286728,20.498389372446987,18.166588320270964,16.732080996222503,15.964803500389154,14.126107464801327,9.465464867136454,16.332678310651275,16.68223283850413,6.546584382628204,9.851767111476944,14.88070934049469,2.961600406850214,5.612529002420801,Shahdara,2.961600406850214
28.51471573394469,77.2031620144844,C1 Paradise Tower 1 Paryavaran Complex,4.924893308298562,5.107038843045486,16.40020616621597,18.751024324757946,29.763584724573757,13.522717953222111,11.083156801043131,15.953920566407396,13.828828748385057,7.072506875826126,21.134789679036334,17.597351339174885,1.1386332708102347,3.8682973439859634,6.081843999743636,5.8740842395530635,21.378126381659012,13.052937883863953,16.26497009383896,6.638949605078155,16.718800730032395,15.301109938355104,7.0661312222683685,19.56411203870786,18.12653433694083,Saket,1.1386332708102347
28.59728597665718,77.07489341497421,c 147 sector 1 dwarka new delhi 110075,11.188926409326415,16.89450869274585,3.0130245402321236,9.409939472236427,17.00922775946204,24.69480839608479,5.18480027566352,16.52224718358592,21.502048426802258,20.72982788204307,16.630262006211883,2.879263824088946,15.197323576256967,13.33580614249053,18.030610812097024,13.609880465624899,12.378413039113115,14.355578543119478,6.819681971821776,18.74430969389613,22.058801104183708,12.84848741465036,16.75051723151294,22.55706667235088,17.099221766254125,Dwarka,2.879263824088946
28.571535,77.244758,"Lajpat Nagar, Delhi",10.292653590324209,2.6396551986817833,16.315154074609644,15.883657273228883,26.991832159904973,7.934029159044322,14.23964576818869,9.519515911065591,6.456927755540077,5.313558423684029,15.615768344379214,19.541805363736948,6.42220719553222,5.008041174961591,2.542874732093743,3.4283725959147326,17.72193757781523,7.208518935271268,14.340251808173656,2.8565117333683223,9.207191752076966,10.368017984466503,0.45613644460955205,12.153290922760274,11.840793237944327,Lajpat Nagar,0.45613644460955205
28.571502,77.282928,Delhi,13.63456862195415,5.025630802563547,19.857562236472173,18.780284405296868,29.654571343720953,4.206879088748893,17.945741077416056,10.7279924013163,4.389456530308335,4.62451876241637,17.176517400640737,23.247731447620886,9.104818975323536,8.454401252587251,3.947321710320023,7.137882847870315,20.24575988098267,9.290429564997854,17.57326337660286,3.437056667492051,7.875080133278365,12.673716201590558,3.9123312030486463,11.379343339940737,12.982274537037243,Kalkaji,3.437056667492051
28.65106852372138,77.27656804025173,280 geeta colony near Geeta bhawan,18.47401099030958,11.999899041375167,18.70583153778409,14.836986042293196,24.088572152168627,10.14634034541367,20.208960614624857,4.550628808246002,4.939013055486736,13.377292067545634,10.047048271301636,23.440851391473817,15.644222142023635,13.547507527817075,11.5710364276407,11.366505641533314,14.96667157040749,6.2344931668683135,15.103652374257026,11.481297203169515,2.1066164073486506,8.359945683387663,9.829026089870576,2.7935840717780813,5.7770742283698855,Preet Vihar,2.1066164073486506
28.51470188749472,77.20307383686304,C-1 paryavaran complex,4.916832648716497,5.114026740738934,16.395411920581598,18.748972578698808,29.76079752321805,13.531071557232327,11.075967029083257,15.956870972067323,13.835572022186566,7.081231548228948,21.13594944712622,17.590593440660026,1.1426723468145419,3.8691760737729646,6.089482695996896,5.8765993271878445,21.376795463907246,13.055344443513658,16.262127221351086,6.646887392188534,16.724729094951673,15.301973637966157,7.072173363274344,19.569192609987372,18.12907784233657,Saket,1.1426723468145419
28.50878899262282,77.19839908182621,"D-35 , Freedom Fighters Enclave , Neb Sarai , New Delhi - 110068",4.67655271187634,5.907711569308061,16.578681982057308,19.179808387622806,30.126732295001528,14.244575760304906,10.963326869991267,16.68470132364531,14.632678976689405,7.707121910034262,21.778230246864812,17.532533978561077,1.9219738561885569,4.518794233402452,6.862991229542021,6.593128423085819,21.860742607049197,13.761384133880416,16.63034336028859,7.403454870005464,17.52470351798557,15.93005643498762,7.872580972943372,20.35938184628143,18.839607960203345,Saket,1.9219738561885569
28.62334341037861,77.08461340516806,"WZ-36A, Gurjar Gali, Possangi pur village, Janakpuri, New Delhi-110058",12.911610953303047,17.19879254111851,0.3500011699913317,6.489911304070426,14.282604546721382,24.27999833152802,7.61565169218021,14.679507920334583,20.563821174936013,21.095285926385998,13.953850955114167,5.126220432884108,16.20800081965651,13.95542410443878,18.234241660871504,13.741633855582828,9.376126429299687,12.923748604467166,4.233497171480111,18.910183291031707,20.65156463345395,10.847893360699587,16.664461150477504,20.715584573025218,14.924207513340797,Janakpuri,0.3500011699913317
28.64892773121833,77.28151336312294,43A Rashid market Bhagat Singh road,18.612862451892777,11.934082342360758,19.142711279611984,15.348352359777177,24.62660904099158,9.712367756669122,20.50169876159001,5.062319049873123,4.558500490907164,13.160259630196338,10.577224055234522,23.840692044774414,15.650224002068,13.62542793450105,11.453321551178057,11.459600288751,15.501471789256215,6.615330599880916,15.572722922577922,11.330561329551282,1.5703557160302586,8.848260805467673,9.779608552649094,2.8497613480983235,6.3143981782025875,Preet Vihar,1.5703557160302586
28.6487803221,77.2815727069974,43A Rashid market Bhagat Singh road,18.604566213244933,11.920764852891278,19.145878480351453,15.356494216040593,24.63921987566288,9.695117747566893,20.498480528191607,5.070680064730773,4.541141280312915,13.144258848482549,10.591520974122702,23.841954743955018,15.638448989334297,13.615504932784555,11.438980141855518,11.450143174061532,15.51253290302334,6.616093384837776,15.577775394366515,11.315624797521009,1.5568483280415188,8.854680771763672,9.766699510517752,2.864137565862122,6.327455553683623,Preet Vihar,1.5568483280415188
28.63929156439393,77.28382676839828,Radhu place,17.989644195893757,11.02527076233878,19.229466271631846,15.76243073898021,25.32902566853434,8.657501047077334,20.185548649394885,5.551370109268515,3.4679315634680665,12.108252132850756,11.411445896202467,23.800576747687167,14.825264561870023,12.912451747197744,10.487831698067613,10.77982470724454,16.107449470233192,6.608233668387911,15.786822134607743,10.333016312113914,1.1367514522270927,9.175983177995708,8.898275621235664,3.859197855283204,7.082151752429747,Preet Vihar,1.1367514522270927
28.55353815118268,76.95284485816956,104 b Sanik enclave sec 2 Mohan garden,19.913130606714745,27.926101033895147,15.212221854234025,21.224880592689647,24.012977917662344,36.49371523807562,14.375563978445356,29.39319493474595,33.9573114796198,31.394554779823945,28.884139557709666,10.056752489996413,24.99718971094324,24.154358100438795,29.154424921692755,25.160708890295552,23.653926227582545,27.180770815978583,19.258859258909137,29.88765222754602,34.82567372300453,25.685126252956714,28.39112234807803,35.42965970742358,29.88304884690088,Dwarka,10.056752489996413
28.63953903390332,77.28414259850979,Radhu place,18.030889621818652,11.06282912969209,19.262894797343826,15.786790474938021,25.34269921064537,8.667136609960545,20.22554237176948,5.571161394269668,3.484899342595513,12.13834394237368,11.417767590641517,23.836695749015462,14.86464311462449,12.953269129572261,10.523413963970672,10.820897126393673,16.124890251672706,6.642431508090436,15.817020522961545,10.367070665076705,1.1008972775899406,9.202281872791204,8.93668084982532,3.8279809077017726,7.0911183769647055,Preet Vihar,1.1008972775899406
28.62854388016735,77.27794636040926,S557 school block shakarpur ,16.74316937158495,9.700526043794481,18.573705547084543,15.507170721969997,25.43998331390466,7.9520980183259455,19.145620267451022,5.574652307614397,2.6667288188433376,10.87850068566566,11.800119681105974,23.00183665811844,13.504925173253433,11.62832684965297,9.17691457660054,9.514818858476744,16.10853413342136,5.986635668327643,15.288667792631895,9.04027149323221,2.2160512999007245,8.882971114451607,7.572721593988333,5.1356754748767335,7.432759543056627,Preet Vihar,2.2160512999007245
28.62856153737022,77.27796848863363,S 557 school block shakarpur ,16.74608728637609,9.703183172068444,18.575940264737646,15.5086647459157,25.440777518398484,7.952409144117653,19.148404425094274,5.5753707576741025,2.6669566873518296,10.880554545753224,11.800218038026252,23.00430705659496,13.50772156968178,11.631224560230539,9.179409996519357,9.517732179823296,16.109516899064758,5.988684166214546,15.290615816046005,9.0426393489419,2.2131338262426192,8.884461889673002,7.575446179017388,5.133302640344367,7.432849140059041,Preet Vihar,2.2131338262426192
28.50119189458778,77.1836968883872,d1chattarpur enklave,3.8905744474917534,7.512069076019475,16.366656504110082,19.50476896602934,30.263187093238997,15.910674793491802,10.211288753133305,17.826724351985007,16.2125848928205,9.344123229972077,22.63860217372138,16.824948424672588,3.424174183698561,5.594910207387515,8.506206941264947,7.776537478759467,22.30244756874656,14.843734596688343,16.8247518564719,9.060709919775606,19.025567412547876,16.772731514430806,9.400315684347943,21.763798840092633,19.917030782233873,Saket,3.424174183698561
28.50121605531672,77.18377534300089,d1chattarpur enklave ,3.8945081324566035,7.504709226492755,16.36883906797571,19.504415211587762,30.26387882023168,15.902670550309573,10.215818273150735,17.822172345475515,16.205462991351936,9.336001861030644,22.635592241460166,16.82946037065685,3.417133197961877,5.590144648054357,8.498562525468667,7.771471958509037,22.301558120597363,14.83945005890947,16.824983647966285,9.052926413791937,19.01897947290312,16.76972774969425,9.393471575790342,21.757812274428257,19.912850006883172,Saket,3.417133197961877
28.50106136762717,77.1835983172059,d1chattarpur enklave ,3.893099506393315,7.529103175831088,16.373061800689307,19.51588304543622,30.272483492721815,15.92615782326538,10.212290561096541,17.843216066945537,16.22981891353181,9.35826094555417,22.653515630717838,16.825987438288415,3.4414556630829933,5.61157692120013,8.52283539523444,7.793419622961477,22.314422857957474,14.859994183246274,16.834872419097184,9.077029544739094,19.042982215822427,16.78763876517198,9.417680616983638,21.78114086196381,19.933194339496595,Saket,3.4414556630829933
28.50108051944866,77.18359664082527,d1chattarpur enklave ,3.8915522508610323,7.527731249165122,16.371220141135602,19.513796728160447,30.270473420996623,15.925262961284872,10.210880586503096,17.84119895063602,16.228344177693714,9.357661152600066,22.651395075883215,16.824574520884724,3.4399500693830656,5.6095841746258275,8.5216191663105,7.79146419944001,22.312310912060102,14.857951162453963,16.832824363007656,9.075911138538164,19.04132903418764,16.7855180530718,9.41610590786231,21.77934090301912,19.931142131786054,Saket,3.4399500693830656
28.67405104333578,77.30363421142101,plot no 24 gali no 3 friends colony near mansarovar park metro station,22.134623469025648,15.342384432917845,21.84540091284437,17.348606645984766,25.516113359305876,11.686695936417081,23.808326965187426,7.425206320885572,7.219469359575766,16.203517842969102,11.257898867830713,26.744508135763716,19.138352453497983,17.153983896004938,14.772060286706179,14.989821628179685,16.909962239529367,9.713186829168697,18.056944141319228,14.577532402100122,3.711888353892767,11.271735103887345,13.219636948333827,1.4282258224694762,7.6765667395039445,Shahdara,1.4282258224694762
28.7699314835381,77.11821276694536,A111 Gali no 1 khera garhi colony ,27.513268686541846,27.29471589096192,16.725508801137753,11.236981444950725,6.43431161232186,30.020716725162746,23.832197615713664,16.715759831403556,24.783115656133067,30.590282698642202,10.334361159009156,20.99128950799888,28.62126456579416,25.790806003420577,27.748006825757653,24.256282086320333,8.26735239461268,18.14420492740303,14.174805231698782,28.136751305602036,22.40311150123673,14.916531875641832,25.57596037515784,19.795437198144253,14.701531982795167,Rohini,6.43431161232186
28.53957719491514,77.2136766090989,Corner market Shop no 17,6.066099255759386,2.6337989233506094,15.32540330616594,16.758697432156765,27.921440015545635,11.506750229704863,11.25622970193948,13.06902440316164,11.10064791299555,5.896024127590257,18.45403795911323,17.385436208240584,1.8134485852981348,1.7180413992687398,3.8338852926975697,3.092435834258614,19.186090942213518,10.225611645277478,14.523095003740057,4.530431379059547,13.849158709511116,12.686139338213165,4.247059268170085,16.62797286716924,15.276285889774138,Hauz Khas,1.7180413992687398
28.7196651754558,77.16107614338398,SHOP NO.1 A D Market Near Mata Kalyani Shalimar Bagh,21.712365522811023,20.495338675056544,13.010978247916707,6.586782912007853,10.719060098118408,23.08731615638056,19.1288553419375,9.767148826668105,17.881737705763843,23.681223566113502,3.5870104534618497,18.09099140744219,22.151610689443814,19.311892479730776,20.880119588414903,17.612790172800235,3.8090397547754593,11.20516990623374,9.385069425063495,21.238929360039958,15.707856209514349,8.07725653441421,18.69772838360141,13.483598953143368,7.861591017008233,Model Town,3.5870104534618497
28.49841632036896,77.30468161404133,C561 Taj pur pahari,15.005969384773792,8.511479811164955,25.242673220615814,25.78648473809021,36.954728784165845,8.313756587608092,21.00324053682588,18.98875081913259,12.40144009709759,4.735821060153718,25.36197151668769,27.330642467449184,10.012768258243218,11.68478618395297,7.7031178749155504,12.002063153647661,27.734308343274776,17.1118256368611,23.97063128396324,7.1923478632226185,15.937099695640825,20.364651582939178,9.77456874174326,19.55070593261284,21.28587354057879,Okhla,4.735821060153718
28.72184098140297,77.09070738404989,"B1 ,35 Sharma colony budh vihar phase 2",22.796343630917857,24.09457354785228,11.116549378676702,6.795268196259853,4.529305182732053,28.4476905437867,18.44074931676234,15.449373054255027,23.492254418196126,27.722107261703876,10.215777156379168,15.071648541386333,24.687350606153974,21.946350943341322,24.764959115644952,20.765287257256578,4.92466268333807,15.874127012826603,9.338703041025864,25.268386546503066,21.857508733859827,12.49011481212665,22.691965724188407,20.067846196373974,14.031035791672746,Rohini,4.529305182732053
28.68825443288383,77.3197388648987,Tahirpur Red light near ram mandir DehiL 95,24.358489442263668,17.44730239576459,23.804021774931954,19.029337533801254,26.55531629452233,13.0746253931294,25.992846471422883,9.425568557861745,9.08085630600291,18.08795274491535,12.436799990352519,28.77432118054496,21.296527208312334,19.358834240291497,16.823113625510732,17.201955865585095,18.316298306921563,11.87023168144182,19.942800505868163,16.587577834794523,5.723653123292017,13.203815956430294,15.350772780277365,3.407486699567983,9.33224652385265,Shahdara,3.407486699567983
28.78353855863961,77.05916058272123,plot no NM64 pkt N sec 3 dsiidc Bawana delhi,30.253864991777263,31.47167521627265,18.18914239260766,14.292512920907898,3.8048826019706614,35.17421010000238,25.59097094927579,21.886152128192318,30.03126426522948,35.013736312997914,15.774563769643613,21.325671073428893,32.19679802254849,29.4432788943198,32.081770518334004,28.19970687200842,12.006812846473366,22.84455743722043,16.84114397136121,32.55041349394918,27.916491980961712,19.475647566301294,29.966879448566118,25.523029138800343,20.071796676804386,Rohini,3.8048826019706614
28.64276285208394,77.03457176685333,1c vikas kunj ext mohan garden Uttam Nagar,17.575936577851415,22.52273340111989,5.689370262052955,9.380247390761033,12.048864799366001,29.55340934986653,11.552008927527757,19.15775707225481,25.655661301855577,26.417106471823452,16.970018213927844,5.74283655700913,21.332515085033936,19.207865846672032,23.568913837095664,19.075867987302534,11.249885862891318,17.818456972033903,8.541721830653145,24.24756173425953,25.434592980061492,15.28881183261937,22.00168443957459,25.062558610870784,18.95754078132595,Janakpuri,5.689370262052955
28.49610475937463,77.28793323040009,chamwood village faridabad,13.462181499257332,7.546553143901748,24.035536316665606,24.906823741391722,36.10470925823452,9.100216703204062,19.53849541537874,18.670189566396118,12.637389290775184,4.117761293380815,24.945820143039093,25.930697872918493,8.551358414580603,10.42864178702209,6.92306373052787,10.975377393589525,26.985109822051797,16.584829846929054,22.961932453748425,6.534183791508997,16.182780225032044,19.74568773529864,9.086276045438396,19.747964453455005,20.98974946897138,Okhla,4.117761293380815
28.56038969034404,77.20661636441945,13485 yusuf sarai mkt new delhi 110016,6.507042536350439,3.4054109189654866,13.466871565028733,14.429115159713248,25.61778677937602,11.716234389172884,10.423206853231592,10.901600907523079,10.193735537758217,7.288634903291023,16.085696146261917,16.075543478463054,3.99075180523677,1.3778041271512214,4.532065887323258,0.8262306608789616,16.797340210894223,7.968156124655734,12.306105159982367,5.251734581577209,12.495316910618119,10.290499362987797,3.654563268866061,14.94708039531455,13.045994484574686,AIIMS,0.8262306608789616
28.70092784893378,77.16764386743307,A104 group Wazirpur Industrial Area Delhi ,19.663039199716387,18.323539031273327,11.743510767180872,5.395061269623658,12.103996656006993,21.171026124734492,17.394604521606443,7.880154182178592,16.0258749377874,21.541361877930807,2.564262696424242,16.951263150682877,19.983041326344715,17.144338436798233,18.72332526423271,15.433753312647648,3.4903645517606137,9.08330517720598,7.870974015654089,19.0933009330381,14.090150977366957,5.904898466051219,16.543677071734578,12.218839564059937,6.214448216140941,Model Town,2.564262696424242
28.55984019367938,77.20657613128424,13485 yusuf sarai market,6.466638385349753,3.385606520792605,13.494656799532631,14.478216003675666,25.665720129726797,11.726367060980241,10.416755373847966,10.96215028379638,10.229987158802928,7.264792698431196,16.14629906825989,16.085266013185954,3.92965093544493,1.3220295197905545,4.519782857959906,0.8840496557130105,16.850771118333792,8.029275677604517,12.348896760189119,5.241172573249,12.54221558376173,10.350340835135468,3.6724626768882316,15.000738497332408,13.107056567898159,AIIMS,0.8840496557130105
28.4974183333244,77.18487069010735,"619/10 , Main Road Chhattarpur",4.2622392825119295,7.732667387600055,16.77709817854754,19.939616896548376,30.693020730699104,16.020397352141966,10.55795651645438,18.20448874557344,16.45209755841845,9.394761973490972,23.05330738760965,17.170960751377915,3.684566898190492,5.96852653333983,8.690801789253255,8.13844181575133,22.737108213353558,15.229799159142473,17.257692963737426,9.22311868613879,19.307049557150474,17.187664704470965,9.666007207367677,22.0815917863604,20.305706309813242,Saket,3.684566898190492
28.4970874368062,77.18489985913038,"619/10 , main road chhattarpur",4.29032248165838,7.75775628626235,16.809082908309808,19.975670019805683,30.727782079859352,16.03673825001612,10.58301786766628,18.2394849847019,16.478169033249436,9.406758410477602,23.089971415522697,17.195809752338743,3.713072262688476,6.003460968582801,8.713201796592966,8.172675327859743,22.7735954511386,15.26524167854789,17.293106021963414,9.243827678807273,19.336014902989422,17.22434007415922,9.69411306323988,22.1129580353857,20.341262869025826,Saket,3.713072262688476
28.50520249983022,77.23803173750639,"B-868,k Sangam vihar New Delhi 110080",8.48619335233299,4.803786518980968,19.586791747862474,21.260371596153846,32.4227491340274,11.271487696970174,14.628365749399464,16.8071208520654,12.860345969205154,4.461835459318445,22.592286931606363,21.099243548711907,3.7464522048180964,6.15508864633997,5.082609297025957,7.417747868610029,23.65779667273809,14.197306778949576,19.006253258407277,5.275806439696038,16.151076252626222,16.948831545596107,6.9670189133177916,19.38568143306164,19.10095716058478,Saket,3.7464522048180964
28.54032060070432,77.21806939691305,49A Savitri Nagar New Delhi 110017,6.501460020287855,2.206361204652158,15.623333612615996,16.911903616289592,28.090720099372838,11.072845710323183,11.666849553683463,12.940409223774738,10.739632933765701,5.48860930963784,18.42251056245788,17.7630631409222,2.085684106599089,2.024861525654251,3.399295607091415,3.0910200576710185,19.293258731022284,10.139568246454163,14.727115916553686,4.0938932282343785,13.5383980519066,12.68744843883048,3.904538324843281,16.367888003963074,15.168673478791003,Hauz Khas,2.024861525654251
28.54042486559758,77.21811398863794,49A Savitri Nagar New Delhi 110017,6.508795401338474,2.197678989693934,15.620146555104789,16.904403561762102,28.08356469395424,11.065150228880968,11.669400898003738,12.92846360931707,10.728281335764919,5.486582257156489,18.411579711533065,17.763421319539372,2.097804257785835,2.0228927618373183,3.391705739759584,3.0809282704813623,19.284707443129047,10.128033943629413,14.720942438015001,4.0869381126569815,13.526339933883262,12.677022605168819,3.8927726589450646,16.355539854085077,15.156897603674684,Hauz Khas,2.0228927618373183
28.50084951878532,77.18438856303692,D7 main road chattarpur new delhi ,3.966377347001068,7.49070976114918,16.436575867270115,19.56082757435259,30.325644440964982,15.870318879784444,10.288216710554634,17.846452004331464,16.195904983838304,9.294493516919001,22.673859570172517,16.901849532792763,3.4096722527488645,5.612541083874865,8.478045972120288,7.790519319013103,22.354835502423583,14.866416325482856,16.88453040873158,9.02860937156287,19.018295823193142,16.808078072861147,9.388873795083017,21.76559428889829,19.940776763934135,Saket,3.4096722527488645
28.500755232655,77.18436945229769,D7 main road chattarpur,3.9719421578643166,7.499436778041183,16.444094507402944,19.570311497975688,30.334434381752725,15.87709201779701,10.292999887385907,17.857069257335606,16.20497868682137,9.300001455393165,22.684409517162894,16.906658031969297,3.418951599133902,5.623136428481043,8.486166613732076,7.801048170179077,22.364619376876593,14.877058018726956,16.893640154171756,9.036335544743437,19.02798255106939,16.81862537763125,9.398317675652988,21.77573034809363,19.951422929026947,Saket,3.418951599133902
28.53169070316377,77.25620705634356,shead no 10 Dsiidc cwc DDA kalkaji,10.016975749252074,2.5252132559519542,19.262576022030558,19.881905102663545,31.07842107274663,8.085860515766617,15.499668503595867,14.073958455117356,9.44350420292069,1.6630104693755743,20.174464881374398,21.60036785249841,4.911826263044163,5.823698987444602,2.026683447764643,5.996631311433134,21.972148355668,11.749611411525576,17.979802499733953,1.9413002635135777,12.790038948395228,14.809597947170664,4.203734441002752,16.111970652530815,16.398655919964725,Okhla,1.6630104693755743
28.50057225839287,77.1843047440052,D7main road chattarpur new delhi ,3.980792545470972,7.518294021787777,16.45715018468121,19.58793431827937,30.35038761567869,15.892598299701385,10.300149502521872,17.878350877661074,16.224385550676807,9.313232607196316,22.70499091110145,16.913849784870077,3.4386911268922744,5.644435787136437,8.504018472635387,7.822347128362504,22.382995473471542,14.89828219507911,16.910354783376423,9.053515272036265,19.048317190221148,16.839197073624607,9.418297347612935,21.796666761321486,19.97261953223109,Saket,3.4386911268922744
28.53169070316377,77.25621040910482,shead no 10 Dsiidc cwc DDA kalkaji,10.017302248696621,2.5254350639838394,19.262855522954094,19.882114540072404,31.078626257386244,8.085584439209791,15.49999089673143,14.074017288453481,9.443373880499518,1.6626835160811302,20.17456401612316,21.60067905683865,4.912149438992949,5.824007203742512,2.026760931532365,5.9968777847604695,21.972328659573968,11.749718900575198,17.98004090745424,1.9412575602083928,12.789941504999783,14.809738888436579,4.203834183531294,16.111905619727327,16.398716730262876,Okhla,1.6626835160811302
28.53169099772163,77.25621107965708,shead no 10 Dsiidc cwc DDA kalkaji,10.017370149054477,2.5254553302747094,19.26289434798506,19.882131245975522,31.078641764825598,8.085511600176892,15.500049595537863,14.073996835490963,9.443317767888674,1.6626200745634907,20.174552626709726,21.60073108515662,4.9122193989938765,5.824057765848578,2.026744611509538,5.996905510438205,21.97233737707337,11.749709460231559,17.980066130731178,1.9412165518030948,12.789890746815168,14.809737511794411,4.203822937658875,16.111860512619508,16.398696709280536,Okhla,1.6626200745634907
28.53168981949016,77.25620437413454,shead no 10 Dsiidc cwc DDA kalkaji,10.016706748485822,2.5251081341725277,19.2624036501078,19.881813102631043,31.078333516848136,8.086134249282695,15.499427929897553,14.074008056118938,9.443698613180048,1.6632661909966469,20.174479228822424,21.600149528340715,4.911551747642792,5.8234856646328845,2.0267169725156515,5.996498854031677,21.972086147488895,11.749618245293508,17.97967915335521,1.9414318838204623,12.790210718495493,14.809573896977897,4.20374825969385,16.112118986555252,16.398703828395096,Okhla,1.6632661909966469
28.53169335418454,77.2562140971422,shead no 10 Dsiidc cwc DDA kalkaji,10.017684805452275,2.525462220857305,19.263009301161954,19.88211829019167,31.07862219709822,8.08512214031217,15.500293514194277,14.073792030184718,9.44296009070107,1.6623414360046793,20.17439211885424,21.600929471499892,4.912552860693768,5.824246522064131,2.0265598273614227,5.996954795935802,21.97228090693516,11.749558698401387,17.980101035298283,1.9409183755059087,12.789552890624188,14.809627842971306,4.203663159491056,16.111545178241727,16.398493975731068,Okhla,1.6623414360046793
28.60909561128341,77.03400515019894,plot no 41 shiv park karola New Delhi,15.026861988193755,21.096516477174905,5.440669060505884,11.177873955797162,15.754715701843462,28.82563601450599,8.724636335969336,19.860872584898384,25.44871445274409,24.928299065424852,18.848728332109197,2.2232236712460325,19.30244947661607,17.524367330108603,22.232140161187797,17.804110089409434,13.655844441132226,18.005724682586322,9.366338810588992,22.945080962944687,25.74696384586754,16.03542407829604,20.92807669974715,25.90076983087216,20.09335721109197,Dwarka,2.2232236712460325
28.60914770967166,77.034084610641,plot no 41 shiv park kakrola New Delhi,15.024437557970172,21.09101526454881,5.431666906548673,11.168192635164381,15.747900804966337,28.818812511655754,8.722815164495925,19.851860002229433,25.44093924150873,24.923047074558166,18.83905566403571,2.2240827602934288,19.29849483810479,17.519378982259678,22.226461043161347,17.798135333495697,13.6462748403965,17.997237976571544,9.35692009077251,22.9393415010326,25.73846797522728,16.02629552973273,20.921778828609725,25.89170717465136,20.08399603503264,Dwarka,2.2240827602934288
28.67061109084293,77.17745337635279,B 13 SHOP NO 1 SUBHDRA COLONY,16.407370718945693,14.84634001195804,10.289723822790187,5.032470922563928,14.693486115549804,18.259440211528027,14.79899126428597,5.399420750430308,13.302098651667736,18.14004037254736,4.094454136475099,15.518121802880687,16.494125224196516,13.65815960075241,15.284769811712938,11.929568757454039,5.276215873969276,5.794810898829701,6.24038724708496,15.681738847242237,11.936438976028665,2.4597005185600618,13.115091248798768,10.887922997376483,4.6861496861367655,Karol Bagh,2.4597005185600618
28.65774983376949,77.26613357663155,10/12 Geeta colony,18.422760793647615,12.450603499192447,17.854312776187626,13.740431587293115,22.844811056591208,11.297237208936593,19.761871066860248,3.50067966848054,6.0364112793840095,14.133026766691076,8.786666548931812,22.69216201226602,15.916059128623564,13.664184235333295,12.134668119715913,11.463134167964194,13.761576389953781,5.638331338555152,14.15681163110827,12.113604720008041,3.362985956156955,7.369774184810862,10.26242227435872,2.8500678318152497,4.527590510627307,Shahdara,2.8500678318152497
28.67061109084293,77.17745337635279,B13 subhara colony ,16.407370718945693,14.84634001195804,10.289723822790187,5.032470922563928,14.693486115549804,18.259440211528027,14.79899126428597,5.399420750430308,13.302098651667736,18.14004037254736,4.094454136475099,15.518121802880687,16.494125224196516,13.65815960075241,15.284769811712938,11.929568757454039,5.276215873969276,5.794810898829701,6.24038724708496,15.681738847242237,11.936438976028665,2.4597005185600618,13.115091248798768,10.887922997376483,4.6861496861367655,Karol Bagh,2.4597005185600618
28.55036990714668,77.28855818510056,166c Pocket 12 Jasola Vihar,13.455444722633569,4.874783852405918,21.154268156455803,20.649964944946152,31.663176318968848,4.3049115738165,18.427999036081033,13.070080229044203,6.613334544017353,2.643099081758599,19.493746065050203,24.136983310552115,8.50721198807078,8.640717519855938,3.640745212346831,7.897362196577214,22.30020914493929,11.428306294358066,19.210824387680358,2.9105884809251616,10.15393060508414,14.776766502922074,4.839857051944876,13.713748444791754,15.346193026076122,Okhla,2.643099081758599
28.713255,77.140129,"Pitampura, Delhi",21.032223465357923,20.702145333325355,11.369031066165542,5.102215837891821,9.090940316567234,24.08174432083035,17.897473849575693,10.84525291026849,18.981529858155106,24.089625840871463,5.3028675356772546,16.30500311694123,21.96857125565282,19.1369010262082,21.205821480940298,17.61394077199332,2.0069220834363684,11.766323467574876,8.061793543993133,21.627068996219553,17.103135877822556,8.430552872233706,19.050821625386916,15.172416759735334,9.227219581837446,Pitampura,2.0069220834363684
28.58821620653066,77.25517507642508,near mother dairy nizamuddin railway station ,12.158986818335391,4.710634892112186,16.76336523996786,15.494725949661653,26.399671430465137,7.181820976389127,15.565891488374922,7.939796921707687,4.532519887467134,6.622647455894895,14.268214935928162,20.427663065703122,8.526645759810094,6.89613801105948,4.332722937852707,4.992017655587374,17.007790845710744,6.104988482113174,14.323776781712237,4.374988348744172,7.097091651707288,9.460739357685936,2.5679965851355973,10.062319225830317,10.259593462054177,Lajpat Nagar,2.5679965851355973
28.65146366522345,77.30574980378151,G9 neelkanth 2 saini enclave complex karkardoma new delhi,20.465620755154298,13.197873898479981,21.522934022713564,17.657397150431727,26.637978039513495,9.18463652402243,22.708094016142365,7.38099366697214,4.778318632975115,13.788426184393046,12.434225641551482,26.198606917051645,17.11806868582367,15.335670340519316,12.532208656008587,13.234680107297004,17.659459024083514,8.969296257128654,17.94889776044198,12.280862117283695,1.5123878872830916,11.207056579953798,11.142485948752244,2.963849619823713,8.359672156180443,Preet Vihar,1.5123878872830916
28.50457758378271,77.25828543305397,g 12 suting range sangam vihar ,10.427399126675384,5.235036335806265,21.15197937143009,22.39988724251316,33.60018072933896,9.898325239776906,16.494232902622166,17.079664765472035,12.20751678917578,3.259653394866667,23.12054876776421,22.90532034257088,5.514524015531602,7.55997371801585,5.030530281471052,8.410476731081818,24.645955880863763,14.685808457513318,20.299211805836993,4.939803113322033,15.646006333283596,17.653619618366832,7.173936306576343,19.04316693645123,19.402131288586965,Okhla,3.259653394866667
28.50463562658895,77.25824888795614,g 12 suting range sangam vihar,10.42253753178949,5.227723773840999,21.145185978717315,22.392555064267032,33.59285773144312,9.895910789499712,16.488636547642646,17.072722969475315,12.202383416935724,3.255481858901652,23.113365270719356,22.89934204055555,5.508661946589252,7.553033489957977,5.023652217373515,8.403130361578325,24.63858082899819,14.678618942680071,20.29199536773387,4.933387055064439,15.640548679713294,17.646299883237702,7.166883778100889,19.037355721269396,19.395170750094923,Okhla,3.255481858901652
28.65149161635299,77.3056934773922,G9 NEELKANTH CHAMBER  2 SAINI ENCLAVE  COMPLEX KARKARDOMA  ,20.4637826300901,13.197846385716094,21.517973715260073,17.65158798485948,26.63169081346766,9.188856248626488,22.70467824356246,7.375289257118126,4.780109527660821,13.790184228549663,12.427912587293589,26.19406663195217,17.11752217021436,15.334272288160209,12.532692028659381,13.232997700181691,17.653305087727954,8.964739616005748,17.943580243544474,12.28169454692175,1.5109355387805476,11.201545824393202,11.142067355505729,2.9582277215275803,8.353452717113875,Preet Vihar,1.5109355387805476
28.70703313963293,77.27597862482071,D18/241 main road  brijpuri Delhi 110049,23.531394464931704,18.010543748192,20.65682916759667,15.235001523050006,21.913275003282006,15.915572173714816,24.005852438827535,7.1976044438103814,10.986988951461768,19.598107849193767,8.038840884530059,25.825415949047095,21.396762069793628,19.028327556456127,17.692727464240935,16.829269734356927,14.070994787726,10.19750702711177,16.63889898403008,17.652289911055462,7.524364555352883,10.318352911938012,15.821919242613546,3.9180653526091374,6.014795411050721,Shahdara,3.9180653526091374
28.70701461344795,77.27602321654558,D18/241 main road  brijpuri Delhi 110049,23.531821065808494,18.00940610131229,20.65975387980341,15.238612446398161,21.917966126460822,15.912277195967715,24.00752840432184,7.19868151176816,10.984234951156136,19.59610875453982,8.043119079415602,25.828179720708988,21.396186343781686,19.028124702551768,17.691279751095433,16.829032416593904,14.075160724695284,10.19827907530212,16.64193711200789,17.650653183638703,7.521286320265604,10.320629476544552,15.820785336052078,3.9147080909005605,6.017234075109351,Shahdara,3.9147080909005605
28.57487316413572,77.22766164690256,111 3  sukhdev market kotla Mubarakpur ,9.118080073932589,3.1348724541239448,14.621551999149244,14.437315447003394,25.602866719249498,9.613658160659968,12.639060374648162,9.04679797059039,7.59941592182933,6.618134795236451,14.803012804240039,17.841042459093277,5.96706449621791,3.9074834605063424,3.654109291962369,1.9242357594401303,16.431801455622335,6.386904334630105,12.7568231123632,4.186278042819715,9.917429878554998,9.286350503698136,1.7056088839885135,12.514077654653041,11.314490838449352,Lajpat Nagar,1.7056088839885135
28.71085769735234,77.06706941127777,POCKET 1 SECTOR 21 ROHINI,22.39204919727789,24.635826867357355,10.096311456211042,7.381774792886878,4.407878972941019,29.682561260429484,17.49488876061148,17.043533445260998,24.901112083513443,28.384382067537704,12.35975020882351,13.364340840975588,24.797143574513587,22.156173199077895,25.40920435447477,21.20697755535794,6.547084322756995,17.05787149565032,9.305755011890357,25.963193925370465,23.553975805294424,13.74414791794091,23.420331485902935,22.038193254587863,15.868552604628919,Rohini,4.407878972941019
28.57487993618849,77.22757916897535,a 111 3 sukhdev makrket kotla Mubarakpur ,9.112187434386088,3.1383580443768855,14.61376278660115,14.431231181364321,25.597047134934837,9.62173856485216,12.6312385587789,9.046278042965742,7.60597023946148,6.624108465511981,14.800473532828775,17.83295423945384,5.964999128302703,3.902485614036198,3.6597864436251184,1.9173550551061307,16.426618360635086,6.384817651275022,12.749875769437999,4.1926498679386865,9.922221936076836,9.282547541399792,1.713083113497473,12.517269857904816,11.313556034929155,Lajpat Nagar,1.713083113497473
28.67652930408392,77.29213323444128,1/5928 loni road kabool Nagar ,21.62484128343313,15.172085597722749,20.843915763832328,16.238661155580985,24.36618799919848,12.212435117817769,23.038147609711732,6.442399741415105,7.446413149533263,16.309432826178984,10.105360206615984,25.790827642125194,18.854792735678885,16.74931774505889,14.687342035890481,14.562209749273348,15.759782647197685,8.902137601837515,17.016502103970883,14.549130244569213,3.9065579156421313,10.249725315337324,13.013307319993418,0.43864574503265324,6.5492568945380825,Shahdara,0.43864574503265324
28.61392976072763,77.00504031032324,"86a1 sainik enclave , near metro depot",17.62085784398952,23.95093733203849,8.12669238927117,13.294546438706952,15.878038600878286,31.701533091154225,11.277246078320744,22.480982168188692,28.279604795507787,27.77013666051449,20.979530805736662,4.677756851827893,22.05277749624413,20.353223644092424,25.093598904024834,20.675044866595766,15.441943959595449,20.751457828786727,11.858601292534734,25.80865522303889,28.48545944575355,18.62416895091932,23.80479839394278,28.496495088885137,22.56765718299785,Dwarka,4.677756851827893
28.70935300376004,77.0810229331255,main Kanjhawala road Budh vihar phase 1 near satnaryan hospital ,21.7540602777804,23.603811455817027,9.74678422528146,6.260706636181872,5.054406445774011,28.441443226198803,17.130254586642845,15.715737464353458,23.61586030476739,27.314021072171034,10.992095035313241,13.47840626920002,23.932174858853795,21.24639283039891,24.341987067103016,20.206091707208973,5.188903465366787,15.816335172051263,8.445051134598247,24.879382243051662,22.214978655226684,12.4781569824433,22.322293492809973,20.67025600501615,14.508186071298654,Rohini,5.054406445774011
28.74109518432189,77.12138313800097,pocket 1  sector 16 Rohini New Delhi 110089,24.293748007564265,24.29343975984572,13.65278635501279,8.017610749388508,6.392637725870863,27.517133444080617,20.665021836026945,14.21145689400072,22.353557125597987,27.682576499467363,8.12765862738161,18.126639694939392,25.479861048278202,22.65742196207255,24.80085289287136,21.18161535508873,5.058832151687303,15.328385193900749,10.963507274270107,25.220516490194928,20.25089943103387,12.01427892602685,22.64509769272012,17.983092555807637,12.391476371655655,Pitampura,5.058832151687303
28.61389002648017,77.03274518251419,"60, Suraj Vihar, Opp NSIT",15.46004378984732,21.388272992313922,5.44724402881354,10.96958543326715,15.24517007777198,29.029879684642964,9.180059528765915,19.845996390165627,25.575514341270345,25.233413602044966,18.65659796475254,2.7468276197779264,19.6735432910091,17.845416135294684,22.513220113108886,18.068399884879113,13.370067092127025,18.061580895794936,9.28324085088899,23.222402152807874,25.79930142698221,16.00357728821799,21.17062619068622,25.87625846502508,20.01515666818605,Dwarka,2.7468276197779264
28.61384764326626,77.03271970152855,"60, Suraj Vihar, Opp NSIT",15.45892240315132,21.389012300109357,5.45047107274018,10.974285507135207,15.250206118488126,29.0315616699514,9.178548444913337,19.849533701733833,25.577918967017183,25.23400847221395,18.661240294781223,2.743846057675214,19.673313324233263,17.84580451878001,22.514082156947055,18.069432779049194,13.37511508954936,18.064568415168356,9.287194606880488,23.22330759062957,25.80233706065727,16.00722397250133,21.171901025719386,25.879877965653563,20.019133198168635,Dwarka,2.743846057675214
28.71382438275322,77.15129010379314,CB BLOCK,21.05357254070751,20.27636753475908,11.951971378063684,5.555676495191218,10.05346017650833,23.315482161037476,18.22781577351307,10.022902047231332,18.16864245623286,23.574764290131537,4.2518714307488255,16.99278710716877,21.73314516671925,18.89357148463784,20.725491617244753,17.281307654370508,2.6710866805408298,11.158787630298583,8.426642593895961,21.118712204382813,16.17938802624161,7.895737697629552,18.554851394509818,14.153825307699197,8.295933002525118,Pitampura,2.6710866805408298
28.68834619802423,77.27819111198187,W220 jay durga marg Budh Bagar Road Babarpur,21.884032471328467,16.031632682471777,19.992919104346143,15.009956728917903,22.65945606963535,13.878467191752343,22.768754426869343,5.882771964094346,8.903137527901373,17.525112011309346,8.446434416075068,25.05967243378003,19.513343295354915,17.228107119668504,15.671493731683137,15.025309419631949,14.269694825198787,8.715074805877512,16.059832120671242,15.609768789477387,5.467015170969859,9.431392308511226,13.845539818906,1.940128712331998,5.350683098810161,Shahdara,1.940128712331998
28.65632499016259,77.18608673661947,"10/6776,db gupta road,opp bali nursing home,dev nagar",14.98931189843148,13.053711516447555,10.327490055907896,6.0417238623337575,16.335560055898103,16.64237287923581,13.949124397630607,4.314128765135392,11.805089173081944,16.34490971861109,5.417742636650502,15.425802238199262,14.794466270766362,11.967962699159564,13.486729029068453,10.1814567175762,6.905918548666573,4.067514164660184,6.430365638495323,13.885623716521794,10.774319400837523,0.6802085568116266,11.317592927421362,10.225100550889463,4.415514193970377,Karol Bagh,0.6802085568116266
28.65634117164615,77.18615178018808,"10/6776,db gupta road,dev nagar ,opp bali nursing home",14.992399844357903,13.05286860819468,10.334051832952357,6.047469569592258,16.339328424886034,16.638190491231384,13.954386133721187,4.307788024543071,11.800180995546052,16.34314266271819,5.415104842271211,15.432261599581954,14.795390700800482,11.969026123522408,13.485319100193939,10.181754460200704,6.909583897117937,4.064077077629965,6.436958318531158,13.883925129644387,10.768321894154617,0.6771529604519412,11.316038992409789,10.21852805194098,4.409139097149553,Karol Bagh,0.6771529604519412
28.57484695923171,77.22774747759104,"A753/1, sukhdev Market, Kotla Mubarakpur",9.122908968138047,3.1292612875506998,14.630421018367999,14.445195222108767,25.610539562809812,9.605150135475842,12.646852205910141,9.049476092083562,7.593682652090206,6.61034484497343,14.807735161891037,17.84968990310364,5.96722619675062,3.911154211546601,3.646557951650943,1.93046702171872,16.43895251939506,6.391185669040342,12.765310290441398,4.178188109438657,9.914040364069196,9.292278133238971,1.6968382084818503,12.512631924259805,11.317599320744868,Lajpat Nagar,1.6968382084818503
28.53636611646185,77.05915153026581,H.no127A Bijwasan new delhi 110061,9.359390743668563,17.58939567676494,9.913801308520785,16.13381804917381,23.689700250776,26.342918812430288,4.558913722266128,21.37183866710632,24.400768972134227,20.91931215955393,22.850881044211448,6.3290190090859175,14.464811363123316,13.843954723046934,18.82498403313272,15.127332833215398,19.191013806559805,18.669514021579317,13.306056559271344,19.552283643305536,25.842540532677827,18.179532320872923,18.301288250937507,27.141839612595785,22.478377070985267,IGI Airport,4.558913722266128
28.5330259255146,77.25646756589413,1block no 3 DDA falat Kalkaji ,10.055192201214258,2.4361199907110462,19.207399424017293,19.784358792491087,30.978842623261464,7.985300433372987,15.499249419780982,13.932569962151087,9.297236254248872,1.6532317524665032,20.040780437868538,21.578768187757575,4.963117066374187,5.799308834981171,1.8893913155154611,5.919395443206924,21.862450747000555,11.617942966590128,17.89696069289371,1.7907886787110996,12.640736344963662,14.686783953315315,4.070655984575804,15.961404399611565,16.257576651931068,Okhla,1.6532317524665032
28.53290427458682,77.25645750761032,1block no  3 DDA flat kalkaji ,10.052953228089653,2.4449349228627915,19.21352891544297,19.794078337953128,30.988738505492048,7.993262056315957,15.500544129587142,13.945688193295489,9.310021007042337,1.6522343673205406,20.053358771809197,21.581965535960105,4.959588687740128,5.802640759825446,1.9021696440155407,5.927338090084811,21.87316531015358,11.630365791411725,17.905450084710164,1.8043308928338737,12.653938600619709,14.698533432764052,4.083156777169206,15.974856723368683,16.27067511760036,Okhla,1.6522343673205406
28.74311650668747,77.12978180497885,I Block sector 18,24.42368329114561,24.119640243170625,14.087091195279953,8.238962799151013,7.178404406352616,27.086827916022685,20.986358623961483,13.766778642629676,21.892087171339732,27.445699605148572,7.554396635512422,18.676093411047056,25.43888057299067,22.6068674717334,24.588662259326707,21.068963334006906,5.177772143115203,15.030733704774525,11.213107877181189,24.988284024883836,19.698088007941063,11.76491451569742,22.421441244013778,17.340620784872016,11.871726592674326,Pitampura,5.177772143115203
28.74309592914083,77.13004365563393,I block sector 18 ,24.418945828292614,24.106336502598523,14.0923503352082,8.237890412416041,7.204034707704297,27.067156212809873,20.98764655864816,13.746994766711559,21.87176874181903,27.430707747070258,7.532076825917799,18.68523330365263,25.429173885102646,22.596943854222193,24.574344521550056,21.057359451323602,5.17438583720082,15.014449902160113,11.212560914665422,24.973442499150195,19.675859565564267,11.750019626507378,22.406861110559632,17.31673829385822,11.850334955760639,Pitampura,5.17438583720082
28.7433311008609,77.13150512427092,I block sector 18,24.43174591454454,24.067490498120655,14.159630045760926,8.272204226441605,7.343394390515418,26.98518054997393,21.033910309920323,13.664490015379062,21.785100594831246,27.38089816473299,7.430379734855484,18.77166079139802,25.412666997048614,22.57917774542194,24.528972451981232,21.029290334607357,5.196703129389738,14.956383921716961,11.249375422620725,24.924655022450057,19.574415826658125,11.701367650750187,22.359827989926774,17.200996704226842,11.75577000046691,Pitampura,5.196703129389738
28.63918975156067,77.18279264867306,19/8 OLD RAJINDER NAGAR,13.059137765177397,11.476517053287104,9.468410718220865,6.47143989800183,17.376034174455015,15.914706462552987,12.267498194586006,5.006916785771562,11.40746788912341,14.939360571281432,7.349313545899024,14.342656107659266,12.963059599323396,10.126146268051167,12.017495468216763,8.434050162172781,8.069469822733629,3.4178530868420722,5.934378242054857,12.475656781783746,10.972812106535219,1.619687056783517,9.892086149690059,11.05080943957566,5.8536062179868535,Karol Bagh,1.619687056783517
28.63919151710197,77.18276515603065,19/8 OLD RAJINDER NAGAR,13.058751817314862,11.477966588623516,9.465823177043386,6.469037816286294,17.373994631684987,15.917157880341927,12.265877482758087,5.009326745369946,11.410093807222617,14.941105235142283,7.34950454655228,14.34022931957439,12.963734400900705,10.126788080871593,12.019152651477034,8.435082095303619,8.067674001218654,3.4205000139797583,5.931688194365259,12.477411336192844,10.975489685580111,1.620828058077944,9.893841488225029,11.053256902690334,5.855354351059316,Karol Bagh,1.620828058077944
28.63918886879001,77.18279466032982,19/8 OLD RAJINDER NAGAR,13.059084199131968,11.476337305727794,9.468583071892018,6.471658750163744,17.37624254537045,15.914487097392538,12.267553784610833,5.006772130833776,11.407251618738934,14.939165340487948,7.3493825375320405,14.34280313515407,12.962927809026205,10.126016713494762,12.017304621516853,8.433895155086145,8.069667543654854,3.4176384601730065,5.934580294085865,12.475461069173752,10.972618187952564,1.6196768372639392,9.891890401100927,11.050659494625032,5.853537894314702,Karol Bagh,1.6196768372639392
28.66548654650948,77.29412745684385,"1/132 & 1/134, Karkari Road, Vishwas Nagar, Shahdara, Delhi-110032",20.807092114842153,14.099045374324168,20.70989290504872,16.417972189832227,24.983002235868742,10.978690396341012,22.51183222372035,6.312716842251218,6.214551637989394,15.115182266292535,10.72746666183671,25.55522054365408,17.85477518914476,15.839077211878967,13.568414270116637,13.67028927682779,16.170747742036728,8.447958338344135,16.979414464852677,13.403961837699379,2.669234761214739,10.184849790396267,11.959904618083128,1.0413233395151604,6.856438001846693,Shahdara,1.0413233395151604
28.66542653313957,77.29412108659744,"1/132 & 1/134, Karkari Road, Vishwas Nagar, Shahdara",20.801658251786716,14.09264525804557,20.707733408957342,16.417520237665556,24.984925232747862,10.972467491821124,22.5077116951411,6.311017171622712,6.207884352703894,15.108486344470743,10.729608561665062,25.552507795041397,17.848619649602895,15.833280324113824,13.56187460792997,13.664582612532891,16.17157418555488,8.444421035507546,16.977801410195912,13.397353611544586,2.6625912293367735,10.183250178346972,11.953579518745483,1.0468842879009759,6.857034570382926,Shahdara,1.0468842879009759
28.687130303387,77.2811009734869,99 main road babar pur chopalar Sdra delhi,21.931096999407423,15.971672261270179,20.20820486997303,15.272730325322716,22.970851162665753,13.65746395392456,22.900331928582997,6.0326104056609635,8.722512625282187,17.400239014810555,8.75295033024132,25.26000183517375,19.4913895112279,17.235417553203536,15.588716473197463,15.033206852120415,14.56218572281725,8.817571694710477,16.287685999950153,15.512875923498877,5.2570266269850405,9.632783029404576,13.788254287325968,1.6804659426168627,5.596571915649619,Shahdara,1.6804659426168627
28.66591281695699,77.29410197585823,"1/132 & 1/134, Karkari Road, Vishwas Nagar, Shahdara, Delhi-110032",20.841176945031737,14.14187096975864,20.71858064788517,16.414361742956665,24.962987489139753,11.024855134824321,22.535330266369645,6.318181139042085,6.261971529782187,15.161812142715407,10.706042933576548,25.567993378894887,17.89521126173346,15.876280757022135,13.61274866344816,13.70671311997964,16.15821217331275,8.467036223261292,16.984123597108212,13.449131375710571,2.716694975146117,10.189511213636962,12.001977721452468,0.998769364352674,6.84559207751737,Shahdara,0.998769364352674
28.65327988471178,77.18785665929317,4908/41 reghar pura Karol Bagh new delhi,14.69627398116375,12.674490222545119,10.369457120337385,6.295881414308272,16.684480998960897,16.308248276495693,13.787286349270166,4.154175677395126,11.503354775975156,15.965931699619759,5.733975704856487,15.427033167502444,14.436136607057742,11.612593600386022,13.106708650748711,9.812688456042348,7.258457347453558,3.7132260011734033,6.527712182183892,13.506354857361002,10.556485674546149,0.3342609540013314,10.93785060585757,10.126228131706192,4.45613459181984,Karol Bagh,0.3342609540013314
28.65336697301399,77.18769606202841,4908/41 reghar pura Karol Bagh new delhi,14.702192636590212,12.689544267379873,10.357962787523135,6.278129762428586,16.666246066278838,16.326652503980156,13.785125260323966,4.169053792127871,11.52164809529675,15.982375602808228,5.725892987417459,15.41723730303549,14.447737040889349,11.623848822315233,13.122654009578282,9.825596398858053,7.2403097080829575,3.7314223037468066,6.514094537718971,13.522709483709521,10.573236190079266,0.3526310826357649,10.95400739749476,10.13933118494616,4.463273419043192,Karol Bagh,0.3526310826357649
28.65338992194646,77.1877621114254,4908/41 reghar pura Karol Bagh new delhi,14.706123867597425,12.689362851836387,10.364890792095455,6.283608692244762,16.66955710841364,16.322755772410478,13.79112959155915,4.162434598700849,11.516883029755927,15.981184237498248,5.722709307120043,15.424146826222724,14.449445612360199,11.625716894887182,13.121852411394865,9.826658378026014,7.243435918880689,3.7282006914377575,6.5209007529743,13.521590742599061,10.567159128364295,0.3481369754158893,10.953044937054763,10.132479107828212,4.4565413661079,Karol Bagh,0.3481369754158893
28.66542182620712,77.29421127587557,"1/132 & 1/134, Karkari Road, Vishwas Nagar, Shahdara, Delhi-110032",20.807056213909288,14.095544527625725,20.7161691728513,16.426330194637885,24.993280038873813,10.969472162850009,22.514842450462016,6.319615301457812,6.207287116020802,15.109160680648536,10.73786187851235,25.56068387576072,17.85237748719501,15.83795948787124,13.564093192034042,13.669456529376093,16.18028041958119,8.452062333542752,16.986423920859284,13.399116622555056,2.6617347431401837,10.191876751227518,11.956774444351138,1.0515702258956128,6.865782970489005,Shahdara,1.0515702258956128
28.65337109205352,77.18774065375328,4908/41 reghar pura Karol Bagh new delhi,14.703613888174377,12.688257969792204,10.36221337100379,6.282180734670537,16.669291885242334,16.3233106583072,13.788187991294723,4.1646804475032395,11.5178968285342,15.980492492463961,5.725001330842712,15.421343968411277,14.44763575106085,11.623851650321487,13.120998169645725,9.825079410402454,7.243259217813996,3.728421210114279,6.5184552453842315,13.520868377878529,10.56897581289517,0.3489936646790148,10.952257176493406,10.134987689815263,4.459460966401076,Karol Bagh,0.3489936646790148
28.60103682747929,77.14823305606842,rajputana rifles csd delhi cantt,8.529122679063827,10.59714234161485,6.339023142806966,7.875877872488256,18.768251541318364,17.679858589396414,6.858489036172055,10.088656043733003,14.330110086421612,14.48918929921665,12.337263705174218,10.030404629675596,10.24310738704705,7.65637883770511,11.587155056944129,7.108433093765935,10.74069926414365,7.49262049781263,5.2690686871433385,12.249643114141834,15.034121371554535,7.023498241312277,9.977160267797409,15.937687066938983,11.25719088665064,Rajouri Garden,5.2690686871433385
28.61209372846583,77.06291399896145,"V-94/A, Sector-D, Bhagwati Vihar, Uttam Nagar",13.190563566400495,18.568480835867387,2.662668113875903,8.829683063584747,15.280576522941335,26.093617212153603,7.193065026653159,17.05643306581836,22.62798991236759,22.436726126903586,16.383077861044125,2.769331705469256,17.08102093979536,15.10094545288341,19.671628982167224,15.203893113692999,11.576028651941556,15.164900478453678,6.693367999409944,20.373401501452978,22.90623745388343,13.252157235272469,18.27218023500621,23.10213299094197,17.36768333572526,Janakpuri,2.662668113875903
28.66148028446242,77.18327041715382,than singh nagar palot nob 76 anandparbat,15.497286325378733,13.688871598976258,10.304025318343795,5.661194721405946,15.761925610495684,17.198126426564052,14.252096807846705,4.626205864283781,12.310255426631548,16.97751753195796,4.899433328768529,15.460311532755435,15.400881198348245,12.570585316307916,14.121821322937098,10.803303349138243,6.3302044682901695,4.664243210740025,6.3310769376221705,14.51887200473255,11.145692871194306,1.2996267620890827,11.951932626638508,10.404547308223735,4.404742034593373,Karol Bagh,1.2996267620890827
28.66147910768503,77.18326069414616,than singh nagar palot nob 76 anandparbat,15.4969826927625,13.689126658968746,10.303111533818385,5.660276387080595,15.76126300301174,17.19881863534115,14.251448016011615,4.62713031619707,12.31103244015894,16.97789649571829,4.8997565378997665,15.459423913136758,15.400892215641392,12.57057968007083,14.122152270015466,10.803405640400513,6.329538733197814,4.664813366252006,6.330138859877366,14.519241371198632,11.146596577609104,1.3000632327061277,11.952282276621792,10.405504949293421,4.405668795310836,Karol Bagh,1.3000632327061277
28.66148410898887,77.1832714229822,than singh nagar palot nob 76 anandparbat,15.497722399611465,13.68922337864044,10.304295566797752,5.661228019994688,15.761738617459915,17.198296022071514,14.252502040349823,4.626162427462213,12.310367830271733,16.977830653088695,4.898996968671584,15.46060860940648,15.401287260213817,12.570994100148038,14.122150398245852,10.80369230524633,6.330019285140207,4.664478485123728,6.331311145544086,14.519188419113599,11.145681276089874,1.299919160168879,11.952255642595366,10.404394299649715,4.4044889585046825,Karol Bagh,1.299919160168879
28.66147910768503,77.18326974660158,than singh nagar palot nob 76 anandparbat,15.497145648042597,13.68877729385033,10.303910307077157,5.6611496513015895,15.761955526391857,17.1981027968593,14.251952017885888,4.626254183084391,12.310251973246519,16.977439418392823,4.899574837565316,15.460189585966654,15.400761470446424,12.570464144044232,14.121736646833712,10.803192183597869,6.3302337310043475,4.664195468183123,6.330971660550813,14.51879254863767,11.145730968033892,1.2995569932268913,11.951850460946536,10.404629316512832,4.404852469407111,Karol Bagh,1.2995569932268913
28.67299883110242,77.31265347450973,B-30/4A Jhilmil Industrial Area,22.639967577123375,15.622747775852735,22.66564467083271,18.22504307468056,26.38607005030527,11.438416136703864,24.485977939257445,8.24926516688446,7.264087741960082,16.27415020629623,12.133005805791246,27.535394200218164,19.489954552813728,17.595514380724023,14.991837982728933,15.453029334481025,17.797488511691913,10.438353773250284,18.899730738966046,14.75622826942618,3.8945867428153056,12.108836195375172,13.534549975262125,2.3089267749657054,8.56063985488945,Shahdara,2.3089267749657054
28.67309325706576,77.31251902878284,B-30/4A Jhilmil Industrial Area,22.63864697507112,15.626001854268784,22.65557051331333,18.212174875644415,26.370265999991172,11.45034811212989,24.480418645384486,8.238872972187309,7.271128711823861,16.28125189452848,12.117409136622063,27.526415411794503,19.491881909409624,17.595525380803313,14.99622812735248,15.452519813089552,17.782962850618585,10.431235138806775,18.888705374306706,14.761371299698894,3.8983271719955606,12.098002889932204,13.537059324731011,2.2954842835431895,8.547048727508821,Shahdara,2.2954842835431895
28.62904563785855,77.27397367358208,1/55 Lalita park Laxmi Nagar ,16.504157792120324,9.60600981955682,18.18857813936034,15.12012139677799,25.08192730398324,8.230721488862748,18.818265364815606,5.22318597308296,2.9611169210535646,10.92467770489474,11.492297725029958,22.630210903769857,13.357470756309112,11.421773891257406,9.128691320537826,9.289812946688636,15.740678666825174,5.59651803135257,14.897269335878491,9.023126000529897,2.4918372461508222,8.496098286361585,7.457587237129618,5.177307064516202,7.127230351351975,Preet Vihar,2.4918372461508222
28.62903121787627,77.27398205548523,1/55 Lalita park Laxmi Nagar ,16.503610043752214,9.60480658464784,18.189326737619663,15.121376343052914,25.083475584003,8.228955023630533,18.818314997472317,5.224780637845509,2.959387233532984,10.92308000567673,11.494028270337486,22.63072601875223,13.356478733988862,11.421047868145457,9.127334335555389,9.28917659271219,15.742163399232407,5.597413916579938,14.898245337992151,9.021678784882369,2.4920490646533113,8.497359058305433,7.456451564505562,5.178613385307624,7.128968585946607,Preet Vihar,2.4920490646533113
28.6290441664319,77.27394014596939,1/55 Lalita park Laxmi Nagar ,16.50171878931021,9.604683889519304,18.185301829080565,15.117043210452117,25.07924880596297,8.232613103139533,18.815240415600076,5.220611187552323,2.9632344089481033,10.924491944695902,11.49018562137001,22.62696286200008,13.355716162495227,11.419580084362861,9.127739266215313,9.28749147770734,15.737882196056864,5.593257686231935,14.89403032681576,9.022427687473286,2.494649002215061,8.493025205445592,7.456115200365029,5.1783914559572155,7.125158654116242,Preet Vihar,2.494649002215061
28.6705587287984,77.2949767112732,83/4,21.28857101167303,14.652293617549416,20.92866954673877,16.49631029994315,24.85483919797244,11.498553227214728,22.889728131993177,6.509247655146915,6.77835516833225,15.68520838350107,10.588560084133103,25.818308947294476,18.39062604354892,16.34868991979411,14.130806398118553,14.17349033034777,16.140652687345508,8.786654421736122,17.154500647639697,13.970435516995176,3.2312566711397945,10.364579834783301,12.508158540339533,0.6797047994796388,6.859815795918884,Shahdara,0.6797047994796388
28.66286740162857,77.14476194232702,sh- 1/7 new moti nagar new delhi 1100,15.412167056549718,15.687687136995915,7.186901497467455,1.966452035830374,12.910506202704642,20.43952179047689,12.640159274315389,8.37897357937885,15.786293199228936,19.310439000997096,6.650613124488143,12.443372637331661,16.527918054661413,13.724878197681956,16.35105938600281,12.398144395961847,3.946003952230156,7.838701521185808,3.1652813168068543,16.859643004039885,14.870589316861098,4.664124805483296,14.287189079763884,14.1238614139554,7.975756836589515,Punjabi Bagh,1.966452035830374
28.65235721501341,77.12702482938766,"31,raja garden",14.458979529663422,15.889834428343756,5.111133501142568,1.864944912207885,12.796583384113854,21.436066918281753,11.012874069586816,10.086313786884924,17.041480107978668,19.656596563037,8.713611645303782,10.365290438849634,16.20158030757588,13.489215539710255,16.681202536442875,12.460778832999122,4.945412393823239,9.053344790119283,1.1968007393830289,17.250694938876663,16.45548673969558,6.233068767324411,14.731090163501596,15.980892316521912,9.93198978059449,Rajouri Garden,1.1968007393830289
28.71425133857858,77.25777916610241,"H.No.110,gali No.1, Main Service road opp.CRPF camp,vill Biharipur",23.405061150066935,18.535597571892502,19.505790644890116,13.808783972284917,20.011008453775517,17.284641095488844,23.366067115610523,6.9894553934513715,12.18153035402238,20.454313696677584,6.350436706209776,24.729069869518845,21.68270443578836,19.175548312133763,18.341536353176757,17.00318163038172,12.40390028070035,10.036407900497847,15.454731170919542,18.375380572671755,8.875136621365765,9.520082142524794,16.358609385784796,5.4411126190497185,5.2678470541267695,Civil Lines,5.2678470541267695
28.65218127133673,77.12715860456228,"31,raja garden",14.437366935383361,15.866647854951106,5.108003848274445,1.885280610319889,12.820097223858117,21.415975901583757,10.997022510055087,10.074129456136259,17.023504022886364,19.63366989148396,8.716962542409838,10.362637885324707,16.178152151194197,13.465707617328205,16.658285177616143,12.437428003754285,4.963564498857216,9.035734260056218,1.1842911626305295,17.227930430316977,16.44105651641768,6.219891659516784,14.70855244007337,15.97091738488345,9.924770501703456,Rajouri Garden,1.1842911626305295
28.6872488346174,77.27939307689667,Chandshekher aajab Gali baber our,21.84811308801551,15.942049758538458,20.057509428686682,15.10932117268496,22.808094882915622,13.72429123704741,22.780321997951056,5.904179090366524,8.762405394992225,17.406818437021457,8.587623820542632,25.114246792944733,19.44205933104957,17.17134399862113,15.571444157201457,14.968739686002822,14.395069462564988,8.708975170867468,16.133106662388833,15.503430954900063,5.315680886700465,9.486248704351002,13.757087109760516,1.774269240109522,5.436616261556235,Shahdara,1.774269240109522
28.68721059875129,77.27938771247862,Chandshekher aajad Gali barber pur ,21.84429937594203,15.937801933035876,20.055484792812454,15.108237951106736,22.80888877833752,13.720453869433806,22.777202516535073,5.901269937675353,8.758305356719664,17.402551187979387,8.588071712692427,25.11198491353932,19.437910964583217,17.16731343472017,15.56716684678767,14.964711890911886,14.394857934607831,8.70558242125654,16.131300612541718,15.49914736513213,5.311764344154545,9.484012859315069,13.752844197651003,1.770937656181693,5.4351819564498856,Shahdara,1.770937656181693
28.53469014323366,77.05801628530025,h.no127b,9.445109572246151,17.715171068693365,10.124017210222249,16.349105887793662,23.87510532023175,26.48044836873308,4.747406294864721,21.574925582420473,24.568030627793735,21.025672354717486,23.06714743144112,6.490654297288866,14.559684097514186,13.974935607823944,18.95087214157746,15.278481994976596,19.405255935816072,18.86676428056933,13.522571476235617,19.6772379102964,26.0261193888223,18.389799295412438,18.44647146236356,27.3386135862922,22.687643236932498,IGI Airport,4.747406294864721
28.6918393900537,77.25846346467733,"J-201,Kartar nagar, gali no-4, 4th pusta , shastri park, delhi-110053",21.218482083618863,16.065967876768774,18.378844307256898,13.176757591873143,20.70839100572634,14.986354545451354,21.603270160948515,4.82223394784169,9.80442779133148,17.964452122394086,6.483679337590285,23.513724446456305,19.283779335854245,16.831879205083105,15.853963798711215,14.644194291045554,12.327057183925344,7.849902158409623,14.391073305083092,15.883049467035104,6.646682645926218,7.948025735937461,13.88487369632193,3.5974783354972497,3.677946304998195,Shahdara,3.5974783354972497
28.49687852653786,77.3028902336955,"b-2, bareja sadan mkt, opp flyover pillar no 32, main mathura road, badarpur",14.86875594129057,8.49412111139018,25.190137565736773,25.795170703372403,36.970171973562074,8.524079681499297,20.890190043323376,19.081202956750097,12.559556982904521,4.758434956841875,25.442851439909333,27.235144187628052,9.89715641213147,11.617141445117602,7.714373433318825,11.978688553289604,27.765123437056555,17.17352437362021,23.956136685200494,7.221119090055193,16.09870046047648,20.413966421761533,9.80467758917852,19.70837223790631,21.382315038081646,Okhla,4.758434956841875
28.68654235120599,77.28646405041218,462 E east babarpur Durga gali,22.17837057195637,16.052693904045633,20.674727712868318,15.78342147357836,23.489478068963322,13.435986595852278,23.266034420466198,6.43484881358008,8.593263954610286,17.366098008363956,9.27769122547604,25.70960845916736,19.632727360669175,17.42451806004437,15.631043331654395,15.224887960115533,15.088734664575957,9.153988313940582,16.767654302793662,15.53056506233939,5.08048974413002,10.087914783386527,13.875906398379858,1.4492748168674512,6.096971611423053,Shahdara,1.4492748168674512
28.64189599723983,77.12255325168371,q.28 rajori garden.new  delhi,13.410107895202808,15.384062291803948,4.05564833985507,3.042523143505487,13.579555375704045,21.376300939756927,9.780038000136733,10.633729418480453,17.181579861233907,19.2084068409207,9.83139037204232,9.300372256637836,15.419156166151307,12.771172326695648,16.24132263928904,11.910658579505128,6.155187893800704,9.260509964043283,0.0804189290036423,16.841681812784408,16.84839137719971,6.761655635751166,14.372003365292294,16.621364008823406,10.714951751340273,Rajouri Garden,0.0804189290036423
28.64183067387581,77.12244294583797,q 28 .rajori garden.new delhi. 110027,13.40550913469629,15.387099548393572,4.042663527605597,3.050916188718487,13.580851997363348,21.383627844687048,9.77054054521842,10.645463306338078,17.190597762931645,19.211990508133024,9.844130425425261,9.287398731886686,15.418746056771647,12.771714901511853,16.24506534669445,11.913320140084661,6.164019044877973,9.27029092731799,0.08160421712047859,16.84574045174869,16.859143760943525,6.773472192898083,14.376659183121255,16.63343158524102,10.727611557859209,Rajouri Garden,0.08160421712047859
28.51393208093757,77.23293084651232,F-41 kh no 555 1/4 ,7.800733609547085,3.8738746402684083,18.574360233766768,20.171720797685094,31.33756979455046,11.073984158830514,13.810059726162446,15.821556301762767,12.229231572638833,4.358490249451906,21.54614803299047,20.221080133898695,2.828256422467391,5.083358765237056,4.332918796524341,6.332512214280693,22.566927415443466,13.168688442460107,17.93046881596452,4.646693383207405,15.433192950289364,15.880789528702346,6.060678592851892,18.58966438144068,18.104412810148613,Saket,2.828256422467391
28.59274780396105,77.16263517737389,Palate Of Delhi Foodcourt ,7.635527943701662,8.915916725360008,7.992328704007411,9.215968144569644,20.264208792044805,16.137231195449857,7.34341149028426,9.664312643665795,13.028445072876549,12.808066824706923,12.799177890195143,11.3878200931197,8.719358088702409,6.0513013064059304,9.909706536360778,5.427751883396012,11.923660181370437,6.813285243509089,6.801500881019158,10.576050060925363,14.029482186186266,7.132576859004779,8.336084737808008,15.268370537265051,11.134687148743492,AIIMS,5.427751883396012
28.64818774123832,77.10388574749231,p_78 Vishnu garden near shitla Mata Mandir bank of India,14.59795502032743,17.214836036814837,3.3179562440406984,3.165605104753796,12.166343598718976,23.327586880833337,10.23560213805857,12.36747249793254,19.111437187475495,21.063324740076993,10.767921788382,8.415473257379798,17.021703539957056,14.45325110358502,18.10490858095463,13.726038793850952,6.050563318848722,11.16484561337925,1.8866059377189166,18.71842879735428,18.68431142437095,8.500941390753303,16.272355613092813,18.283127137839312,12.232057016132746,Rajouri Garden,1.8866059377189166
28.77475527320849,77.17127054929733,KH NO. 993 Ground Floor Near Kadipur School,27.878102240421544,26.01520667505236,18.845970000486258,12.553775077580111,11.53719910690871,27.24328025293782,25.27748609514046,14.384800259826482,21.959085105822084,28.892494501537293,8.098999228511543,23.70317339171579,28.039856591007656,25.215745295907535,26.246772622885718,23.38635354861055,9.488725155646376,16.53400184227901,15.468219511707002,26.515803941432758,19.121561887496384,13.794356263170751,24.066363877260574,16.064137081825262,12.10670708844461,Model Town,8.098999228511543
28.70358574240426,77.15747158974409,bt block stall no 2 Shalimar bagh,19.916309189513434,18.9900065884251,11.345105780547716,4.918239915264292,11.085558628222104,22.10240520904409,17.321879804469024,8.845260043592095,16.985588795180288,22.287751288343976,3.5254222940071,16.49246282311896,20.482738395617215,17.6422996042494,19.43725325474665,16.00844063362021,2.584343776132897,9.881366136803754,7.618743001440679,19.8312290768094,15.106497196414178,6.607952336758891,17.26681051644175,13.253296271509498,7.238232853739429,Pitampura,2.584343776132897
28.6491407532109,77.04112909734249,"114-A, first floor, gali no 1, gupta enclave, vikas nagar, uttam nagar new delhi",17.707012889103563,22.30535383722334,5.470040855897016,8.563867374014581,11.248672226942878,29.14097812546395,11.825129468901636,18.475651588591372,25.13602285575827,26.20244969383823,16.102092258351075,6.36043669161066,21.28651232840842,19.075458648977513,23.3240961565084,18.83551423994207,10.333891537787878,17.24584078518289,7.935945927473134,23.99140661358497,24.808087393345243,14.617905996857251,21.696523533283145,24.338484656268086,18.198036370620517,Janakpuri,5.470040855897016
28.64970066945122,77.1628088504076,shop no.9 mini nala market near 218 no pillar,13.948222342693876,13.482407552022233,7.9463526765574395,4.197887979585581,15.179345916113814,18.18646906523649,12.07025169049088,6.6251871776176605,13.622949409004917,17.057784450690118,6.803553338035882,13.077308361778341,14.563483207411286,11.732095328746402,14.107559079086677,10.265393376560844,6.009420111728882,5.635171173880178,4.052434616565122,14.60154535719216,12.951511786221609,2.752022461815781,12.023830932233425,12.598332094031052,6.765049013044302,Karol Bagh,2.752022461815781
28.64974745159766,77.16284941881896,shop no.9 mini nala market near 218 no.pillar,13.953659093095194,13.484577595023294,7.9520228571264004,4.198615041579266,15.178249374689901,18.185507666431295,12.076743664383475,6.620685010481696,13.620909426688929,17.05931326198032,6.797138333999853,13.083306515284226,14.56729364817241,11.735812413831397,14.109246389017898,10.26826606545956,6.006875264655054,5.63334689122182,4.05734464283177,14.602992636591438,12.947927280911975,2.7476208305506042,12.025194727836851,12.59335980637011,6.75919816610996,Karol Bagh,2.7476208305506042
28.50022251443583,77.32152990996838,mitepur tanki road sakti vihar gali no 6,16.590209221691627,9.704809013791294,26.535328399534574,26.786110934260396,37.905747224071064,7.859997527460901,22.519418194542265,19.497949350400688,12.441318403857395,5.81882182949804,25.931409572474397,28.786833895487185,11.549553188148103,13.062961961121344,8.773764625484688,13.197419351040459,28.609049826527603,17.8295186599091,25.091199424026012,8.183927056401567,15.918371940484482,21.146346819987706,10.723758787155154,19.549558614590612,21.75940871335313,Okhla,5.81882182949804
28.50024903255237,77.32153158634901,mithepur tanki raod  sakti vihar gali no 06 ,16.58988926057403,9.703317382481396,26.53396341554073,26.784158873969492,37.90370137707799,7.857044300517356,22.5187581342701,19.49540076169962,12.438470312587288,5.81723182433622,25.928903521828236,28.785937481219026,11.5490222314903,13.061875285282955,8.77205458070993,13.195889661251089,28.606903522244465,17.827197872377877,25.08946549338046,8.182095246516523,15.915488384288826,21.1440928944122,10.721812211174552,19.546675650317734,21.756821425829838,Okhla,5.81723182433622
28.55828533226992,77.23865702748299,134 A Nehru Market Near blue bells school opp pillar No 65 Greater kailash 1 ,9.082776273791266,1.0992068097218637,16.339641072884657,16.52211521136053,27.704365218502094,8.642694046090321,13.54419286054663,10.918136414618374,7.905829856938138,4.552491709269895,16.85327108737373,19.185076652468123,4.8906837824258815,3.893317240754527,1.5814494835544843,2.969060325647009,18.560741698921685,8.418609594034306,14.73678800749032,2.221837766717769,10.774546675685269,11.405828886192909,1.1332249433638262,13.742187592433615,13.223357599969498,Greater Kailash,1.0992068097218637
28.68680353297257,77.25462824106216,E 28 main road 3rd puste usmanpur Delhi ,20.547693785091198,15.468107486994592,17.806611899607926,12.71140357676147,20.536449027521446,14.659750882026598,20.94505141648607,4.1489196740492575,9.433265892931171,17.44128239433621,6.2728960078731895,22.922216031574727,18.64642496561022,16.179126210550766,15.282029271237047,13.994450046682267,11.991466977903855,7.17715205695097,13.837048745630224,15.328463527072254,6.406736371969566,7.329409275316732,13.29141992496685,3.6559484026743947,3.1049873535946535,Civil Lines,3.1049873535946535
28.68683706301705,77.25466914474964,E 28 main road 3rd puste usmanpur Delhi ,20.552876822911944,15.472218687616916,17.81176944071756,12.715921558938172,20.538935759705673,14.661134877351964,20.950511737821543,4.1542605427121195,9.43500546041753,17.44457602756615,6.275506715382242,22.927471651284968,18.651037644847335,16.183960447609593,15.285842175751243,13.99923585957768,11.995100404140247,7.182404327439349,13.842103716779294,15.332085059839153,6.407204040009707,7.334768037652828,13.295473365512892,3.653777585914706,3.1100642188157788,Civil Lines,3.1100642188157788
28.52648161312304,77.23593525588512,plot no .1 block no 8 dakshinpuri extension ,8.007810630059383,2.4521316654825913,17.939511964177967,19.154500648887534,30.34904804129126,10.083321172113651,13.683400958729178,14.434516289542412,10.879087152011364,3.6720534991904072,20.232383834140578,19.933429126839567,2.8744066001332835,4.329932545104552,2.957548641993536,5.18818968061187,21.456182636553272,11.82760089793717,17.02854845688313,3.3553513827643386,14.037684956489931,14.622669207768526,4.636396333472981,17.17012061828618,16.726506171761507,Greater Kailash,2.4521316654825913
28.50286162365275,77.2515058144927,"H-243/16 sangam vihar, Ratiya marg ",9.826167191616188,5.215900231357081,20.756098748438816,22.183332627402464,33.37329551238449,10.489239819741313,15.945090216801043,17.175723908273522,12.596225467320455,3.760821452269402,23.133601933713255,22.391685407084438,5.004046656497352,7.2111501211647075,5.174870408005551,8.223195790240387,24.48986831996708,14.702249096131531,20.01946955052255,5.179608327010538,15.995488803806278,17.597295438634323,7.256309366584439,19.345894029666077,19.49139492385941,Okhla,3.760821452269402
28.50308996817126,77.25151553750038,"H-243/16 sangam vihar, Ratiya marg ",9.820892426398311,5.1914829436981496,20.740634574241067,22.16269755383971,33.35297171998582,10.470302552852626,15.936530620426977,17.150633003976864,12.571983811293016,3.7393353111701053,23.109212473397204,22.381277384300148,4.992718615358592,7.193610520972221,5.149483645219751,8.201583092444128,24.467981978632476,14.677766474753101,20.00037421662114,5.15432886392198,15.970764659766838,17.573703283851046,7.231190101436578,19.32078201884016,19.46635512053716,Okhla,3.7393353111701053
28.52367106014932,77.26199124008417,rz450 gali no 13 tughlakabad extension new delhi,10.550897164474762,3.568999508480299,20.215081383702753,20.92929478095654,32.12771663984856,8.157941436945476,16.23192401933768,15.05788831434839,10.074661771533888,1.3518442752184,21.19710985265941,22.425390847204156,5.412381181274615,6.688648419865117,3.045594999639167,7.015525900266807,23.027693729340314,12.779680862949279,19.004392258832084,2.8336496904690764,13.497275538397759,15.858218191473725,5.231994045096315,16.889559010232492,17.38416531711573,Okhla,1.3518442752184
28.65196501908893,77.27796211838722,14/30 Geeta colony,18.638135648042894,12.137062894420854,18.857177390411557,14.95868514995131,24.16486633938634,10.17067518614944,20.37701979590827,4.67450495765445,4.985983720305418,13.480955734131493,10.09880305942134,23.599353621431312,15.793524552104557,13.705797633147847,11.69797670395193,11.526209327147237,15.06152817628814,6.396917462542466,15.245915371963173,11.601015163769587,2.045406119741808,8.495434452799204,9.968728214094448,2.6459109936042378,5.848546552480195,Preet Vihar,2.045406119741808
28.50476526522877,77.32119295746088,i 49 harinager jaitpur road opposit vishal mega mart,16.48255779946579,9.407013907786922,26.2523593269328,26.410383860237122,37.51506386190931,7.3577271274293485,22.35278950181465,19.03456784663264,11.940806152204058,5.510726469861349,25.473651949682036,28.57996172268256,11.409485384338998,12.829096706376651,8.441388680601905,12.891151603695693,28.203597637967746,17.398923482513215,24.749620349495846,7.832518219794148,15.41462849690866,20.725322258982747,10.352207282318219,19.045847333339818,21.290622683372742,Okhla,5.510726469861349
28.50477380958808,77.32112556695938,i 49 harinager jaitpur road opposite vishal mega mart,16.475904784577743,9.400883520844245,26.246172969965738,26.40497549866759,37.509844939074775,7.357202095968455,22.34618122794588,19.030659714127523,11.938453999948727,5.5046252622891965,25.469606594414692,28.573447171212546,11.402840658690273,12.822657744475936,8.43550489746386,12.885092907135931,28.198574878990637,17.39429453892751,24.743862563007813,7.826798488579481,15.412609021766357,20.72053284659392,10.346714315962815,19.043825403953296,21.286868070987303,Okhla,5.5046252622891965
28.61465027247417,77.04803109169006,"b28, nanhepark uttam nagar west",14.407496514557685,20.022206948695363,3.9646739586561357,9.716153007761022,15.006244635409624,27.57374644423726,8.245618553100476,18.378600912738133,24.085371927297277,23.883424573631416,17.37170544551264,2.515303503592603,18.446535295088438,16.526444405431153,21.132542234994375,16.670914306974517,12.267281999139724,16.56933475716596,7.864530820644859,21.836670058361182,24.308009417611785,14.54567314582683,19.748197551333703,24.414725326764646,18.59263999049993,Dwarka,2.515303503592603
28.50841246522158,77.32865385711193,gali no 6 gru nanak garden ,17.158017252875876,9.848764861134928,26.692970190482914,26.667398755777857,37.730782565151706,6.942019426336963,22.960543729775342,19.033668082055176,11.730037104229122,5.962476870898631,25.489556209618836,29.133883296790323,12.05866487543681,13.360247932710953,8.824920591161732,13.306953446374168,28.384888629459496,17.51723666835927,25.08250220730999,8.181617400479109,15.154939165916208,20.86853689834043,10.644494223209982,18.782494161311067,21.264228520333038,Okhla,5.962476870898631
28.4961887366641,77.28774145245552,suraj kund chamwood village ,13.441771145100851,7.5274190614751095,24.014864382243434,24.887714199667766,36.085708759688,9.099373199054684,19.517689024673118,18.6556464747878,12.62905840362499,4.102486590989369,24.93023248457977,25.90977350834028,8.530493255847984,10.407915763439208,6.905392641625003,10.955655657888842,26.966844391798055,16.56850103612367,22.942100398516967,6.517628859708852,16.17428391748635,19.72851033734625,9.069070985764203,19.73873443041044,20.97534366889237,Okhla,4.102486590989369
28.50008668264547,77.31072396039963,molband Jaipur raod,15.552035476998897,8.852893060518156,25.641110656072662,26.05510355440636,37.20524073652258,8.003315043362509,21.511238865415063,19.052766403685233,12.27748434296804,5.010503238971074,25.453632801635823,27.808138516485197,10.529749273807251,12.11910038497761,7.985734236011767,12.34945838263782,27.950863434809467,17.258021623555212,24.291120700204882,7.437429862964893,15.797351768602425,20.539506044443296,10.008227456533234,19.42109837346784,21.337519953668206,Okhla,5.010503238971074
28.50008668264547,77.31072396039963,molarband  Jaitpur road ,15.552035476998897,8.852893060518156,25.641110656072662,26.05510355440636,37.20524073652258,8.003315043362509,21.511238865415063,19.052766403685233,12.27748434296804,5.010503238971074,25.453632801635823,27.808138516485197,10.529749273807251,12.11910038497761,7.985734236011767,12.34945838263782,27.950863434809467,17.258021623555212,24.291120700204882,7.437429862964893,15.797351768602425,20.539506044443296,10.008227456533234,19.42109837346784,21.337519953668206,Okhla,5.010503238971074
28.69498013399284,77.2610417380929,C 85  gali no 2 main gamri road,21.64569148622302,16.444203657126952,18.75550918784515,13.493635773761207,20.843304495945098,15.194022309924938,22.02721694510189,5.252532127150278,10.045882560581205,18.294535520932,6.664296169231918,23.900782050998405,19.68740199084956,17.24605518684382,16.21567461271157,15.056485740754248,12.568271912489003,8.279018287065599,14.75832209288772,16.233724982274225,6.816873011876826,8.353018332597589,14.260820564377127,3.61071212643996,4.066661001169273,Shahdara,3.61071212643996
28.69501719062076,77.26106151938438,C 85  gali no 2 main gamri road,21.65023136661529,16.44854382697476,18.759031542365637,13.496398033553277,20.84395120075198,15.19696138597739,22.03147946000932,5.257016551855683,10.049145893271158,18.29852220018528,6.665539418040248,23.904446074839978,19.691890556244495,17.25058843189481,16.219901326983887,15.061012662717875,12.57014055120508,8.283539610142318,14.761722123694561,16.237871249145325,6.819524763960819,8.356961643440291,14.265146983454322,3.6119572234528063,4.0704003520496705,Shahdara,3.6119572234528063
28.69499983870931,77.26104039698839,C 85  gali no 2 main gamri road,21.647546702106276,16.446357989013926,18.75633924519069,13.493974200404748,20.842541548566842,15.196067916018649,22.028657545920318,5.2542562296829365,10.047995920887086,18.29673045544896,6.66381510850251,23.90171421206866,19.689476252430765,17.248066480216597,16.2178542281098,15.058509967140665,12.568108723991791,8.280817887736761,14.759067245670161,16.235914083885792,6.818848273663569,8.354167363162608,14.262978962064384,3.6122469802217876,4.067649248600395,Shahdara,3.6122469802217876
28.69229819924068,77.26480521261692,k 259 main Gamri road ,21.56697135761181,16.202368026677767,18.96228732270575,13.79384469905394,21.28206582716234,14.77126246971207,22.085567204690808,5.238648145310189,9.647231436729216,17.976468164742908,7.078475472951439,24.084727110142282,19.504284356856548,17.098726945375983,15.9441412628299,14.903269999990897,12.943071068457046,8.230047345027291,14.983687671986536,15.944810430367752,6.379622071612161,8.495046461372334,14.01570719718353,3.1380384122943026,4.257258858934461,Shahdara,3.1380384122943026
28.69228467028062,77.26488165557384,k 259 main Gamri road,21.569414109732826,16.202057642348986,18.968461475880623,13.800890160078364,21.289630740308848,14.76687145192518,22.089972291296593,5.242292034218397,9.64354431988543,17.97462673221744,7.086081995465935,24.090646621570592,19.505020742728696,17.100086787298657,15.943260750134712,14.904545665853536,12.950578662349258,8.233068357492469,14.990063293332556,15.943583161193775,6.374826135318588,8.500582807719168,14.01534987622713,3.1314407965094064,4.263445849352961,Shahdara,3.1314407965094064
28.6186906977417,77.02566985040903,plot no.4 hari vihar old palam road new delhi,16.332279031146232,22.220769441203874,6.074914421813679,11.273371378828086,14.842104291340483,29.801501521869852,10.047647974747244,20.40124892707037,26.280579954555993,26.072441379236842,18.966273751826396,3.561082460029818,20.539473594218457,18.693393094693747,23.339409365360602,18.885657220719438,13.531295732850007,18.69961491250861,9.776750286298697,24.04622425457519,26.427927132072547,16.542950532366167,21.97262233334748,26.41485321522851,20.48935274273419,Dwarka,3.561082460029818
28.61907124552011,77.02543146908283,plot no.4 hari vihar old palam road new delhi,16.377268682014634,22.257429018550088,6.095801524570778,11.272603244846445,14.805411095634799,29.831933087381188,10.093724561470088,20.415387597922752,26.305444652564944,26.109860836790943,18.96509005840241,3.609186541551517,20.58106291615999,18.732035151258515,23.375334078472196,18.920662615572766,13.522140761429736,18.71960906677966,9.787784690046283,24.081878138752806,26.447014302052917,16.55621927046738,22.00601772708509,26.427680140475296,20.49815912831035,Dwarka,3.609186541551517
28.61904622888716,77.02541369944811,plot no.4 hari vihar old palam road new delhi,16.37681429668346,22.25807277436667,6.097678530156512,11.275485338014585,14.808488862617523,29.83314274807501,10.093050550402701,20.417650955081967,26.30706973942883,26.110425925900426,18.967986779725212,3.607841522553907,20.58113532779047,18.732466553616774,23.376051850849212,18.921469275510272,13.525250991335215,18.72154648796294,9.790198152696211,24.082622644244704,26.449006442150946,16.558526174403646,22.006973768644617,26.43001021358855,20.50067695015924,Dwarka,3.607841522553907
28.5082654482893,77.3388247936964,jaitpur khada cloney b 6,18.14827738239743,10.75152342457445,27.579750157271476,27.423341460608967,38.44750691705732,7.065475109622581,23.93192470632127,19.567314021435724,12.063862469930912,6.883905368035541,26.03071386200931,30.082028411699156,13.044512719399389,14.303523249524869,9.697089711014804,14.18831118137176,29.076784559367738,18.16606925651579,25.89733637622769,9.035248051570132,15.415313046978484,21.534209031173756,11.450547616851672,19.02784330507045,21.768432718625156,Okhla,6.883905368035541
28.61662694516734,77.02727515250444,plot no 388 Kakrola Housing complex ,16.065104573998564,21.99409293964085,5.936816134760067,11.255041996868435,15.036425176228704,29.607232468357402,9.775951523220662,20.296620385014908,26.11638022643679,25.84177199097713,18.94870639458307,3.2832180576852066,20.288094554945292,18.456715055048,23.116487601655503,18.66768351072916,13.560786370238839,18.5626077368696,9.691734710634544,23.824682504266402,26.295379726387498,16.443646092494046,21.76293862929937,26.317121502624143,20.41468481658138,Dwarka,3.2832180576852066
28.61658309145665,77.02734656631945,plot no 388 Kakrola Housing complex ,16.0566250387153,21.985869954679515,5.930364971256178,11.251614851569697,15.039894333057191,29.599531115036807,9.767536334613537,20.290878829909637,26.109272258756206,25.833495179866958,18.945260654102572,3.27528754254101,20.27961594477253,18.448367824469443,23.10831676152218,18.659588161346225,13.558727406503913,18.556104221151575,9.686530599760696,23.816531370348276,26.28896730113228,16.438045194046385,21.754973008760306,26.311540084832398,20.409696155732238,Dwarka,3.27528754254101
28.61664489869462,77.02731605619192,plot no 388 kakrola Housing complex ,16.063300276088444,21.991031273647355,5.932645619317931,11.250592958697846,15.033708888542302,29.603639768008822,9.77442314890036,20.292288967851665,26.112446783200486,25.838795616855453,18.944256545277653,3.2826560158720803,20.285653783862642,18.453870900435497,23.113352253783752,18.66445344454788,13.556463427486642,18.55845185165956,9.687329132478325,23.821521181735392,26.291197510945864,16.4392918343342,21.759569329866824,26.31276419461594,20.41025856735922,Dwarka,3.2826560158720803
28.69293405839203,77.2633071988821,J18 main gamri road jai parkesh nagar Delhi  110053,21.55538954545068,16.249940397250494,18.858709091908736,13.66381312028279,21.12150081804259,14.895407340098844,22.028009791792286,5.201290018184242,9.759536486148475,18.054330032271636,6.92155842442994,23.988126042875802,19.529975630642433,17.11118302470013,16.003232113736807,14.917660871607087,12.79457015055537,8.206330423357944,14.874453195938088,16.01078241132822,6.51087202905211,8.409494309249636,14.064356575109413,3.294819563545046,4.154820572395239,Shahdara,3.294819563545046
28.69291023580149,77.26331289857626,j 18 main gamri road jai parkesh nagar Delhi 110053,21.553364035367586,16.24740283975809,18.858106591212724,13.663846551886014,21.12282126545523,14.892763986671863,22.026585418437254,5.199554653844722,9.756846947203611,18.05165512372131,6.922602155635315,23.98738189634554,19.527593248043217,17.108913150123723,16.00063104589354,14.915372535366425,12.79521193128538,8.204434048248379,14.873971219395942,16.008149760752342,6.508279622225532,8.408525205877579,14.061811865041841,3.292677766845177,4.154163862865008,Shahdara,3.292677766845177
28.705257,77.311554,Delhi,25.30820838589787,18.835478681318516,23.717411677476054,18.550746147408514,25.349738636650912,15.01725889447479,26.47686613395822,9.622123519299887,10.762950257216136,19.756682941774685,11.504239077672956,28.806540395895126,22.559665635531665,20.461666057567125,18.30113287220313,18.272621351594566,17.519458252332846,12.365481543297456,19.756313265649975,18.121844419977652,7.266768681043323,13.181075167789414,16.690947408852754,4.1416134129295,9.02403248688581,Shahdara,4.1416134129295
28.69293435249805,77.2633071988821,j 18 main gamri road jai parkesh nagar Delhi 110053,21.55541795306534,16.249972740645603,18.858722767200977,13.66381944492954,21.121491069447885,14.895437153188606,22.028032347899863,5.201315697593293,9.759567535204328,18.054362688481007,6.921552286119789,23.988141302266847,19.530006990323017,17.11121352502183,16.00326472889708,14.917691518754143,12.794569090723247,8.206357642720166,14.874465507874739,16.01081510206043,6.510900753666709,8.4095120448368,14.064388954692301,3.2948407891604137,4.154834863816873,Shahdara,3.2948407891604137
28.51395181963742,77.23289966583252,f-41 khanpur no.555  g/f shop village khanpur,7.797390796281297,3.8721477379990055,18.57061711615332,20.168265869469938,31.334062979069742,11.075231110333226,13.806447513382828,15.819312602751815,12.228824802847784,4.360296456653277,21.543446018241593,20.217385422544847,2.8245733487595213,5.0797339662907275,4.332184067323196,6.329382166767493,22.56362518153353,13.166143345195572,17.92688056554979,4.646509569418073,15.43237542159847,15.877882520289019,6.059013555198565,18.588463507842103,18.102090014913806,Saket,2.8245733487595213
28.50416804226245,77.31954842805862,hari nagar jaitpur road badarpur new delhi near jaitpur thana ,16.332426524991046,9.304691487909128,26.146277357723,26.3409180350098,37.45308342533612,7.4358908527259535,22.214780146806497,19.019239496977164,11.972057457721421,5.410738818080585,25.45367929774096,28.451766098719794,11.265016844398161,12.70726504806249,8.35180478263427,12.792371664635429,28.14930905191739,17.359358762103763,24.665072574448686,7.750704031263538,15.454614854825438,20.679866894605343,10.279938361627734,19.08559814498071,21.280108459480378,Okhla,5.410738818080585
28.71368823875922,77.17992905527353,S-16 Main Road ,21.18847202994542,19.253482052577947,13.600124333524429,7.235725568749355,12.673119317546432,21.345747998650623,19.170722209384248,8.06264294585639,16.10462263419569,22.280999172979712,1.6729757191949315,18.803639138586643,21.19724383397844,18.373787142965448,19.55097988209867,16.55099054721908,5.0278599662112615,9.817787115213802,9.72038287250641,19.864575479830137,13.816227663050638,6.953392592928992,17.364334843135314,11.53061464073106,6.027754003858563,Model Town,1.6729757191949315
28.704776,77.181167,Delhi,20.22042440336791,18.272450003881854,12.957985109832492,6.693348886398195,13.129850529693122,20.535814119198935,18.32198336654529,7.221385906638911,15.32060923641584,21.329325663336558,1.2127463392741409,18.192005230118628,20.198923041535277,17.37556479477038,18.583627778694172,15.554401429826038,4.861685407827891,8.854764629672491,9.00882626420835,18.906285309600992,13.163199886938573,5.955717362538726,16.396840757943938,11.071539832414057,5.300622187499441,Model Town,1.2127463392741409
28.57499241108842,77.22845423966646,808 Sukh Dev market kotla Mubarakpur new delhi ,9.187383658418025,3.1216600102352263,14.68911935048576,14.481059757461265,25.643340457869815,9.536979712335606,12.717584038702377,9.031669143535106,7.526077038018958,6.576259113357724,14.807667782918086,17.916565087410227,6.00658626958514,3.9706948265735,3.616129732308136,1.9996153259928346,16.46488721964834,6.387278822573634,12.81162652346582,4.13963539796474,9.856206850593479,9.304331637873746,1.6440924419468492,12.465573998408674,11.303277559142476,Lajpat Nagar,1.6440924419468492
28.69044530364865,77.27010559290648,"D20 main road , MADHUBAN MOHALLA , North GHONDA delhi",21.655295964692566,16.08944424376996,19.352591867593752,14.266515793549967,21.837077956780373,14.378963141625366,22.3270005051855,5.4388323139590815,9.30442895363666,17.75431766862697,7.626271834239194,24.451811184152543,19.46585305480906,17.107450576706754,15.790574926793944,14.907058136411386,13.468742091416317,8.373349057579048,15.392942389105484,15.766666080184486,5.967824709897758,8.836434499879426,13.900826177510904,2.6199771114737294,4.661589155684972,Shahdara,2.6199771114737294
28.69044530364865,77.27010559290648,"D- 20 main road MADHUBAN MOHALLA, north GHONDA ",21.655295964692566,16.08944424376996,19.352591867593752,14.266515793549967,21.837077956780373,14.378963141625366,22.3270005051855,5.4388323139590815,9.30442895363666,17.75431766862697,7.626271834239194,24.451811184152543,19.46585305480906,17.107450576706754,15.790574926793944,14.907058136411386,13.468742091416317,8.373349057579048,15.392942389105484,15.766666080184486,5.967824709897758,8.836434499879426,13.900826177510904,2.6199771114737294,4.661589155684972,Shahdara,2.6199771114737294
28.73660086496249,77.0619997009635,A 15 rajiv nagar extn ,25.235986664291804,27.116158482268105,13.000126339262104,9.755912591849736,1.5208527385449588,31.67796163686416,20.399532155441698,18.69220181496617,26.735932705645684,30.79843334308972,13.31719481483972,16.143416090164003,27.484575253732334,24.797613695403218,27.8309029875578,23.735571306816954,8.163903943592983,19.086978416686723,11.993898302884311,28.35473935381129,25.085217048225054,15.709287172602808,25.787708027938773,23.21774594990152,17.240375833346086,Rohini,1.5208527385449588
28.6898088411515,77.2699074447155,Ghonda chok Delhi 110053,21.58489594547393,16.016286942982415,19.307082467793535,14.235878913658574,21.840075468865003,14.320896078104962,22.265374752068556,5.375616015083989,9.241115331049913,17.683897554793685,7.6223411561156595,24.40298548621983,19.392612723850007,17.034856036664323,15.71803948740487,14.834396924164121,13.453267291742602,8.305980016543412,15.350452403647546,15.6947213174114,5.9114020781340315,8.785379625278988,13.827674299542647,2.584064008082197,4.620379263832594,Shahdara,2.584064008082197
28.68980590000343,77.2699074447155,Ghonda chok Delhi 110053,21.58461752434681,16.015965879876354,19.30695479203582,14.235826211674237,21.840174973288676,14.320593907030148,22.26515670792659,5.3753887002343905,9.240799705676148,17.683570568155027,7.622411831735881,24.402840157028866,19.392302762525205,17.034556336690446,15.717714640361502,14.834096391831388,13.453285841140247,8.305724776631209,15.350340522120815,15.694395058989913,5.911104911862875,8.785222809070538,13.827353173724669,2.583837339595504,4.620275370737903,Shahdara,2.583837339595504
28.56069270737416,77.24801424890757,C180dayanand colony lajpat Nagar 4,10.026479247369183,1.6419394806748662,17.059038945035507,16.952674251630082,28.098214585742916,7.698492463415051,14.464563008703196,10.759793505107288,7.096048851819662,4.1352678108303165,16.859995767155063,20.033272957600726,5.706237364594117,4.845275102862205,1.2960512635016979,3.782355766106002,18.871899797241717,8.44614181949451,15.292227411550435,1.6733700720400229,10.097384121846122,11.573369016730162,0.9151202954584869,13.187328615110493,13.0826123994397,Lajpat Nagar,0.9151202954584869
28.56086379823718,77.24808432161808,196/17 Ramesh Market Garhi East Of Kailash,10.040388372847861,1.6615755490229989,17.057722628322566,16.943959207437082,28.088550261154932,7.688959756999322,14.472060120678343,10.74211997877564,7.077074808005024,4.146520699628046,16.84409715236799,20.036688366871413,5.724511465410605,4.8568402407361155,1.3128375710350626,3.7854830559659685,18.860763852291083,8.430893272235904,15.286413945304805,1.6839314339900087,10.07733254054926,11.56000109309346,0.9026491025228736,13.167124764795433,13.065048500312294,Lajpat Nagar,0.9026491025228736
28.68916149247082,77.2597023099661,k-157 gautam vihar 3.5 pusta near post office gali Delhi 110053,21.01702123792809,15.785645249166162,18.365369927609528,13.242146583504208,20.916999964604,14.665808327199654,21.48415804171461,4.654191891820047,9.483118102064038,17.65822192940887,6.672056134015393,23.482294243982217,19.02922371663927,16.594022592831234,15.562394849905447,14.403000620359762,12.464155859047393,7.662510111611806,14.393043304765484,15.58549572979725,6.331036830551269,7.888222565318659,13.602759781278182,3.3352872793662054,3.662057241811944,Shahdara,3.3352872793662054
28.68915002192198,77.25964430719614,k-157 gautam vihar 3.5 pusta near post office gali Delhi 110053,21.013130785326023,15.78364628019227,18.359682299809595,13.23635491305672,20.912051296827606,14.66716262606183,21.47917346273711,4.649701416027591,9.48396832952496,17.6573734509577,6.666918233621409,23.47668191961217,19.026454746267845,16.590843986649478,15.560823791911702,14.399893902012515,12.458596120843147,7.658345110993435,14.387305622039547,15.584189315165341,6.3330673899073116,7.8827377813472,13.600820138417154,3.3394809614159797,3.6563406220315575,Shahdara,3.3394809614159797
28.70290642442771,77.19537992030382,190 malik pur village near model town first red light,20.244940531438807,17.692973357846764,13.8315349470904,7.750249742169121,14.495423150018798,19.449539133391607,18.782246834585944,6.211064589762821,14.197294356626546,20.5898004324121,0.25612335781978834,19.08657223959511,19.868100203114608,17.075351495271537,17.92051150485716,15.157174176566553,6.201988973845629,8.20797639420285,9.809540831907604,18.198675920085083,11.893705584171636,5.688469147155828,15.739086808223698,9.692453500723825,4.111476143526053,Model Town,0.25612335781978834
28.70289848432139,77.19495210796595,190 malik pur village near model town first red light,20.235784330925068,17.702141634626816,13.799309069471168,7.713351847927528,14.456774532378194,19.476263806645104,18.760819651735677,6.233316831022114,14.22517792175152,20.604423275536085,0.23062272980978496,19.05413730535871,19.869564586021124,17.07564656268765,17.932432650167883,15.160282814405123,6.160431720155773,8.217800346754677,9.778558441045636,18.21209130397226,11.927398764800671,5.684534181436871,15.75064914193452,9.7314880040058,4.1402842002449285,Model Town,0.23062272980978496
28.70290554219369,77.19474524259567,190 malik pur village near model town first red light,20.232574399199414,17.70778407962221,13.78453617477579,7.696119365207615,14.437657829406467,19.490118073991034,18.751537172276368,6.245155904308118,14.239567636405054,20.61264551398034,0.21903497845790298,19.039250220356227,19.871513791574902,17.077037028385426,17.939381904646503,15.16303285777693,6.140475821004361,8.22379232311048,9.764439115064727,18.219747040528468,11.94440130682573,5.683949546735282,15.757432701637276,9.750773926823488,4.155145683984888,Model Town,0.21903497845790298
28.70290201325759,77.19546541571617,190 malik pur village near model town first red light,20.24612671679622,17.69050473032221,13.837547275220818,7.757306421365403,14.503386968002072,19.443701119268326,18.785958113676926,6.206083694994464,14.191242778726778,20.58626716479033,0.26219979945847166,19.092628414422393,19.867152130801937,17.074638067948523,17.917504566925434,15.15590264529737,6.210219080893622,8.205391878860711,9.8152857786416,18.195378040405753,11.886595485829883,5.68862702619673,15.73615128755163,9.68443203032293,4.105270581234146,Model Town,0.26219979945847166
28.68078442192123,77.25660134106874,"A-499, 1 pushta Gali Number 1 cathwada New Usmanpur",20.05803939623271,14.823827990771372,17.725227251755634,12.816923881446053,20.952443298863496,13.980220794594565,20.62928649301054,3.749338271980116,8.745012338039343,16.75604072251153,6.691522485091857,22.79653751154667,18.050591328381984,15.615676898607871,14.618443225157856,13.42409129364414,12.261466460839292,6.722404099522195,13.796483279985036,14.655330692317907,5.767566662468276,7.169809737170674,12.643277625655067,3.2573534706358642,3.117753603342652,Civil Lines,3.117753603342652
28.47882994738179,77.12092313915491,shop no 3 opposite metro pillar no 203 Mg Road ,6.019647324420016,13.86613149721768,16.234297169996413,21.162645707268357,30.736214676377163,22.494450410958596,8.842700591207223,22.42936386967415,22.351021392554074,15.962564994497805,26.088032005779027,14.567207829389183,9.791977224556533,11.019236320307547,14.961648121707682,13.126043541502948,24.23994470175789,19.382832804144137,18.199642429195215,15.567994551291749,24.83706442284722,20.421883894267697,15.496182101254105,27.182696996629616,24.225800662862582,Vasant Kunj,6.019647324420016
28.70792239265441,77.12513688951731,Sai Baba chowk ,20.58931256152602,20.916304442921962,10.235447493171153,4.317494836523894,8.127883293492719,24.83410629508771,17.048202551622882,11.760917159511305,19.83070502657874,24.428813648053886,6.687307572758686,15.016591089679189,21.890934413451173,19.08500494275689,21.501897091936268,17.704213303409364,1.4351369367014573,12.329350516500298,7.280668689951277,21.965091502244324,18.160697331140515,8.942182869789363,19.38151772015194,16.43040177687378,10.344732610881271,Pitampura,1.4351369367014573
28.70809177332534,77.12491124868394,Sai Baba chowk ,20.610992216268045,20.943944110260567,10.245248549131045,4.336759982463979,8.099075586297134,24.863038847327896,17.063689068187593,11.789321569955757,19.8594459684052,24.45702224593769,6.7103384673454665,15.02144534490013,21.916484690206257,19.110845103633547,21.529944439846755,17.731161036613212,1.4622589867288365,12.358276627826072,7.298627076838558,21.993318590867908,18.18845700770178,8.971091856673068,19.409744965841348,16.456167780442776,10.371795863740651,Pitampura,1.4622589867288365
28.61685180551702,77.03235525637865,plot no 83 A patel garden extn sewak park side,15.702473498733067,21.53798052244452,5.4409529699119705,10.820702445252975,14.925696143180113,29.123128782657066,9.439675284549828,19.80736105260973,25.62145945352334,25.3908105507719,18.512756766181422,3.0576714746717495,19.874356332207775,18.01468506069073,22.655914335424026,18.201809221235603,13.173710156862832,18.066500209307844,9.211660768477827,23.36256636193,25.799668162709008,15.95645841151828,21.289438377745682,25.830128631389098,19.93843713165094,Dwarka,3.0576714746717495
28.61727591908073,77.03224830329418,plot no 83 A patel garden extn sewak park side,15.741224258001097,21.56441579670192,5.446672005511744,10.804267212147236,14.88078395899546,29.141677411164704,9.480700030464126,19.807144718817856,25.633369738481054,25.41824378096927,18.49679896207002,3.1046879301088817,19.90766701120782,18.043825661733596,22.68137730703799,18.22607859389206,13.14973567088249,18.072672410102616,9.207094493370198,23.387673954555986,25.80503098224734,15.955104994997793,21.311640494555064,25.828703345848144,19.932585399903427,Dwarka,3.1046879301088817
28.61686328397744,77.03235793858767,plot no 83 A patel garden extn sewak park side ,15.703109596601653,21.53818559055137,5.440560727786364,10.819795960103612,14.924394479209685,29.123093898443575,9.44040373824753,19.806822821874615,25.62123656251716,25.39104777332991,18.51186095420781,3.0587063419482066,19.874790805700037,18.014977570706094,22.656088677617156,18.201945971102518,13.172657095253257,18.066123472259996,9.211016302962648,23.362729575928924,25.79927090662599,15.955892058141147,21.289511896107687,25.829561193761762,19.93776411926743,Dwarka,3.0587063419482066
28.68835002157,77.25433990359306,Vijay colony 3rd pushta New usmanpur Delhi 110053,20.685515233141235,15.636433804155704,17.851273718197685,12.711348068090613,20.45214472641326,14.824515976350185,21.04441172275278,4.275586274266435,9.6015177622123,17.61523983646101,6.193840937355215,22.976686570956648,18.805907442129865,16.33245639389599,15.453386450543173,14.149328441567047,11.948940241219127,7.310840627207653,13.872944158032206,15.501130027300913,6.559850911807022,7.398312470124678,13.460448708922204,3.753117919490991,3.146236345144717,Civil Lines,3.146236345144717
28.68826678588817,77.25439589470625,Vijay colony 3rd pushta New usmanpur Delhi 110053,20.67995550759676,15.627757569055763,17.852425262129206,12.715182558702017,20.460375689974857,14.813778520104531,21.04186813032688,4.270855431149368,9.590836410594335,17.60546452061705,6.201771169368407,22.97722026391179,18.798297302287246,16.32547513387999,15.444238744190969,14.142190836730272,11.95510409543006,7.30558895411479,13.874632229149334,15.49172567863943,6.549181932192002,7.3978218338304105,13.451670959615532,3.7441859529350103,3.147380764568748,Civil Lines,3.147380764568748
28.75838598631064,77.18814063817263,60 foota road kaushik enclave swaroop Nagar burari,26.219480243669445,23.864877263251127,18.05890362590663,11.636602471386105,12.871687603524304,24.81931846566533,24.07086811928416,12.083619316555282,19.538763015452577,26.632945448942206,6.004371354575503,23.112231748743415,26.069250056398968,23.267463746546778,24.041515242002564,21.365629538505207,8.772372226450594,14.381443449382909,14.406118066209247,24.282086574941896,16.672123563746563,11.843759346891398,21.870867544967314,13.616712643142709,9.778766817367758,Model Town,6.004371354575503
28.72268688724876,77.15320385992528,shop no 28 ramjilal complex Shalimar Bagh,22.03751339375981,21.099724431856743,12.896171657332463,6.526656115104658,9.885500542670421,23.865670120910682,19.226840999049656,10.54566014284708,18.67365832397247,24.339878811115078,4.423166134506388,17.895963878001016,22.645269262425746,19.80471195141754,21.515876165858206,18.15601151469792,3.551084126838477,11.88193719331514,9.41849659822791,21.89063520098414,16.5339247790902,8.687693447204355,19.338035801557417,14.321338317834858,8.677456853613279,Pitampura,3.551084126838477
28.72266130729746,77.15295944362879,shop no 28  ramjilal complex Shalimar bagh,22.034766096388214,21.106557843978976,12.881916510635977,6.514364309810271,9.863631752729734,23.880517939194743,19.21767390124603,10.560685024778959,18.689382515080283,24.348875139977746,4.443122767108797,17.87972582379801,22.648004443303048,19.807471508763918,21.52395499372654,18.16059956708268,3.5350558174741185,11.891961029530329,9.408147860007801,21.899367400225195,16.552355620084505,8.695237699019502,19.346334560047925,14.342310412658708,8.695030983648278,Pitampura,3.5350558174741185
28.73822922552948,77.1365349367261,B 7/33 opp Lal path lab Rohini sec 18,23.826655567396518,23.3441635760456,13.781240195791401,7.756483896936327,7.901121771131328,26.237086420564673,20.552314897559288,12.916572715625401,21.03969645810567,26.643867217425772,6.70436448477134,18.49458299155528,24.729842615691744,21.89397379903175,23.79699314425329,20.3238053146407,4.648221451431822,14.212504571351047,10.737324873584692,24.188771755766943,18.847213370846863,10.966612570595895,21.625992749709734,16.510405194316625,11.018159756198273,Pitampura,4.648221451431822
28.73821540853086,77.13654030114412,B 7/33 opp Lal path lab Rohini sec 18,23.82508568031322,23.342551067737897,13.779978810895974,7.755031322946929,7.901880436651157,26.23562827702447,20.55089267315102,12.915117755114556,21.03826896222652,26.642275562574927,6.703073755484099,18.49348346257747,24.728221493145313,21.89235217074059,23.795391525178385,20.322183214862484,4.646739063727887,14.210934027776329,10.735870414520711,24.187177458498933,18.84590775844601,10.965014906238006,21.624394271826155,16.50926722451454,11.016794997002407,Pitampura,4.646739063727887
28.72330639059492,77.15071208775043,haiderpur opposite ayurvedic hospital Delhi 110088,22.10859126753062,21.260056186345302,12.838089936924728,6.495184231935516,9.633056473746285,24.086498841031112,19.229155804500117,10.767946489388953,18.900079816803306,24.51793392290835,4.671164157942078,17.81131174859169,22.769346791267306,19.92914925778657,21.686565490695088,18.29704422623723,3.4753484671525077,12.068657823026152,9.408784111803556,22.06662996754395,16.775312932274762,8.855038266485389,19.510602082703798,14.572301501564956,8.914680151381981,Pitampura,3.4753484671525077
28.72320436537939,77.15070873498917,haiderpur opposite ayurvedic hospital Delhi,22.097252534270197,21.249812477830243,12.827971819179462,6.484536238601641,9.63617223568271,24.078751381499814,19.218109873260815,10.760326733394772,18.892740781351907,24.508192373883013,4.666418365405331,17.80183545564835,22.75841172147673,19.91822130313671,21.676600603654048,18.286386388953375,3.4654898075089324,12.059239598113177,9.397853967883654,22.056825098828877,16.769444637983604,8.845013080363087,19.500695244659216,14.568319900201994,8.908344594538883,Pitampura,3.4654898075089324
28.51609447773182,77.23732966929674,garwa cheek dakshinipuri,8.194883100961222,3.5947036804978296,18.752286447133464,20.19447784902686,31.376308846118725,10.583979504367415,14.13706057742877,15.594136078947182,11.810884749947334,3.86718499506616,21.391121239358576,20.509407251235597,3.144444698724222,5.190630210536589,3.946868465521991,6.278499802918192,22.542936299458194,12.989671449433422,18.004544705382177,4.217460639423633,15.045933302751441,15.766713473285861,5.765888735067934,18.23655854551015,17.887948445640376,Saket,3.144444698724222
28.73652883903995,77.19258975237608,kh.no18/24/1 West Santnagar Burari,23.875467256522725,21.397465799352073,16.339093961810416,9.925866511544495,13.344920390614533,22.56240574569845,21.993297166073827,9.659833179102469,17.275358633144265,24.19100603212998,3.5516914384301668,21.505202944630256,23.616150411615134,20.82068092994746,21.582152113311796,18.904996161637182,7.37526047684828,11.913144548964226,12.513808543192132,21.830363864878823,14.554617396914455,9.411740797919563,19.40913449852359,11.71413621923784,7.375455804536694,Model Town,3.5516914384301668
28.7387169350125,77.19290759414434,kh.no.18/24/1 West Santnagar,24.12061459480671,21.62895117643355,16.54872484701175,10.130835886754042,13.351748949480493,22.743761128958322,22.227941537874415,9.873736927854512,17.456982997994988,24.41121188759005,3.7942308946187877,21.707867733438963,23.857293045816842,21.0627803933544,21.80868247527958,19.144601005444745,7.548473947382888,12.145788511243502,12.734546918954528,22.05380196167983,14.711091247600177,9.655588542664615,19.63679014893895,11.836212770222474,7.583139220244916,Model Town,3.7942308946187877
28.72353954871087,77.06213179975748,Plot No 2 &3 Rajeev Nagar Extn Main Kanjhawala Road ,23.87963354093399,26.003870849321647,11.575907971491663,8.679260814849375,2.927508495058638,30.84590097247946,18.97074388130983,18.031914404151454,25.98805295710726,29.727144856965296,12.99273556408282,14.699926026951147,26.24244927316532,23.584795583007416,26.753900165900518,22.59260923939847,7.461130000408236,18.224031856651045,10.743500201312179,27.29576206549694,24.497743612430693,14.873785677408378,24.741578198768615,22.81113008559316,16.720716717209626,Rohini,2.927508495058638
28.72355836598884,77.06213917583227,Plot No 2 &3 Rajeev Nagar Extn Main Kanjhawala Road,23.881302216673348,26.004959881671457,11.577795150474413,8.680204417562456,2.9255883337349293,30.84645034114378,18.972655924372006,18.03212754422489,25.98844299515239,29.728153239448666,12.992363951613875,14.702083440830709,26.243826468976923,23.586101865409695,26.754916745101355,22.593758776104018,7.461310999715418,18.224610521966056,10.744863268150583,27.29674247902215,24.497853178831985,14.874297884321315,24.742528852760827,22.81093872710452,16.72068518241697,Rohini,2.9255883337349293
28.54972287626292,77.2718547284603,okhla phase 3 e139,11.849414158837124,3.2417118007819092,19.681860050387105,19.473174926178995,30.571031417818425,5.784139992148134,16.800652405683252,12.515437017405588,7.021798310714991,2.1082273314636177,18.839267588755767,22.553420897861077,6.964171548875008,7.008668395710896,2.0079850200907927,6.345981022494175,21.273002624478398,10.568133536994866,17.893888844982424,1.2776418964451843,10.456576129949747,13.840086298323694,3.4471257070066867,13.886851684537469,14.83095480985788,Kalkaji,1.2776418964451843
28.55449408339482,77.18230448663235,Shop No 7 Sector 3 R.K puram,4.332210206918886,5.549805492237113,11.887811885814362,13.882191193448396,24.907751454554365,14.150224213028192,8.040810301893407,12.241358372243424,12.569451474348238,9.261375023024138,16.727384734124435,13.951799842554989,4.093396480533002,1.8280903156306545,6.762683846581097,3.051602422145391,16.54091213262659,9.197637049354546,11.415307515397787,7.4964075758751285,14.665612349164904,10.863500769481313,6.1163823171151686,16.857327067350717,14.202788838138138,Hauz Khas,1.8280903156306545
28.50039782852719,77.32636626809835,f406 harsh vihar Hari nager part 3 tanki road Nala chowk ,17.053549793327914,10.09183664997739,26.932926937561806,27.111381086750598,38.215302264547496,7.828446057738499,22.968573118901865,19.70104507750016,12.530415817969084,6.197783108668015,26.145142369635987,29.222136550369445,12.005148690112872,13.485620444817545,9.136363866401366,13.579394468455824,28.901629523960167,18.089128451147516,25.447396173555028,8.531131859871536,15.98231044865037,21.41919639164831,11.053035741726214,19.61265500434301,21.950662926454264,Okhla,6.197783108668015
28.68856355167374,77.25421484559773,"3.5 pustha ,new usmanpur near usmani masjid",20.700653813806674,15.658878585839382,17.84999808527668,12.703333549386889,20.432749649582465,14.851205983257046,21.052257310428274,4.288807782013939,9.628175947480363,17.64013164392403,6.1752709840567634,22.97694390609604,18.82589200487698,16.350970361609587,15.476896323543796,14.168212111364944,11.934964634315163,7.325273719374947,13.870335435988085,15.525211228514983,6.586121117807611,7.401155224327306,13.483125696223265,3.7744453420934216,3.145108911812803,Civil Lines,3.145108911812803
28.68857649287816,77.25420914590359,"3.5 pustha ,new usmanpur,near usmani masjit",20.701658759314054,15.660257037385497,17.850088888108363,12.703030138495848,20.43174767812461,14.852737016745719,21.052864958751595,4.289712821843568,9.62971634251635,17.641621124490623,6.174322978167387,22.977122707632024,18.827149018933284,16.352152402757664,15.478324859828389,14.169413245922534,11.934301845605445,7.326242276369341,13.870349381957595,15.526665672624404,6.587602024504726,7.401483598872964,13.484515280289312,3.7755752828966567,3.1452139580974365,Civil Lines,3.1452139580974365
28.55743721636667,77.29258418083191,d-271 Abul Fazal enclave,14.023869499894392,5.357996936678997,21.240490175632683,20.467197519310126,31.40543945804624,3.5857567533212995,18.809685856501662,12.552763201532215,5.803914986247462,3.5154040687383836,19.00267071064881,24.385637287768585,9.16289239439827,9.077077782218367,4.130097586615157,8.138085120985748,22.011205152871398,11.077523553639738,19.143763212795626,3.4305030836020705,9.350842943872056,14.452297026102029,4.965631073575533,12.932564929420248,14.801709498858072,Kalkaji,3.4305030836020705
28.55743456599379,77.29239776730537,D-271 Abul Fazal enclave,14.006216096520427,5.3400585419158215,21.22345771531824,20.452913672112224,31.39229995529376,3.6024549123313845,18.791477917715433,12.54421677656643,5.804885883495157,3.5053812736288856,18.99368173766226,24.36770979306166,9.146085979005868,9.058930365208104,4.112259752637223,8.12008213003693,21.9984769437729,11.065578897360165,19.128088696511387,3.4129127217962143,9.35165224965126,14.440017914214925,4.947982638492964,12.932380071579827,14.793872638133063,Kalkaji,3.4129127217962143
28.5337790977452,77.30932552367449,C-1 Madanpur Khadar Extn Sarita Vihar,15.209254861373271,7.087812365553903,23.747282785856385,23.389644661485622,34.40342905011022,4.426994655327878,20.59799409940077,15.64704345155816,8.55101873781549,3.544618404955875,22.099436628815134,26.52185745560134,10.08846635486581,10.809773247267644,5.928193387924295,10.38885867732406,25.034414060603176,14.137545867191776,21.91622583307743,5.217551979436368,12.057159603983846,17.498611264208048,7.487822501212929,15.684515032675826,17.887751908106818,Okhla,3.544618404955875
28.70952620488691,77.14179407805204,nu 26A pitam pura,20.608444389565573,20.25962930909396,11.076519438809841,4.755037758176043,9.424782715308243,23.687759022759565,17.530248410709277,10.473878406024637,18.602326537719964,23.653087622487636,5.082114738346366,16.0582609576557,21.524500737679826,18.69249519800779,20.76665734911763,17.168790426190387,1.7150775953936668,11.343769085712918,7.696633079979144,21.19016463102639,16.768794107507272,8.000436186326613,18.613126917914634,14.901135315913882,8.903561222357768,Pitampura,1.7150775953936668
28.70947062764655,77.14181754738092,nu 26A pitam pura ,20.6021424849905,20.253096000038333,11.072174019534796,4.749943960282026,9.429712313244034,23.682000294984334,17.52477172187624,10.468495122602308,18.59680219521446,23.64665488811274,5.079177829138346,16.05457145932248,21.517920971822143,18.685911754075434,20.760181343853013,17.162206571828406,1.7111556553648473,11.33756885424529,7.6912214045018,21.18372616593353,16.763967161833335,7.994116664419306,18.606675731904055,14.897281881105608,8.898936476348029,Pitampura,1.7111556553648473
28.70961412860898,77.14180983603,nu 26A  pitam  pura  ,20.61811586186645,20.2675562387259,11.085850249622405,4.764781436168767,9.421540829171523,23.69295439054321,17.54011420816891,10.478146985753748,18.606930123467276,23.66046596658923,5.081648124284388,16.06710391799173,21.533393282922493,18.701339390135963,20.77424694642286,17.177205912869486,1.7241140223725198,11.350256702319063,7.706483850119896,21.19756967715187,16.771829254710212,8.007348051580811,18.620592492929067,14.902265340586384,8.906182410159385,Pitampura,1.7241140223725198
28.56250549074583,77.29123905301094,shop no.4 okhla ahead,14.055809311682411,5.36577065898374,20.931869168449282,20.02400395994945,30.92741348152131,3.517752823118677,18.69051366750415,11.997087245759447,5.247562575336715,3.941282662868258,18.451321809415152,24.1722258323427,9.284990511882244,9.019879052792158,4.164090500706673,7.950950696962175,21.523582579325595,10.5742839309714,18.755611127998577,3.5061591362405764,8.792296150350774,13.95538974655914,4.7365930023287195,12.36619677312524,14.239249453072501,Kalkaji,3.5061591362405764
28.53261502169575,77.3114025592804,samosa chowk madanpur khader jj clony,15.403665809996642,7.315451533679323,23.985573820373663,23.62825519208507,34.6391338611549,4.478962978631113,20.81542321364071,15.860065667542363,8.714344651253773,3.737485034260888,22.31461147200297,26.750443123406747,10.278219727813063,11.031293277045473,6.160469401383924,10.624768742166003,25.26818058185696,14.36699482669666,22.156865759750485,5.451778018363746,12.210375145207415,17.729931322200613,7.728314508755634,15.839645925944824,18.096406138092316,Okhla,3.737485034260888
28.61896028934973,77.03536972403525,dwarka morh rwa,15.637389265290691,21.347749863717258,5.128057203557629,10.446646860971423,14.649965744939491,28.875729235578067,9.408646709935066,19.469148681073793,25.33564417320415,25.208419834535235,18.13915380188637,3.161877390688941,19.7464729547911,17.847692829692086,22.457848946544885,17.995028253181506,12.798326483559434,17.75336400901842,8.860218199982857,23.161673166307732,25.482760499603078,15.61453404423156,21.067146187573613,25.487762149190477,19.583173452534563,Dwarka,3.161877390688941
28.50037808729111,77.3218360170722,shop no 4 i block main tanki road,16.616907574692853,9.720240934772038,26.552227899217954,26.79530828163108,37.91349352930818,7.841117283118992,22.543374859731234,19.496245650977382,12.430747698445757,5.8330673141626725,25.930660330202144,28.80864183235678,11.574607047185337,13.082902328519028,8.786424768270292,13.212374118277316,28.615165846658172,17.832549474676895,25.103503380658527,8.194919485862425,15.906161095566985,21.1506027393979,10.733067313677333,19.537371742467172,21.756786692091485,Okhla,5.8330673141626725
28.50039664994604,77.3217961192131,shop no 4 I block main tanki road near kaniska garden ,16.612725799467142,9.715849377451073,26.547821508311014,26.791080466617416,37.90932447813934,7.839259195048107,22.539057611690364,19.492624956028088,12.427900662251231,5.828694216737624,25.92697185380635,28.804264171727866,11.570335577958167,13.078497933196093,8.782086700041674,13.207989716081856,28.61107083724137,17.828618036275007,25.09917542309922,8.190628137119923,15.903488016532023,21.146602726546377,10.728834203227954,19.534696651263427,21.753234616625715,Okhla,5.828694216737624
28.74714903966596,77.19631098210812,41 foota road budha bazar near kamalpur delhi 110084,25.099443412554884,22.483661176680766,17.493059225062243,11.06679815263722,13.63235487963521,23.337582838406295,23.21945485772729,10.642541918224124,18.057031035534898,25.200004778048886,4.738616539713261,22.633916453741634,24.77779897155201,21.991798347352105,22.63395556403508,20.053951569445516,8.406972086316244,13.012471113158128,13.704092945151134,22.86140957648695,15.200139044986779,10.604350872895317,20.469434554973986,12.182533485529847,8.328695423076782,Model Town,4.738616539713261
28.74718784153066,77.19631969928743,41 foota road budha bazar near kamalpur delhi ,25.103839029911597,22.487745521521678,17.49700772686338,11.070708581691479,13.633123505589168,23.340745844998395,23.22374382659234,10.646377032245915,18.060232857868854,25.203869996505684,4.742971846321256,22.637752306866584,24.78207553403487,21.996098024665216,22.637945305083196,20.05819992263895,8.410488427921875,13.01660505998205,13.708205027177982,22.865340726273086,15.202933307371856,10.608702425020024,20.47345062828563,12.184794506202115,8.332473811886556,Model Town,4.742971846321256
28.49739564499431,77.24073037505148,G-403 Near Neem Chowk Sangam Vihar,8.994390826379238,5.674893487829109,20.36527169940822,22.1415051022261,33.29501525736632,11.662239338895091,15.224366036876237,17.687587720133518,13.54438396503986,4.884826974396621,23.495013192946384,21.74147721746853,4.4949726561179375,7.013970633326507,5.874098520838809,8.32221468829538,24.554358895086594,15.095265329780451,19.863106222557807,6.0035680477205124,16.8835024441556,17.855910591809817,7.820914215142956,20.16273216831657,19.985719524648676,Saket,4.4949726561179375
28.49724301428326,77.24072098731995,G-442 Sangam Vihar,8.999234057670565,5.691823022617854,20.37614875375012,22.155681790663483,33.30881260842854,11.674782542734079,15.230844128606401,17.70447867623227,13.560377235131554,4.898340290828724,23.511477875291966,21.748912792513234,4.505692777563103,7.027453080940508,5.8909677095514965,8.337716643437847,24.569278298778244,15.111888879202066,19.876365493401728,6.020060942482822,16.899900519656775,17.871991995269223,7.837905700354943,20.17944904311258,20.002570861022093,Saket,4.505692777563103
28.66237316050159,77.15186275541782,"KLJ HOUSE, 8A, SHIVAJI MARG, MOTI NAGAR",15.332215972390816,15.24711811303184,7.70312971166166,2.641213859015684,13.421791373957161,19.814380631022715,12.845672634312727,7.684009372626618,15.124783207344894,18.824909592153332,6.2147880351836395,12.954441671819676,16.235564170165084,13.415648651100263,15.875622008381349,12.008349871483402,4.2619086639122665,7.198379157999593,3.6493285064793555,16.367830045824473,14.17796647254555,3.9830737049275893,13.78903990310138,13.438804096976352,7.308719822122818,Punjabi Bagh,2.641213859015684
28.66245053292715,77.15187482535839,"KLJ house, 8A, Shivaji Marg, motinagar",15.340802612415233,15.253613414848044,7.709112752809064,2.6399198415695504,13.416403476053041,19.81778740574726,12.854043523303785,7.683607031759442,15.127033066579575,18.83085273944861,6.20751743540116,12.960569217287876,16.243300077841344,13.423291092129642,15.881708262251497,12.01537523372252,4.254758348925342,7.20144944105884,3.655479758334278,16.373703690443435,14.178210570001575,3.9844707804160326,13.7948465760452,13.436823117961744,7.305709943485838,Punjabi Bagh,2.6399198415695504
28.73395321821796,77.02251557260752,"68/17,plot no.3, main kanjhawla road, near goel tiles , KARALA ,New Delhi,110081",26.591599140585924,29.50923409658335,13.993106653833392,12.39668863664031,3.7320601382587077,34.72876754109842,21.16221139547766,22.03410969200478,29.938873409214523,33.29982587219301,16.999783477695694,15.938917135483882,29.414798908173275,26.86005152255766,30.325056560810896,26.04818852160782,11.474531668870508,22.104557559813482,14.063166551496504,30.89751874402549,28.516675339877672,18.78842062984715,28.37358026848808,26.84005028165374,20.752368291109956,Rohini,3.7320601382587077
28.73381004464677,77.02246829867363,"68/17,plot no.3,main kanjhawla road, near goel tiles,KARALA, New Dwlhi , 110081",26.579888994104408,29.501415086204332,13.98103660737649,12.391193455877737,3.7435002193096407,34.7244055005837,21.14899468127639,22.03212307652775,29.935631804866205,33.29243154559999,17.001270271973638,15.923827101662246,29.4050223384027,26.850876096576698,30.317694627926933,26.040108639445446,11.473085211250204,22.100321465829804,14.05485174706089,30.890380378131262,28.51525913175517,18.784737301542332,28.36672230289875,26.84056330866305,20.751882847996153,Rohini,3.7435002193096407
28.68838413935686,77.26978875696658,447 Brhampuri main road ghonda,21.44407889878776,15.85857059820981,19.235095321171467,14.19976241737382,21.877791179055464,14.179130693563986,22.151398978680355,5.258243530834235,9.091409774961907,17.525720703129014,7.646885081807438,24.322599790846944,19.238814533092835,16.885128712388962,15.559345299989387,14.684343384400476,13.451629610454885,8.175596992764765,15.286063107388525,15.535880373383467,5.772796186885484,8.700279299291955,13.669940617337133,2.485611552963154,4.56142477283136,Shahdara,2.485611552963154
28.68845178665998,77.26993326097727,447 Brhampuri main road ghonda,21.457906458427523,15.868657335215897,19.25099820282217,14.214830104456372,21.888851910345718,14.180618153533949,22.166938663265054,5.27369258109021,9.094900766495781,17.532979141067177,7.6588135600620415,24.3385669377454,19.250464944082342,16.897697649038303,15.568458037478644,14.69685334517777,13.4651796312669,8.190351058932324,15.301859776073593,15.544364166896564,5.773555751634066,8.716256178232154,13.68001781464085,2.479968758381744,4.5770876135219645,Shahdara,2.479968758381744
28.50507374562435,77.32243046164513,i 2 Hari nagar jaitpur near love kush chok,16.59787855963794,9.493331009855105,26.340397395027406,26.47409074773065,37.57350654155139,7.316739414757893,22.46094335030328,19.060955870272434,11.934168118861692,5.596349989147814,25.503086735582965,28.682044467394682,11.521667164884036,12.927532374898968,8.519579426906372,12.974865540931185,28.25690167040349,17.442410008567798,24.823507794840523,7.905722677392376,15.401199692471092,20.772739362003637,10.418643538758543,19.03236536574001,21.31349012373225,Okhla,5.596349989147814
28.72247166263574,77.10451539605856,jagdamba market rithala,22.537086428946157,23.369771248977248,11.301334629508574,6.290531579496946,5.557208166556617,27.414734220328395,18.493815978933352,14.312409635606501,22.401529969892465,26.9314769538304,8.912056593152288,15.580521436621378,24.163465520120653,21.386405405690972,23.99106691007383,20.101155314602938,3.9453381083983023,14.903069101459012,9.0563843774563,24.47024033204643,20.665915259023695,11.51452764335215,21.887705476546397,18.793365397338373,12.810659394959655,Pitampura,3.9453381083983023
28.49968154340364,77.31418669223785,86C Gali no 14B Molarband ext Badarpur,15.893079815777062,9.150703463338308,25.9524699761717,26.322663057619334,37.464903813108656,7.991769978761049,21.848157957779474,19.235366111437028,12.369673107211883,5.292469569457613,25.647297012391558,28.13938594989045,10.868372384460644,12.441704631094638,8.265024978584101,12.647341345204703,28.197894878268738,17.478069139992716,24.57763938821752,7.704171671007913,15.878121005902745,20.770700949127658,10.267809872497088,19.505616348349086,21.51358715262628,Okhla,5.292469569457613
28.4996600341495,77.31416959315537,86C Gali no14B molarband ext Badarpur,15.89185155655933,9.150774090719315,25.952301800887813,26.323210126210803,37.46555787728423,7.99437795637807,21.84724827039623,19.236819617102473,12.371779578770385,5.292770228831401,25.648656354683485,28.13870720010009,10.867365095366571,12.441272183324191,8.265383960944908,12.647418047217638,28.198701541579624,17.479166033557547,24.577912002524783,7.704701733825441,15.880301515567615,20.77168305490549,10.268442771371483,19.50777862111838,21.515098920487716,Okhla,5.292770228831401
28.70262028614178,77.26525984704494,C. 46 thana road bhajan pura,22.588332141973932,17.343347601852226,19.50281134732432,14.095906081321838,21.010248693592363,15.81102738001372,22.917957673770257,6.186624929453045,10.734876000494515,19.121258344119052,6.9925107938323166,24.67425196251309,20.617182473862684,18.185633116634158,17.091714092443816,15.994688267422127,12.995187451903343,9.218785211029244,15.484094360087104,17.093428633208273,7.397383443499724,9.18864748265314,15.157530456200098,3.9628204024912304,4.877853136481144,Shahdara,3.9628204024912304
28.54461393157915,77.25089862942696,AB BLOCK DABUL STORY A1 BACK E,9.726469052508936,1.2637105101864536,18.0961931313209,18.45284097178906,29.637652972022565,7.891700137804474,14.794962687149168,12.569711796833932,8.397067208811773,2.6655816590304107,18.648012425903687,20.694660909598284,4.871242406402002,4.990287838896616,0.5336286052465258,4.718410938323173,20.490161660616298,10.222039581452462,16.631359789401746,0.9129637508841506,11.60908931609419,13.290161153919632,2.677669735506782,14.827782866891283,14.892342524882247,Nehru Place,0.5336286052465258
28.54460391783957,77.2509103640914,A BLOCK DABUL STORY BACK SIDE A1,9.727329161169003,1.265162414648918,18.097730945921587,18.45443414663225,29.639242002950425,7.891046210135199,14.796202188091959,12.570994265902891,8.397441999339685,2.6640032726388867,18.6494182396295,20.696053984560937,4.871749951623171,4.991546580502755,0.5346562678359857,4.7199740423196985,20.49172801237901,10.223466321606113,16.632955221896722,0.9125909788019734,11.609695930460775,13.291665717670258,2.679063352545737,14.828573510380851,14.893634353667483,Nehru Place,0.5346562678359857
28.61505967870297,77.03256513923407,B1/ 74 SEWAK PARK,15.557329880050398,21.449295012380226,5.444866664436418,10.911950927186393,15.119335247808111,29.068796561816225,9.283842952079866,19.83256001527842,25.595698495783736,25.297533611327946,18.601367342418506,2.870192962620902,19.754615791867675,17.91404449114869,22.571505810153056,18.12290996119693,13.293740690077607,18.065327127553132,9.256021004532856,23.279706266624608,25.80146398078017,15.986622623098505,21.21947210131183,25.860003799037052,19.986626195276926,Dwarka,2.870192962620902
28.59602781322513,77.04653710126878,dwarka sector12,13.168497984013234,19.49829369219695,4.949889253623652,11.225585878726518,17.081884676407853,27.431304533034968,6.846008860522694,19.143155902956558,24.27376819640637,23.29412065887787,18.75327386714562,0.4398896613054752,17.539403068150794,15.866830616811992,20.656884671171152,16.279923973977937,13.962117175968233,17.072249780328818,9.005714826947308,21.377499099780795,24.79299733216471,15.39937972502956,19.449961691443978,25.190014550999315,19.586041105551907,Dwarka,0.4398896613054752
28.59593802794028,77.04694211483002,Dwarka sector 12,13.130955751453266,19.457525777631655,4.923617583588601,11.20559659430874,17.089650717211715,27.390956534931313,6.809416377369975,19.109629226078656,24.234939611555752,23.253433352966866,18.729492147015304,0.4365690584460462,17.49962949826696,15.826195226957356,20.616102540686107,16.239191906690582,13.946503608911733,17.036108151968275,8.979121582871699,21.3367163658545,24.756347537054673,15.36726205018776,19.40932810990119,25.156326259444864,19.55548415938273,Dwarka,0.4365690584460462
28.7132621627819,77.0605717599392,Rohini sector 22 lakhiram park Delhi,22.88492705028765,25.264526305875926,10.500594740610474,8.04487137857425,4.037909383770478,30.3625803383914,17.88341067897151,17.730885950175193,25.587287885905543,29.02350883823262,13.009400512495096,13.547442269083085,25.37172415517963,22.747156621837302,26.048014069335526,21.827424481432733,7.227386125640225,17.738814073859523,9.896470176407183,26.606586722904364,24.240256809433976,14.428808124326633,24.068172759289904,22.71107461749584,16.548153273509797,Rohini,4.037909383770478
28.72187126595003,77.06489112228155,kh no 12/21 khanjhwaala road begum pur main bus stand delhi,23.60728448864671,25.686702294397524,11.338751723553095,8.357221260937612,3.1685041308613036,30.51915918474148,18.73772803819613,17.710240662296385,25.662736559829007,29.40695818356852,12.697998183645703,14.547161378627404,25.94165667667685,23.279097582081636,26.43399892325235,22.2781391100028,7.140507031207926,17.897223467980957,10.44211036743729,26.974681253801958,24.17912483407081,14.547220151310274,24.419622636047308,22.505454700924663,16.407508289506143,Rohini,3.1685041308613036
28.72186362130791,77.06491693854332,kh12/21 mani kanjahwala road main bus stand bagampul,23.60556607876933,25.684400580818167,11.337422151050148,8.354831668682152,3.169976075325715,30.51658879052888,18.736431798020753,17.707596503598026,25.66012309415126,29.404602469833858,12.695381394054396,14.546637612353644,25.939594346140534,23.276969452544844,26.431648720961494,22.27588191757534,7.13785814374049,17.89466258323362,10.440046197872277,26.972308418859633,24.176471340364234,14.54463807469083,24.417232233526473,22.502807500219678,16.404851484513895,Rohini,3.169976075325715
28.52417243459164,77.19037994742393,328 LADO SARAI,3.5544150549692266,5.434881164714473,14.779415706197959,17.30114203533341,28.24754077692916,14.225326879205046,9.51978992734642,15.189384765533871,13.929180239234684,8.124559021347622,20.065091990290806,15.996555602363106,1.5850764741332912,2.9615187188507144,6.579041845705803,5.15399636069826,19.99655023758533,12.207884662717872,14.750160279520113,7.231400202341476,16.581873954137244,14.202748034363381,7.0671062189651535,19.213214789651207,17.28287565551923,Saket,1.5850764741332912
28.52422928829974,77.19036083668469,328 Lado Sarai,3.552487932280523,5.433371583201274,14.773501046275282,17.294574036080263,28.241071570470446,14.224759184100746,9.515692908974456,15.183753510070769,13.926233253002442,8.125845304563356,20.05880023974116,15.9919226071603,1.5868101118094757,2.956131508059139,6.5780367528216015,5.14882333235663,19.98995845040556,12.202097635934868,14.743676870115157,7.230713501426758,16.57805102473185,14.196433027457596,7.0641382114422075,19.20867825223106,17.277040830398025,Saket,1.5868101118094757
28.59595539624726,77.04625379294157,"Sector-12, Plot-14,Dwarka",13.185709852137418,19.522744623142614,4.977085174218088,11.25050381076513,17.09151830461276,27.458010502002683,6.861939947566247,19.171884008347202,24.301882346810427,23.3179191748235,18.77962000481825,0.42941599413705,17.56042815199753,15.89036002037707,20.681655638640976,16.305471215895757,13.9851316464278,17.1010225989037,9.032990277728524,21.40236660971149,24.821720309554436,15.427935330279285,19.47596630051287,25.21875662143276,19.614317426248622,Dwarka,0.42941599413705
28.50927246597707,77.32835344970226,37 Peer baba colony jaitpur,17.119034421106928,9.7796387970341,26.621918013241704,26.581542246599533,37.64217855978044,6.845410988674138,22.9099363521114,18.936299263185198,11.630012210980759,5.8963340357448635,25.39252923676061,29.075540933528316,12.015743091512599,13.300230664104095,8.750630906183648,13.234555065447774,28.294555588643444,17.424221576432362,25.002073033842386,8.104614610956736,15.055235467599719,20.776518883959287,10.562355658929897,18.682873142973023,21.16615591586891,Okhla,5.8963340357448635
28.5082893127752,77.33421072363853,9015029628,17.69948074012045,10.341970674326978,27.17876330109518,27.08165419559022,38.124181486011224,6.996992023796585,23.49210739482711,19.32477737702754,11.907815227714071,6.465081113667282,25.785917093226008,29.653033013229027,12.597806675112338,13.876300967723543,9.30074558664063,13.788851776427743,28.76418699821761,17.87145284308119,25.528904932968473,8.64677906623803,15.294360134359852,21.232636055232895,11.083942771087813,18.915102409578115,21.539625278344744,Okhla,6.465081113667282
28.7311961370238,77.03803215175869,H.no1419 vpo karala near mcd dispencry,25.619426571434598,28.224961711010476,13.087100498873301,11.005574279923328,2.7091112538694717,33.282070070736296,20.376685356969748,20.524319773411683,28.458102573465712,31.98948912164744,15.45615493061008,15.48631058527491,28.26529177750731,25.66688888775927,29.013942204410608,24.781696207740033,9.956553486357459,20.65609423440208,12.82648090097083,29.573859411644616,26.995913004392314,17.322947885267027,27.03592184712766,25.29853074794009,19.219074732350393,Rohini,2.7091112538694717
28.73119701901918,77.0380324870348,H.no1419vpo karala near mcd dispencry,25.6195000764592,28.22500957906705,13.087179431786648,11.005610318042619,2.709016245661751,33.2820949046329,20.376769294630947,20.524329667636493,28.458120294560576,31.989533889971234,15.456141542134405,15.486406892708136,28.26535243710356,25.666945925796654,29.01398700125398,24.78174617302229,9.956561186350458,20.656119209202473,12.826535380251297,29.57390269357919,26.995918748762076,17.322969600371593,27.035963517674254,25.29852379405869,19.219074613080096,Rohini,2.709016245661751
28.50831818584971,77.33420737087727,G8 jaitpur part 2 khada calony ,17.69882578019884,10.340289784594002,27.176978317825505,27.07928650021412,38.12168848463605,6.993765092553671,23.491057473099797,19.321872389831324,11.90467167707729,6.463535939734329,25.78302405659296,29.651709611336347,12.597021787587243,13.87493266847792,9.29888177019726,13.787037168029443,28.761623653016848,17.868780461199343,25.52676031380759,8.644818713559987,15.291169107555096,21.230004503666315,11.081765541841293,18.91190398885401,21.536672984623376,Okhla,6.463535939734329
28.50946573685033,77.32848554849625,37 peer baba jaitpur,17.129751577929163,9.781660393300008,26.623185023883842,26.576762984250244,37.63601280191687,6.824379302981948,22.91759948692858,18.924287657224873,11.613057410218447,5.899452127710412,25.380831214762104,29.08095786453162,12.025503885279118,13.305189993134439,8.750804025928606,13.23538252583349,28.28746072645069,17.41554058268689,24.999728071404707,8.103753973635383,15.037030562761231,20.768452478538084,10.559334291136366,18.66450130461469,21.153419877894766,Okhla,5.899452127710412
28.71429926808379,77.07195974886417,"FLAT-4,BLOCK-1,SECTOR-20,M C D FLATS ,ROHINI",22.57288501366435,24.599290961413335,10.389909915111236,7.276171905017889,4.183997012301544,29.48235585085451,17.79155641798471,16.742391405069405,24.65453509196729,28.32226543378925,11.91193772563801,13.822034644879398,24.862105734256605,22.194864342999804,25.348936782691837,21.189998962961223,6.196048817529026,16.8571219139765,9.362983903095651,25.891364089267196,23.23392774036362,13.518993447445125,23.33801858871961,21.646049320398536,15.504743368195443,Rohini,4.183997012301544
28.71429750380792,77.07198992371559,"FLAT-4,block-1,sector-20,MCD flats,Rohini",22.57165689935702,24.597195772372373,10.389278421847882,7.273908350373609,4.18524087457998,29.479773747461252,17.790909847148555,16.73960032069833,24.6518474158484,28.320081669162843,11.90898933621877,13.82238170761823,24.860382469723753,22.19304303397161,25.34676157284561,21.187975632401237,6.193196073362004,16.85454894904542,9.36127911783734,25.88915085211993,23.231100322067523,13.516366619229467,23.3357743963649,21.643130058479464,15.501856866406706,Rohini,4.18524087457998
28.50837740509,77.33504623174667,"a,4 main road jaitpur Balaji Chowk Kalindi Kunj Road",17.779693680376354,10.41147910997062,27.24648664587741,27.136515492226252,38.175314596893735,6.997099363241525,23.569387779251702,19.359415707454858,11.925261922287103,6.536676887942097,25.821147065019872,29.72743580509634,12.677211132048372,13.950182871771707,9.3671386755922,13.856093588507193,28.813049881826284,17.916463970773858,25.589427318230225,8.711342102238639,15.305411115955767,21.279142159753714,11.143780809179813,18.924790009567044,21.571626374850382,Okhla,6.536676887942097
28.74561076928143,77.09906917065382,a 19 shahbad dairy main bawana road,25.164074361954235,25.817290098919024,13.799864807940006,8.9009404886981,4.171397994889101,29.463900535745235,21.061712452743528,16.2070349612194,24.350665305988947,29.31417495054186,10.284100317305029,17.837583444883904,26.732447851552873,23.94174664999226,26.394784954430374,22.59913662006003,6.335410348433496,17.10725298343971,11.683393122608207,26.849732815305813,22.360648777164048,13.740566591600365,24.26655413481492,20.175251504599405,14.481510666117615,Rohini,4.171397994889101
28.66903374631631,77.18318425118923,18/63east moti bagh sarai rohilla,16.322035014183207,14.467257344882333,10.6821624503608,5.588829238369561,15.248041286742094,17.709864748246048,14.944940265434813,4.813441440383354,12.732353250682165,17.70573689395624,4.083213924760259,15.888605932983001,16.23319749224478,13.404763358549546,14.871953610307012,11.62198691959429,5.842222641533319,5.302328408686962,6.650592501005945,15.252314716534372,11.350730897014639,2.048533794670438,12.695152587204394,10.336507835714064,4.165375816314366,Karol Bagh,2.048533794670438
28.73530380278721,77.0137333497405,H no 292 Harman Mohla chandpur dana delhi 110081,27.145212893633722,30.230869436077775,14.533348153814142,13.186070912835932,4.454406383821945,35.53922087136828,21.621570138853542,22.881676831647667,30.769136813024335,34.03458391184161,17.868990106936234,16.231762650501526,30.062907755102877,27.53333129347195,31.06111430349239,26.76164647303084,12.32835963095504,22.91814658901407,14.772447821423,31.640291701150236,29.370197082587538,19.612156295632907,29.124815916084916,27.706874629809246,21.61380354730437,Rohini,4.454406383821945
28.73518032821413,77.01378867030144,H no 292 Harman Mohla chandpur dana delhi 110081,27.130638245598256,30.21752015546611,14.518754665581124,13.173937469760435,4.454215836359645,35.52754259589894,21.606823860900622,22.871431690639596,30.758107669374095,34.02140517669255,17.861086124816588,16.217247331006416,30.048829119999137,27.519464726515675,31.04795845134562,26.748202268154422,12.318522610043152,22.90658156742141,14.759001278453036,31.62723315291089,29.360293811929832,19.600920611905597,29.111893102831985,27.698270221306032,21.604528272079474,Rohini,4.454215836359645
28.7049840648761,77.0571968704462,"Plot No. - 29A, Pratap Vihar, Part - 3, Main Kirari Expressway Road",22.18220732384401,24.839108590417595,9.709064397776398,7.799637613571444,4.939294079252871,30.179389944220944,17.06331775153744,17.736488285346383,25.48591112478455,28.63000280947019,13.303429162250438,12.5995994523733,24.808209179864452,22.222321630296356,25.655454131602248,21.380265204157887,7.3744798009958705,17.57650307094102,9.400316151564569,26.230065814440163,24.26870878384895,14.316759575576537,23.71064592910885,22.877054255611576,16.669499963958902,Rohini,4.939294079252871
28.68603498611509,77.25489009171723,3 Rd Pusta Usmanpur Parsadi Mohalla ,20.484970501493972,15.385689075320085,17.795608594515365,12.723758330723422,20.58962879660902,14.57243609357561,20.904405690234775,4.094041601479234,9.344917266850947,17.3536383418535,6.324533913020225,22.905888160844178,18.570201710146048,16.106924060092854,15.197158098592919,13.921289302422789,12.024994611875325,7.117416887381912,13.830828026365019,15.242373992084334,6.323849920824815,7.30635423374802,13.208472547090606,3.5991192448445157,3.098822789936692,Civil Lines,3.098822789936692
28.51927052810728,77.23982378840446,g405 dakshnipuri,8.40509963055545,3.240909370997971,18.725092040550575,20.031943047879643,31.22363294460058,10.182623061982472,14.262612472512755,15.254231728414787,11.384499182663713,3.5037207426780417,21.095899868218293,20.589900490846997,3.2976289150879956,5.126672086751787,3.532843214724298,6.073744433534117,22.342458739284297,12.681989893928238,17.885648533556452,3.790052820860013,14.627424238810045,15.502083960963775,5.394612040649423,17.8303208102262,17.55399912973414,Greater Kailash,3.240909370997971
28.51917154495585,77.23975338041782,G405 DAKSHINPURI ,8.399010465567638,3.2516845710787097,18.726358581528743,20.03728649105648,31.228722884115943,10.194506241963436,14.25920640394403,15.264800500307924,11.397447908642818,3.5141595616406827,21.105183931307902,20.587919212848416,3.2928222268866243,5.12867591577288,3.545464853735065,6.080114722768729,22.34894548006333,12.691599474900174,17.889669897852695,3.803017464198198,14.64019360033371,15.510440238474873,5.406010643507013,17.842772629454284,17.564403139276955,Greater Kailash,3.2516845710787097
28.59095497157766,77.06554356962441,"Plot 24, Sec 6, Dwarka",11.368391550715273,17.55925516767412,4.069475499902531,10.497874492898204,17.640362082444803,25.530821004629694,5.124097263178896,17.641874429379847,22.467709424399686,21.355070005514346,17.771890741745594,1.9123818794099396,15.633157096325911,13.928858622399774,18.719284829418534,14.350876696295824,13.427901087248138,15.428796606540926,7.9578453095488175,19.440534179430976,23.11107566352115,13.987037604212798,17.52952474056284,23.67013574153882,18.244937740366396,Dwarka,1.9123818794099396
28.68248571472982,77.032977193594,House no 524 near pillar no 513,21.17060612313825,25.011034660329507,8.602462822981485,9.186626780288135,7.786114539104923,31.17970218575428,15.49146242544475,19.471971251169037,26.795116941430518,28.886409506229874,15.858980855969735,10.13047198643346,24.411076108968413,22.025363529804252,25.94520046137313,21.514325892505266,9.805004767136877,18.801729561179062,9.766413728027544,26.574666331283524,25.987700406484738,15.778588327246144,24.15616287911212,24.99529962171692,18.743878329086975,Rohini,7.786114539104923
28.70400744666976,77.25624494254589,khajuri a block bhahanpura,22.316479561193525,17.387291155207656,18.80061922823112,13.294000284027463,20.120375297660175,16.30147458175827,22.42024375010254,5.887719281003815,11.148069073140201,19.33076591381287,6.110128477828372,23.994948722691138,20.540164404923782,18.043806287565552,17.198337179269338,15.86767693055818,12.126594256065053,8.938050919363759,14.766428115554922,17.23784564934123,7.921675205369861,8.614424839617723,15.21089066734001,4.643883958274279,4.3100292698838,Civil Lines,4.3100292698838
28.72809352522435,77.0491774007678,Rama Vihar Balaji Mandir shop no 2 Dilshad motors,24.84305671584308,27.227484509026635,12.39477262741209,9.95131466386167,2.474405947178924,32.18063893551474,19.746682028341155,19.391466861049818,27.338547234819355,30.973155530027828,14.32416947398498,15.12496773713966,27.360263380370327,24.733467148968128,27.998213536311628,23.798288750532564,8.821460734519869,19.55593642115085,11.8821362475068,28.54964310221219,25.85864611644259,16.213781270015527,26.003527716201692,24.16002052295479,18.078999419002912,Rohini,2.474405947178924
28.68242335801243,77.0330472663045,house no 524 near pillar no 513 ,21.161036939576448,25.001414343179924,8.592781822555164,9.178762078379334,7.790732198621245,31.170675132388872,15.482290026656152,19.464177969237124,26.78650964770456,28.876813252197813,15.853310295739222,10.122736852287007,24.40133992876119,22.015642389245457,25.93563265249622,21.504705923883215,9.79937363589247,18.79312538492888,9.757172546658266,26.56512545951471,25.97976154390107,15.770423240959609,24.146697834317514,24.988206246170943,18.736811344613145,Rohini,7.790732198621245
28.72809470125311,77.04918075352907,Rama Vihar Balaji Mandir shop no 2 Dilshad motors,24.843041094432134,27.22735813537137,12.394797773580358,9.951154931069118,2.4741864375712113,32.18043525638732,19.74672642249694,19.391222731955246,27.33832353307537,30.973017070214958,14.323871771761047,15.125105186938933,27.36018776581775,24.73337730929654,27.99807574446145,23.798171250683104,8.821212505766097,19.555734844003524,11.882045176724091,28.54949978031707,25.858391148680717,16.213570698465894,26.003379238996697,24.15973654030419,18.078730576699023,Rohini,2.4741864375712113
28.72685662966999,77.0516574382782,Rama Vihar Balaji Mandir shop no 2 Dilshad motors,24.61860903283102,26.962343960613502,12.19166142885942,9.678949116306736,2.550785421064205,31.902883460463233,19.55379361249335,19.114484396678883,27.060379301497512,30.705050876933512,14.061667584488324,14.994417835366452,27.1108570702769,24.47915746917841,27.7302729431586,23.535540955406216,8.54497209838201,19.278306905935512,11.627696831131146,28.28045207620875,25.583064611661197,15.935726648710697,25.733244224743732,23.891648242516414,17.806185088772175,Rohini,2.550785421064205
28.74475887580189,77.11429305374622,"Kh.No 65, Balimiki Mandir ke samne ",24.796351177842215,24.982206543203112,13.903587331083536,8.488699832347395,5.657847000976595,28.29974567586293,21.01312781923587,14.999641123904816,23.14343967470334,28.3992609388988,8.929978492871959,18.23571733696325,26.095946057174988,23.28084567565051,25.507475956311808,21.84081808255855,5.6325360734545775,16.074526733306385,11.396138067570408,25.935918185882866,21.052464718573624,12.74535761874958,23.357697220300878,18.781343258623618,13.191165123321326,Pitampura,5.6325360734545775
28.74472565828255,77.11429271847011,"Kh.No 65, Balimiki Mandir Ke samne",24.79270816032722,24.978995271412003,13.899952094035319,8.485043602953297,5.658153446952096,28.29724742863509,21.00944018891968,14.997242540154634,23.14106826829601,28.396185937989436,8.928161442554167,18.23226757817293,26.092491328713,23.277411514107115,25.504348697595475,21.837493808126936,5.629034782257121,16.071654392891748,11.392454899742706,25.932837304773628,21.050480235557263,12.742385350822364,23.35460265608936,18.779821758992906,13.189071488807837,Pitampura,5.629034782257121
28.70396804062491,77.25635625422002,khajuri khas a block Bhahanpura,22.317423703226765,17.384004378373394,18.80799023609647,13.303110198322278,20.131984965107353,16.29295920193188,22.42442550100802,5.8884427992181285,11.14029098607674,19.325472875627412,6.121033983998474,24.00196884652328,20.538473348993215,18.04293505791839,17.194265548300685,15.866570545810697,12.137131575949159,8.938794179531309,14.774027940764855,17.23331056621113,7.912624588468448,8.619520692993344,15.207444866587268,4.633236713324209,4.314622611156012,Civil Lines,4.314622611156012
28.65171110601649,77.09259934723377,plot no 8 khyala,15.363208676168504,18.31422858074441,3.347771136637649,3.7809809349738033,11.418881655466457,24.49584812317907,10.644896322526735,13.44569542612469,20.272955799604215,22.17392278448752,11.47470825481257,8.038935387402011,17.999521968212218,15.477979944828963,19.22161082457854,14.820588448837878,6.311884399092711,12.317560046672009,3.055551190373825,19.84212681152479,19.803140998142318,9.59211047722864,17.410022958518702,19.31795978665643,13.211138831728693,Rajouri Garden,3.055551190373825
28.50398978808265,77.31600254774094,shop no 1and2 gali no 7 Hari nager part 2,15.992205365552934,9.023323866665194,25.857156954591265,26.107458792660584,37.23123440907156,7.492873470157828,21.885783370058817,18.880870174407395,11.926202326977934,5.135779438492215,25.305757358947172,28.13368405848015,10.929958168943491,12.397966203819957,8.090303420873543,12.515171056539524,27.94082047566624,17.17769140727088,24.407862499677908,7.501975269057806,15.424790562483892,20.48729802220618,10.0451000138996,19.05419510343787,21.15021483244992,Okhla,5.135779438492215
28.67764589950076,77.25693795830011,A3 kaithwaea gali NO 1 Near  zero pusta ,19.77320706793877,14.481337841994929,17.63027767203556,12.81920157765081,21.112690924030783,13.659783268383698,20.42137834089307,3.527198225926528,8.416029063607885,16.40551311712629,6.866759815184135,22.677856622079066,17.723961846909006,15.301590841154084,14.270909209487272,13.107752511971091,12.348895772471407,6.461019973499795,13.724494016034628,14.305926092235604,5.485600379206651,7.050501934362726,12.299811202629392,3.1584963371617407,3.1178937574327557,Civil Lines,3.1178937574327557
28.67755736062531,77.25690007209778,A3 Kaithwaea gali NO 1 near zero pusta  ,19.762850746252496,14.471113094288912,17.62336359613257,12.814794752279287,21.113001011544576,13.65304903166829,20.41209935388956,3.5178225901326057,8.408800948108318,16.396072877500412,6.867742341660077,22.67037967731784,17.71347783823671,15.291075638149797,14.260929233314503,13.097236550882357,12.346943998066354,6.450956474750921,13.718154947905923,14.296129313243476,5.480911939724269,7.043132870518971,12.289619927014298,3.1608069003305146,3.11384952008947,Civil Lines,3.11384952008947
28.70529578090303,77.19689302146435,"42,Malikpur village, Kingsway camp,Delhi-110009",20.534947292359423,17.916850886009094,14.116894078411853,8.009734301080798,14.541470002163527,19.555410899552278,19.08614330206173,6.357944385091951,14.293527040327078,20.783555368170376,0.330354305006768,19.371019532811186,20.12589092153835,17.337645600815137,18.129930909529083,15.408736583137836,6.3833829377429625,8.430190352005598,10.099410017575142,18.399692686219833,11.929107003783018,5.966055163548358,15.950675860357928,9.646974751764887,4.206886519606229,Model Town,0.330354305006768
28.70528754690672,77.19683066010475,"42,Malikpur village, Kingsway camp,Delhi-110009",20.53281063456958,17.91734664323531,14.111705714284263,8.004015427102946,14.53605505891262,19.55863297835563,19.082333179702037,6.36027908437243,14.296909287535591,20.7848830643699,0.3242274001128284,19.365799694663522,20.125263882785443,17.336841130178072,18.130839314092928,15.408330627362544,6.377232368690092,8.430696073186045,10.094382303564094,18.400827720450412,11.933454966921365,5.964550812556484,15.951519464651774,9.652307363132785,4.210159590824167,Model Town,0.3242274001128284
28.73533996317026,77.05490726977585,1025 Jain nagar ,25.360845608227347,27.45524429759821,13.015691388025866,10.109107945655756,1.5710974457767437,32.16342711055956,20.39970179253712,19.23811644487783,27.25383889423128,31.163537477954293,13.949951847070457,15.951249185085596,27.727749043655276,25.06474028598535,28.192146620920386,24.053817603686806,8.68162344971244,19.55552384798679,12.228238246103375,28.726822547282005,25.65701101087086,16.187547531315424,26.166811908210487,23.83768310322179,17.828447457171624,Rohini,1.5710974457767437
28.70661909331914,77.13436670601368, A.D Block power Apartment ,20.341200670089925,20.327685483001822,10.458734521111678,4.252895068704386,8.959760858813002,24.038237545292247,17.05883522625817,10.90923905681183,19.003251522683982,23.78766094723514,5.781323414030714,15.378829174194157,21.44310260942224,18.622020037895854,20.87754036331953,17.17022882249541,1.1339379700606473,11.58854246411512,7.229453743572558,21.323080566477895,17.28081949662803,8.211968674633418,18.740819100303323,15.521253356171158,9.449732844924492,Pitampura,1.1339379700606473
28.76489086411858,77.18346454203129,Nathu Pura Main Rd,26.88444534582559,24.6686373765986,18.435721940186937,12.040184675962369,12.495906001666478,25.674218291798567,24.592863355156204,12.920188223724306,20.393712787040464,27.463149526319796,6.77648269315734,23.43057453657618,26.825419297695156,24.016406536245306,24.85887977370272,22.134152710524067,9.091121328436815,15.18248987908991,14.86710678388851,25.106189371967165,17.521703847514935,12.584920163792237,22.685461885809612,14.447562470389348,10.620186103838018,Model Town,6.77648269315734
28.76492995329396,77.18352120369673,Nathu Pura Main Rd,26.889358716620478,24.671671576692155,18.442267242659558,12.046605937045083,12.501974057134921,25.67487725615278,24.598795155649906,12.922301970128295,20.394452415059426,27.465506474091736,6.779979797971646,23.43730106028238,26.829285639342665,24.020370131129216,24.86159781808739,22.137823532007744,9.097789346217624,15.185557372170985,14.873310130168687,25.108727126245224,17.521670458879846,12.588942360789767,22.68824577379128,14.446677446236885,10.622098713912123,Model Town,6.779979797971646
28.7648923336367,77.18345582485199,Nathu Pura Main Rd,26.884516843296183,24.668982668827176,18.435432488558188,12.039932899628251,12.495086796574373,25.674816265037254,24.59273588558314,12.920641628646033,20.394303531459723,27.46357561942637,6.776768345686386,23.430221773556042,26.825653726882425,24.01662706658054,24.859263752233268,22.134414484802605,9.090790489736142,15.182831066175284,14.866914113742267,25.10659464808389,17.52236054543913,12.585132309542395,22.68583796087475,14.448282637107042,10.620661363829846,Model Town,6.776768345686386
28.72464123582727,77.14677695184945,Haderpur gao ,22.26585400652873,21.552902366319316,12.791411810312544,6.502938740960788,9.222473547708166,24.46417817565435,19.278084269976134,11.148639199246256,19.285234954262933,24.836152042572273,5.080985907246651,17.717109973559335,23.007933639443685,20.168855870348093,21.99445062845749,18.56198303053744,3.426829402193313,12.401384487500364,9.445580842264189,22.382138696385987,17.178460759714945,9.162283531243844,19.82151764669455,14.983661786456874,9.313631547203643,Pitampura,3.426829402193313
28.75405407482325,77.18651622533798,ajit vihar pump house road burari Delhi ,25.721741930722565,23.42776963710643,17.56879618105658,11.143674391592432,12.685315813867982,24.50371981008474,23.56442025763134,11.688803651841413,19.2192879648738,26.226436789144977,5.542251775667497,22.632547564795093,25.600387973044885,22.795064953183783,23.618211658925297,20.9031882777534,8.298563409088006,13.94180150656305,13.904675939345152,23.867022380018316,16.40149865417803,11.367058651351185,21.44449363502583,13.405989489347874,9.394661884516434,Model Town,5.542251775667497
28.73104678569928,77.22335033118725,sop.no.04 Gali 17wazirabad vill.,23.943602603721835,20.364564846239155,17.948931251447103,11.738262407809449,16.394865142022645,20.441003012239403,22.866829805848,8.35014342072861,15.192786915100488,22.791761679041237,4.1309622672691155,23.197812857503575,23.025068025019106,20.32524689610373,20.381539131965543,18.2654483757926,9.6792228547551,11.088092603721455,13.945979425439166,20.536173316436514,12.17649069212832,9.352628165924399,18.26528918655717,9.036570790937608,6.056343869496329,Model Town,4.1309622672691155
28.73105766365726,77.22336307168007,shop no.04 Gali no.17 wazirabad vill,23.945114280739993,20.36567972255209,17.95066433306715,11.739977991536975,16.39594628836185,20.441448021116972,22.868512384125204,8.351248222094428,15.193292473359884,22.792677932855426,4.132695787168331,23.19954504916748,23.026362860577464,20.326587725462286,20.382571461119174,18.266743571983277,9.68084215378969,11.089372883031716,13.947713179554555,20.537156168670126,12.176764367766811,9.35418692409344,18.266360873478856,9.03654380007125,6.057520139455529,Model Town,4.132695787168331
28.76486852744035,77.18347560614347,AMRIT VIHAR BUS STAND NATHUPURA ROAD,26.88209140717785,24.665977920716465,18.434126720024306,12.038490941095233,12.496633458421751,25.671546578765035,24.590877593667035,12.917483597493872,20.39103618753481,27.460451486314163,6.773868253503369,23.429156527781508,26.822853549013562,24.013855554628943,24.856198451744646,22.1315598172788,9.08964047218505,15.179833099260064,14.86526799067461,25.103498635872405,17.519088547171176,12.582378428949166,22.682784541363468,14.445051544241446,10.617478791143842,Model Town,6.773868253503369
28.64449212665228,77.14619491249323,"A-22 Naraina industrial area,phase -2",13.364262952880928,13.990463157615983,6.228235108898477,3.377665686597968,14.58132337776535,19.371070308121908,10.803929132069133,8.309624976226683,15.00469807940021,17.708613646485226,8.127727237963004,11.383698903767163,14.587999343031484,11.811056624230472,14.734351474610873,10.614275666542671,5.952829714920374,7.030750379186316,2.3617569033102512,15.284228625390728,14.544806295685222,4.439518118563263,12.743815628100727,14.30731718224911,8.477536150028104,Rajouri Garden,2.3617569033102512
28.64399544495728,77.14614495635033,"A- 22, naraina industrial area phase 2",13.309405018220088,13.951501264256798,6.201700176429719,3.4197445387274583,14.622642608491711,19.352234760475255,10.75172723216811,8.323285033898847,14.995260047462677,17.672673118801864,8.175968699800709,11.351354716438685,14.539488599838489,11.763828176478745,14.698191541514397,10.572489639657672,6.005493937682175,7.024405181474316,2.352360936945593,15.24944817018332,14.548556391215431,4.454885308885062,12.710524119132312,14.324730150579528,8.505368183188752,Rajouri Garden,2.352360936945593
28.64399044281924,77.14599609375,A 22 naraina industrial area phase 2,13.309695297683096,13.960495521638434,6.188142419341529,3.4118299238091563,14.614411318453554,19.365186666684135,10.745140687774457,8.337707843147196,15.009167922716694,17.68248328891777,8.184658993293766,11.338561315566398,14.544887830583729,11.76984621156926,14.707948909469044,10.580615751974802,6.002762523471735,7.038536940505126,2.337831001232813,15.259548884195048,14.563070639192697,4.469236622980416,12.720978530616689,14.338992501676001,8.518746419552528,Rajouri Garden,2.337831001232813
28.73953007306698,77.19757664948702,"kh.no.137/2, main road,opp . Sant hospital A2 block Sant nagar burari ",24.28554996645998,21.62826381051204,16.904569371243994,10.497659729133863,13.797664404492762,22.561836520415945,22.499510188396776,9.800182306846322,17.27745704446453,24.35491622547777,3.9033564819178466,22.078325672087534,23.92646572569746,21.14293352437435,21.781833081926198,19.2005358956962,7.964452749198104,12.156377709977146,13.061765726743504,22.012287568593823,14.474021241544834,9.765757273763295,19.616196943596297,11.536163176709982,7.491199404798164,Model Town,3.9033564819178466
28.73965295455081,77.19746466726065,kh.no 137/02 main road opp Sant hospital A2 block Sant nagar burari ,24.297091782805545,21.643719107784726,16.908226023017402,10.500591658958704,13.785692547042908,22.579263805989143,22.507268664123753,9.81665947257595,17.294871106860604,24.371248865909735,3.915886918697639,22.081153850324117,23.940524779679834,21.156726406258645,21.797725897095305,19.214864893285167,7.9639171646159665,12.171558874569712,13.066903840023262,22.028404578784198,14.491494151191905,9.778669394919989,19.631981038793718,11.553270888503965,7.507863142646471,Model Town,3.915886918697639
28.7396353160692,77.1974428743124,kh no.137/02 main road opp Sant hospital A2 block Sant nagar burari ,24.294789380163486,21.642187590641385,16.90536267362988,10.497713941424953,13.783729987621586,22.578814836068315,22.50459279445117,9.815499385989321,17.294397947456044,24.370025301634243,3.9137306735598174,22.078274367270676,23.938644144819435,21.154791201971435,21.796335218684764,19.213043066853057,7.961040252653714,12.169948991964601,13.064086803527175,22.027095200863894,14.491416277488039,9.776573314319386,19.63055343165425,11.553669172594208,7.506792363086718,Model Town,3.9137306735598174
28.75242713668591,77.07664355635643,phaladpur near ndpl office,26.444808377595063,27.65424511404759,14.55469779535551,10.436760642352068,1.9923687269254273,31.61980533917401,21.93816230946217,18.413952253403085,26.546498975303557,31.229036580813258,12.583204606245108,18.07649475260658,28.340512934344595,25.588745823456136,28.286375580977605,24.362165440301265,8.239145032314315,19.16872610971923,13.002592668276701,28.76824222583389,24.62863453489417,15.783904501614748,26.18593914002945,22.483634232691816,16.745432203930836,Rohini,1.9923687269254273
28.66985448617412,77.0772996917367,RZC-54 gali no 2 Nihal vihar nangloi,17.813084313623374,20.751631368077046,5.429854626925991,4.742316293619292,9.074680877590644,26.657125432305087,12.83059736285147,15.005044971568932,22.24894180630186,24.59368013100507,11.984477886306843,9.169704108613521,20.508210225976605,17.974947579918474,21.63118548294167,17.26474626192974,6.125848381760322,14.255601126529156,5.325492893727822,22.237590486922134,21.49422105410005,11.262418405790788,19.77223754332752,20.658009998450474,14.429023383841317,Punjabi Bagh,4.742316293619292
28.74922668286882,77.18800283968449,men pump House road West Kamal vihar Delhi 110084,25.20784584541252,22.872329328184982,17.204448529394597,10.773349023544071,12.819990055468143,23.977612795859486,23.11763012761493,11.136359550492125,18.69197921869044,25.671637918357508,4.9921839804264785,22.29783439476227,25.054291610012402,22.251048047282318,23.062226536401923,20.353925692120413,7.990847585201807,13.386547398019037,13.496531110092045,23.31140249860753,15.90009746871276,10.825921721048127,20.888495112044378,12.94388076406044,8.845066673742153,Model Town,4.9921839804264785
28.64303414734211,77.07123253494501,F 234 Vikashuri ,15.460762470550872,19.44361676981964,2.8525478441008065,6.070765182468974,11.914317077432198,26.135436283375775,10.055678213431568,15.590865966287113,22.125619486347787,23.337191339533387,13.761572514900937,6.1759860570970435,18.66621289507388,16.330786152828235,20.43190855490164,15.956858890830429,8.417668294761617,14.254364305940816,4.964383742742798,21.08729176911931,21.857190452676136,11.719063545925211,18.75298870099701,21.52008473760356,15.460617212783003,Janakpuri,2.8525478441008065
28.74923520735257,77.18799713999033,men pump House road West Kamal vihar Delhi 110084,25.208712240532172,22.873375027822153,17.204912490188182,10.773820337380466,12.819432490099619,23.978709097175166,23.118303483237987,11.137445860355177,18.693075925468694,25.672714747933178,4.99318695607657,22.298231292348895,25.05527729347242,22.252024101478032,23.063288681370167,20.354926927266998,7.991163173803904,13.38759055912657,13.497099708242057,23.312472543714833,15.901176877783056,10.826883800198424,20.889554137050073,12.944918436833982,8.84615878546227,Model Town,4.99318695607657
28.69242643016676,77.25480124354362,4th pusta khajuri ,21.106711991634906,16.09193780823358,18.083876524039244,12.839314685503565,20.348585853787007,15.20498466044337,21.394948739258968,4.684001440918779,9.998987617211958,18.061557980325823,6.120855544117058,23.230424257580555,19.256305306009033,16.776145144931945,15.907484813355916,14.594943187146622,11.96744251044771,7.727656753148273,14.08697596884356,15.953066796787787,6.899442582189321,7.692363784035594,13.915886937156971,3.9326060792458066,3.3982379510082277,Civil Lines,3.3982379510082277
28.73790290869105,77.11676672101021,G-7/257 sec 16,24.005955221471712,24.1993377030436,13.20483235022777,7.70221788588373,6.013084223762759,27.60575817231028,20.27058116908941,14.323507122543809,22.46929047822215,27.62989037262186,8.35753350664231,17.621532452392348,25.297248733491106,22.482842714847582,24.73270387585383,21.048871891463648,4.832985798282095,15.330151766918052,10.62106755383316,25.165994577172842,20.441230661864022,11.989089927967893,22.58640987991665,18.251811561956025,12.565379145167661,Pitampura,4.832985798282095
28.73787968430064,77.11660545319319,G-7/257 sec 16,24.00579046159191,24.204832703532748,13.198951497299609,7.701488294589953,5.9982736568234,27.615662269894514,20.2667428565842,14.334035849706122,22.47981024170487,27.636439449406858,8.370493120687936,17.61299689809157,25.300286542762155,22.486133272920835,24.738874288634875,21.053350496032536,4.835454818957614,15.338169084272133,10.619270526333246,25.172511914223755,20.45327489312786,11.996525868385405,22.592840066695093,18.265280365687772,12.57719628910191,Pitampura,4.835454818957614
28.71735818364661,77.09602653980255,khasra 917 rithala villeg near by Guleria house,22.17886511947876,23.38487983939595,10.644766412384424,6.106169695470987,5.2485396238244,27.735010780696467,17.92416764996667,14.758106182843242,22.788588544823213,27.00692544788173,9.620918269251758,14.758705396108395,24.00763787228995,21.259462161942533,24.05084513282073,20.062216104598583,4.215920777526582,15.157198628905153,8.703797193403808,24.552554558454414,21.18198117816201,11.774079696579552,21.975585978182917,19.438269799185854,13.371179880309478,Pitampura,4.215920777526582
28.77180148525215,77.17969067394733,"Pradeep vihar Gate no 2, Burari",27.612709192626475,25.499626410208368,18.925183494698206,12.566941237349377,12.263969598236553,26.519553885747804,25.203112261622632,13.76923886629886,21.24023610650537,28.308982656908768,7.594526686194682,23.86128080789071,27.62375969575997,24.809963266699548,25.697989171905274,22.942016354017728,9.55847816823785,16.012954397916456,15.435815537143053,25.948990384636136,18.353097069420862,13.377177948958067,23.52310167505708,15.251518995051642,11.47092468186951,Model Town,7.594526686194682
28.71280079905215,77.12161045521498,shop number 1 maharaja agrsen market behind near Saraswati apartment LSC number 7 sector no Rohini Delhi 110085,21.17543588269221,21.55858047548593,10.632365627946207,4.877287747777725,7.541010341164749,25.439361437629255,17.540474116738714,12.329813134391994,20.418202329169496,25.06962708611964,7.079830434698077,15.315544286729411,22.521641059989545,19.718197779846367,22.143545717841747,18.34462218375926,2.0765063232935628,12.953286946986337,7.817238076683687,22.605786195549864,18.698629417293137,9.567936134846429,20.022218216605573,16.896235400904953,10.858226646356957,Pitampura,2.0765063232935628
28.71367471256439,77.05987069755793,h 141 ramesh enslave Lucky ram park sec 22,22.954305792811947,25.344877735679443,10.5624194246784,8.12703021668367,3.986043205607711,30.444836302305227,17.943020324358656,17.81113949921304,25.668983736582433,29.104482498013695,13.081018577818082,13.58607748999568,25.448120943715637,22.824863139262852,26.128977363525273,21.90725647089424,7.305271125927107,17.821029374450795,9.974451762562868,26.687806716474505,24.319904381946735,14.51074017470603,24.149634387713125,22.78702588095868,16.625719803303163,Rohini,3.986043205607711
28.73498218061815,77.01274562627077,opposite savitri Hospital kanjhawala,27.163148004523563,30.2764488134154,14.55058260190631,13.246306642926049,4.557135836987735,35.60357794174896,21.626406290365228,22.957004412128597,30.838866467698423,34.082564030300574,17.956807540184574,16.21568875282836,30.095560441015873,27.570337071863456,31.109417131375498,26.805823555374356,12.406336350780204,22.9835387320908,14.816710778774242,31.68988972346124,29.447680513645448,19.68030993252457,29.176160272710238,27.79147668320172,21.694958372281633,Rohini,4.557135836987735
28.62158612249824,77.03972663730383,A-1 d.k road Mohan garden,15.526329980872974,21.0635390840905,4.692428695021643,9.931189326990975,14.306129584943589,28.51388798667422,9.35383684616838,18.992347323189513,24.92430990212229,24.93352156554059,17.623917280832394,3.3354113159888197,19.54706528651356,17.596354701948812,22.162771854498537,17.689996336464507,12.287660079181926,17.30819695667603,8.369019544124905,22.862603462412743,25.031799656391733,15.133637709806333,20.740175013143684,25.005536557007062,19.086144525807583,Dwarka,3.3354113159888197
28.75854852501956,77.19387285411358,khsra no 457/2 shri Rama dhram kanta,26.314292432892955,23.77331731187553,18.382888968211322,11.952754343748307,13.43021680433915,24.53610171200995,24.293061549633165,11.922254529500659,19.262637538573063,26.481225204695633,5.99886127723034,23.46626402541797,26.054629015387317,23.26419139355573,23.921817434668537,21.33508884678638,9.144027018533041,14.301533276625944,14.680503819030351,24.14666681784709,16.34216453297821,11.862318826957546,21.75813112708304,13.231460780137516,9.604543126690627,Model Town,5.99886127723034
28.75853970737456,77.19386849552393,kh no 457/2 shri Rama dhram kanta,26.313259863097024,23.772431867138597,18.381839494605654,11.951702888939481,13.429719463916188,24.53549119680288,24.29199323075909,11.921445326955176,19.262011836555633,26.48041199786594,5.997878939464049,23.46522968034119,26.053669935768635,23.26322236383812,23.920963924406628,21.3341424141827,9.14300907622035,14.30063096707336,14.67943942121684,24.145832355378015,16.34164102560804,11.861328259453197,21.757268765157104,13.231059964120679,9.60374730189348,Model Town,5.997878939464049
28.7585156058078,77.19388861209154,kh.no.457/2 shri Rama dhram kanta ,26.31089979217296,23.769436585036022,18.380729732122187,11.950561668475798,13.431473912812312,24.532180491099172,24.290251691170635,11.918302592098433,19.25870613654314,26.477275481944382,5.995207879160824,23.46432368761039,26.050899465563894,23.260492079889392,23.917898863950455,21.33132502933606,9.142281366925292,14.29767825607091,14.678020048826367,24.142731444852895,16.338320795787332,11.858697148032277,21.754221761074234,13.227774393957556,9.600584791813086,Model Town,5.995207879160824
28.7031322760885,77.2658858075738,C-35 near petrol pump ,22.667631394516135,17.408847197824528,19.58320956172643,14.169868148227108,21.05535987516437,15.841088623346359,23.00137117807426,6.267812439781472,10.773639055062292,19.17577020922332,7.051966831619209,24.755536538823147,20.688884157950888,18.26036769854704,17.153426344932537,16.068924703337395,13.05917046344896,9.299031287867887,15.563746413994334,17.152675377240467,7.4259870824643155,9.271789385938929,15.222684249403365,3.974197861639725,4.9607809184021585,Shahdara,3.974197861639725
28.70312492415409,77.26587675511837,C-35 near petrol pump ,22.66648947442172,17.40790461299026,19.582049364809837,14.168799330816054,21.054704399056014,15.84065655710229,23.00016900379473,6.2666427447801425,10.773080471387956,19.17498619980059,7.05110339338357,24.754363820313824,20.68785218337084,18.25929181366778,17.152538362682645,16.06785594215795,13.058243915494034,9.29787536976055,15.562596743308935,17.15182294164104,7.425572886687716,9.270590544016247,15.221746492413983,3.974025845181432,4.959584970762476,Shahdara,3.974025845181432
28.84367839895629,77.08966568112373,2388 alipur road (near BTW) Narela Delhi -110040,36.041604469119804,35.907448006726,24.66130373024624,19.730966395429196,10.970126575523027,38.104294800604904,31.98202671727926,24.950938627042238,32.82047432552295,39.126667017040965,18.487196379371184,28.296468745547546,37.27904917980055,34.44954141115371,36.32207669961692,32.906949527383716,16.871658058479415,26.646640136975428,22.5924071460797,36.68525432025899,30.11551073802353,23.49785708678566,34.14154684833432,27.107212744187848,22.785614595094426,Rohini,10.970126575523027
28.633924,77.048423,Delhi,15.947590340871066,20.870332521448315,4.069168910980511,8.512047078871092,12.86449262202253,27.992748552550566,10.002494039541467,17.920540060462198,24.190044606211135,24.76298071404442,16.198035592697124,4.656627245596893,19.662321902260185,17.539678502660134,21.924573547081476,17.431965747350592,10.74160290832832,16.425514910506177,7.253226259220136,22.60689968036242,24.098234027039922,14.04689571033749,20.382323472032976,23.887854020091066,17.871186087727533,Janakpuri,4.069168910980511
28.53728037954759,77.21728686243296,"b-1/15, Malviya nagar",6.343805859539378,2.4297659689038125,15.760792197203582,17.159308036472552,28.32889773800844,11.25318116368188,11.647753513663382,13.28415121506675,11.036918681542417,5.509395224555143,18.748197854740475,17.80390522720087,1.7633857321417852,2.152797579290803,3.585311994121811,3.4021867488064346,19.565803319899686,10.476900490090928,14.941909714206066,4.259259637580507,13.862448192586575,13.002882075066267,4.218747063391752,16.706727253052588,15.50992284086012,Saket,1.7633857321417852
28.542604,77.046051,Delhi,10.735844469350187,18.828568975760874,9.714066340193662,16.081241817478215,23.017262472385685,27.521068030138917,5.482008126330054,21.979793716848928,25.397559890693188,22.22805925775844,23.062476408277604,5.503706342747549,15.812521118899754,15.066064257404735,20.06241776012,16.244636267235634,19.07686165689546,19.373501481751607,13.361002535180873,20.792966828252084,26.69571308381414,18.646271789005734,19.44681223286777,27.838312903587063,22.959868909006733,IGI Airport,5.482008126330054
28.70707519112002,77.2760758548975,D _18/241 Main Road Brijpuri,23.540229416245836,18.017042143981364,20.66740042029906,15.24540698087771,21.921525568829143,15.917115438276786,24.015906334731532,7.20714947153473,10.990027076982148,19.60291691970448,8.048475176101437,25.835970616280946,21.40420241183539,19.036328878207534,17.698653865096055,16.837221365347514,14.080828832888786,10.206738750710954,16.649470914703574,17.65784830499818,7.526535983704628,10.328759354690972,15.8284244227456,3.9194281631576593,6.0252661046352385,Shahdara,3.9194281631576593
28.60635231501878,77.02569801360369,E 12 BHARAT VIHAR KAKROLA NEAR DWARKA SECTOR 15 ,15.48665521257939,21.774636422052044,6.303733154892249,12.012873049354523,16.18751892657124,29.586136835639945,9.150802120281707,20.723774926722957,26.262408777359045,25.58854568746852,19.69150173910057,2.537722074970581,19.87342639851178,18.169321554584343,22.92170931404124,18.514291900796792,14.446620131522492,18.852174626884818,10.231827448729245,23.638430728389245,26.59348966184317,16.900471778571085,21.657718136862577,26.764661150487818,20.959537277955253,Dwarka,2.537722074970581
28.60638851993165,77.02569533139467,E 12 SHANI BAZAR ROAD BHARAT VIHAR KAKROLA NEAR DWARKA SECTOR 15,15.489231688551182,21.776074907137478,6.302881073813066,12.010747014978723,16.183611600239956,29.586929550873684,9.153462686649178,20.722947480522446,26.262611016245145,25.59011116291934,19.689483970699865,2.5404421554474275,19.875500576628006,18.170967836444447,22.92306994858972,18.515490481661026,14.444010996615884,18.851833653994213,10.230485930324974,23.639765561106152,26.5931527932125,16.89951289585229,21.65877049835134,26.763782073216543,20.95827707917153,Dwarka,2.5404421554474275
28.63287951714655,77.02966801822186,z 67 commercial enclave mohan garden uttam nagar,17.106372536083228,22.4670862048426,5.803650588180881,10.217572451218476,13.218191096754577,29.741719628337055,10.947613924828351,19.74981530238061,25.99829559686692,26.349600697896882,17.871759478619715,4.806570752205961,21.06473863211856,19.054164712822494,23.546063604793453,19.060009094914896,12.25877870310728,18.254465198759103,9.083850587110422,24.237865742020286,25.931695337970993,15.875790535164107,22.061207654482004,25.70887976028013,19.670011288381517,Dwarka,4.806570752205961
28.76733170521874,77.09169108420612,Hno 1441 Creative Height Apartment Sector 29,27.677794669336297,28.2557881639407,16.175720925118988,11.420930016163384,3.967803589284378,31.62500879283996,23.490767798831275,18.314680531758338,26.452855040699063,31.709005081408918,12.140208145779336,19.988195823901165,29.23743919249423,26.44092712737595,28.805681696713044,25.069092678915954,8.801092380059508,19.410996232682976,14.193952716677021,29.24473855709562,24.2842359995194,16.073605388301477,26.663983594385556,21.8768566438423,16.45513891847271,Rohini,3.967803589284378
28.73885069459948,77.1200081706047,"G-5/20, Sector-16, Rohini",24.064483332017023,24.13775935191096,13.37850952089219,7.77718139067403,6.301743609102752,27.44425112093064,20.40346311803764,14.148697547823053,22.293625015688203,27.544771705832865,8.124221160788572,17.844144582937275,25.28864475775503,22.469135762412172,24.656207960818353,21.009790050547565,4.84616579663675,15.213573998646314,10.715651246320137,25.081773640035696,20.228826234112624,11.88664212917091,22.504371233347833,18.00336898593123,12.35967922427044,Pitampura,4.84616579663675
28.78262173916731,77.0598703622818,pocket N-plot E-189 ,30.135653125470597,31.348478674618434,18.077853924403584,14.170255908642458,3.7086677558262737,35.05450061006485,25.47954377581231,21.767500345589003,29.912742773486535,34.8906568373442,15.660456783356706,21.228211853070682,32.07468102875109,29.32082375097046,31.95862320830938,28.076642700526,11.883709449808,22.722608666588147,16.72101447282979,32.427347042815285,27.80185846445523,19.353412425958734,29.84381567253745,25.41362375086159,19.955745341153897,Rohini,3.7086677558262737
28.64253157379357,77.0555067434907,j j colony Shiv vihar vikash Nagar Delhi,16.270894829222616,20.72306387864672,3.8982622233322983,7.477034354110253,11.883621722855269,27.584187218822557,10.536668211253883,17.124142467366283,23.631415590833978,24.6201313881081,15.137170885602085,5.683996049166959,19.746077363319156,17.507861793386006,21.740366007172263,17.252067029942737,9.598537024640823,15.77905913342065,6.498685484812695,22.407550155891894,23.391509197345357,13.253131650778116,20.115040612331942,23.04478705977237,16.96610150917443,Janakpuri,3.8982622233322983
28.68860237528219,77.2542865946889,1107 main Service road BT 3rd pusta kartar nagar ,20.70776801957138,15.6638539983947,17.85815687576291,12.710964185444405,20.437920181363236,14.8517104611594,21.060280772126433,4.296239242629522,9.629243157819726,17.643690413157277,6.180726527707139,22.98514805495548,18.83180537501774,16.357318830953684,15.481342874902413,14.174457696141454,11.941619021901207,7.332511980962636,13.878432964572653,15.529326162743416,6.585305689284903,7.409374503026021,13.487993731430949,3.77004893319563,3.153276771796085,Civil Lines,3.153276771796085
28.62159436307275,77.05460585653782,"R/5, Opp. piller no.693 Main Najaf Garh Road Uttam nagar West New Delhi 110059",14.51791693118213,19.73188689086825,3.2401603899629055,8.735379842024727,14.212539514908876,27.091711232658987,8.515819543935114,17.5726614236456,23.474166604660322,23.612708813434462,16.40434227808382,3.3855158626008963,18.353859635334942,16.31740884013247,20.81558856236833,16.3327150150767,11.264116555832,15.859101064817821,6.985393738194872,21.509787307771944,23.585575287949315,13.721593079067839,19.35426251794197,23.59527827377275,17.71659842397372,Janakpuri,3.2401603899629055
28.74595793298914,77.19670694321394,BURARI Delhi 110084,24.975236363506976,22.34637668551605,17.411375846484873,10.987495888071251,13.674094315272972,23.205421414635616,23.11417451541893,10.50466344907212,17.92438276115305,25.062074052157428,4.608760744914918,22.558408870491938,24.643919335241105,21.858752773346236,22.496134095908143,19.91925000201972,8.348086470889298,12.875693112650307,13.612440825492731,22.72346599829529,15.073401058508672,10.474089564046755,20.331716082222208,12.065344832952244,8.190984432589387,Model Town,4.608760744914918
28.7500494393173,77.19857845455408,BURARI Delhi  110084,25.454490821566765,22.761632520562607,17.883586009146107,11.456899331764012,13.851106836570152,23.491285162129824,23.60397514287915,10.884540587141272,18.21609127042437,25.443821158335258,5.077008381765894,23.02281047800116,25.09216816004715,22.311693703287723,22.896652982230492,20.362449083953663,8.787438170972445,13.300081240248605,14.094718791958627,23.115133644306628,15.313574270933335,10.939384635266237,20.736457042785865,12.240710581400355,8.56402337079652,Model Town,5.077008381765894
28.65001843456373,77.04865839332342,A-05 vikas nagar main Nala road new Delhi 110059,17.33749634818729,21.723381840290923,4.936399336492123,7.829583503791812,11.077161300637142,28.470376287651266,11.57374067934085,17.737522850108004,24.43049841557124,25.619690465758975,15.387325714418628,6.445461229240952,20.799367738924456,18.54101837083278,22.72794984771651,18.244707713419494,9.656864353590366,16.52784552181693,7.215339940241725,23.389435746101977,24.077325953601356,13.88149379367202,21.072976085115524,23.597446232298545,17.457401804561684,Janakpuri,4.936399336492123
28.69992031380351,77.25575812160969,Bhajanpur a Garhi mendu gali no 5 near 5 pusta,21.889419315286005,16.930355946163065,18.5424582925802,13.122875090926083,20.193853250154444,15.910134967348936,22.056683048925354,5.459122559074492,10.737951128751332,18.882234477049433,6.084702901344148,23.721784479544894,20.087429160648355,17.596650176299296,16.74275058389191,15.41871841497292,12.056996824310657,8.509015994428792,14.519063953530072,16.78419941429785,7.550214165570548,8.279295106960639,14.754039208919735,4.360638098035005,3.9656024237596967,Civil Lines,3.9656024237596967
28.77166042075638,77.17971917241812,Pradeep Vihar Gate no 2,27.597341271644602,25.48371887340547,18.91269027258265,12.553852020493546,12.263522036407993,26.504843592088026,25.189052229727437,13.753600836351369,21.22545337698656,28.293239893685147,7.578597138122071,23.849672112697593,27.607880913834634,24.794105187742996,25.682139725089105,22.926103436644887,9.54610878554953,15.997046471386868,15.422220110517795,25.93318925179201,18.339014160642268,13.361317779533296,23.507238108033903,15.238365589385323,11.455380535029066,Model Town,7.578597138122071
28.61949211268675,77.02558234333992,kakrola housing pillar no 806 new delhi,16.396066417169852,22.26018374800006,6.078841494323409,11.236735740105805,14.756590613762132,29.825845497446746,10.115596510715005,20.391509599516993,26.292592680607466,26.11380209955515,18.928886681131505,3.640078613592152,20.59233439156131,18.738009256884602,23.37695481062296,18.920928735438178,13.480973954769144,18.701486641977347,9.76120339181838,24.08308701735921,26.4279277741088,16.531561678870325,22.00395351495924,26.402578237013042,20.469568960337345,Dwarka,3.640078613592152
28.61950918278797,77.02602256089449,dwaraka piller no. 806,16.36443486145937,22.220680677444626,6.0358303393987525,11.198393548513454,14.746014653871923,29.783924203188143,10.086091034861248,20.34903693881235,26.249736585495782,26.074719410832223,18.89074846055942,3.6183240711432956,20.556417916084733,18.699718857534013,23.337067250272728,18.880616534018483,13.446644513386921,18.658492516599953,9.719247150395713,24.04306497254744,26.38496983829306,16.48921888319744,21.962970894421318,26.36032040543216,20.428143671231567,Dwarka,3.6183240711432956
28.8216899048442,77.17019431293011,houseno44/21/2village Bakhtawerpur our Delhi 110036,33.08375500421049,31.114545789384408,23.62389557901963,17.508131352014864,13.688693171241729,31.768328807291738,30.304774302045747,19.312221710534168,26.525360309712532,33.87047823162813,13.218184837937269,28.25688323637615,33.23632591840965,30.417469189954268,31.293873872817862,28.563100941421535,14.394004894821371,21.62887429877152,20.46940169412835,31.529570694999784,23.45234143041188,18.987403696273034,29.123889578086068,20.123151439710366,16.994965487931637,Model Town,13.218184837937269
28.8216931360231,77.1701892837882,houseno44/21/2village Bakhtawerpur our Delhi 110036,33.08409045747289,31.115002040286026,23.624066625891132,17.50835860393694,13.688507317076978,31.768878863843256,30.305013445110088,19.31271282391369,26.525904159332406,33.8709668615917,13.218623348981192,28.256997524979816,33.236735579583836,30.417873873215438,31.294345490480467,28.563523571955585,14.394225944657645,21.62932840838555,20.4696390817152,31.530050671735026,23.452903140875517,18.987813086919036,29.124357743721973,20.123727344582424,16.995460675061587,Model Town,13.218623348981192
28.62243813561941,77.03936453908682,"B-88,89 Piple road Mohan garden Uttam Nagar ",15.617644273209324,21.132808120561325,4.7280017230319356,9.91117443119147,14.216124884747162,28.567320617811752,9.44975923965374,19.007940784261898,24.964742005765743,25.004230209358315,17.60461958641224,3.4350738262574114,19.628901034751753,17.671108809412107,22.230089239133353,17.755709714754914,12.249622000613478,17.337632978114893,8.377217404729993,22.929173855153874,25.05870912356471,15.14725974256759,20.80146894128282,25.018059216510753,19.08944758096229,Dwarka,3.4350738262574114
28.70321902887549,77.25623019039631,A6/47 bhajanpura pushta road near khajuri red light,22.237472605671964,17.29990964343865,18.756995661612756,13.267335171458647,20.14122663436382,16.22247313470735,22.355114150572362,5.808064414438158,11.066048369182647,19.243545640946362,6.110287258696622,23.948435207166664,20.454644870035228,17.959865714759584,17.110663323033183,15.783242756468063,12.119564499269888,8.858431436761,14.72479294743676,17.150207823130824,7.8455718936295264,8.554650699897477,15.123415115297279,4.581673231074647,4.2474686392388,Civil Lines,4.2474686392388
28.70319550270309,77.25624896585941,A6/47 bhajanpura pushta road near khajuri red light,22.235957943508453,17.297487865808304,18.757341432730644,13.268343844761953,20.14366610271545,16.2193299723389,22.354452421766705,5.806508070517259,11.062966218812623,19.240781686899272,6.112184830520696,23.948657187935293,20.452537663194896,17.95793376535348,17.1081000104441,15.781260077485909,12.121235168703018,8.856874552034618,14.725222925449145,17.147565405345922,7.842396152094977,8.554271403822082,15.120963942960426,4.57852162031502,4.2469605774125485,Civil Lines,4.2469605774125485
28.68238306143476,77.25572660565376,A-15 1st and 2 nd pusta New usmanpur main service road Delhi ,20.17002406009419,14.99065559692684,17.71254919385054,12.751299268533662,20.808561442397725,14.177068592152303,20.68616966858066,3.824946445193522,8.9421866764867,16.941360498102597,6.544055250786882,22.797177602559216,18.199092043330413,15.752455773897504,14.793353486219221,13.563124900982842,12.152538534760236,6.820049963560245,13.771442100398444,14.834553542965955,5.958132075013624,7.17580410067169,12.811587843544961,3.3865271052253862,3.065682379999105,Civil Lines,3.065682379999105
28.85699629565405,77.09193885326385,opp HDFC Bank Arya Samaj Road,37.46421749179747,37.18009938550308,26.144629635584476,21.153742364372466,12.452508790234615,39.163261887115375,33.456260572322655,26.085141505874716,33.87628324722053,40.35096090130347,19.62958078130084,29.793803240353103,38.626557992816885,35.792989004306904,37.568993823246046,34.21903442071892,18.261809609659743,27.868511207175914,24.031459115766253,37.917651205987575,31.094020600540013,24.76215353097084,35.38521396314987,28.006502008670004,23.886878840385755,Rohini,12.452508790234615
28.66295154006448,77.25789550691843,9/22 shyam  block kailash nagar delhi 110031,18.43644964263841,12.874653162667142,17.215448671440587,12.896387770438535,21.867839014012883,12.214320430240626,19.454515165956245,2.7952465511130957,6.935071564518993,14.770351284685775,7.7964626501560845,22.1311172966357,16.18921871792533,13.82960400004698,12.642760956919146,11.628338180458558,12.820110259842092,5.328332913833155,13.444411335971678,12.671140792475313,4.3520303196881125,6.651513413613381,10.689500884563419,3.2615427929622696,3.5501044787457134,Chandni Chowk,2.7952465511130957
28.66296154253138,77.25792400538921,9/22 shyam  block kailash nagar delhi 110031,18.43890906014314,12.876158720210068,17.21842437731739,12.899104822781318,21.869845852408687,12.213739657382833,19.45739733872244,2.7982236461124206,6.9345830267316115,14.771176615972186,7.798038582353055,22.13411159564621,16.191137207917052,13.831754503976818,12.64401371188893,11.630475097795761,12.822444313727422,5.331160993673051,13.447339618267412,12.672233909408284,4.350314513011065,6.654451453429112,10.690979063735414,3.258548079733164,3.5521430671360013,Chandni Chowk,2.7982236461124206
28.72773189575858,77.04794492572546,C-1 Rama Vihar Main Kanjhawala Road Delhi,24.856280796715147,27.27994850251687,12.393666010305626,10.015811592190454,2.5496780759470634,32.25992817114942,19.738376229258083,19.484634736185875,27.424719691800163,31.029823460191043,14.435164933881136,15.082772572067034,27.39483238957737,24.773097436385118,28.05466989412086,23.847674107287936,8.916230117939563,19.634601883983287,11.922517258804787,28.60802821884856,25.95542164115601,16.295580563152452,26.063734133862564,24.266471093213756,18.180469925473968,Rohini,2.5496780759470634
28.63775877056407,77.06788480281828,"wz-39 budhella village opp. DG2 , Flats Vikaspuri New Delhi 110018",15.142984958613656,19.412924443611843,2.6244342801053033,6.647694532883413,12.463507543831973,26.275016914669656,9.595630314599788,15.981156563317597,22.358675664879083,23.309785782882926,14.341148673066709,5.5081513073952815,18.495017878391195,16.22230853683464,20.42564326482832,15.938749034761198,9.065493410539268,14.540292274165349,5.317059469315557,21.091366601364925,22.18768095850867,12.107054323167912,18.795723780713654,21.942426447082905,15.92713240012439,Janakpuri,2.6244342801053033
28.63777171804285,77.06784289330244,wz-39 Budhella village opp. DG-2  Vikaspuri new Delhi,15.146454597161865,19.4171756439947,2.628431493677201,6.650422781709985,12.461709972764199,26.27934703089609,9.598328475413672,15.985026856201726,22.36292622111772,23.314038692767742,14.343899072021596,5.507893363392469,18.498994628638826,16.226435848673333,20.42992211877431,15.943018387791279,9.067285153879855,14.544445813538037,5.320986505247677,21.09565542538821,22.191741894260826,12.110921886656977,18.80004297092975,21.94618396233782,15.930677346841998,Janakpuri,2.628431493677201
28.49398703630626,77.30706810951233,D90/4 Mohan Baba Nagar near by Negi store ,15.336515551206036,9.012480355018205,25.708124946123505,26.307478240869482,37.479985089953345,8.73915255753163,21.379978266766248,19.53302755369515,12.912208006985075,5.263731438137832,25.906911672479108,27.736790531752714,10.386668469336971,12.131960990214255,8.22510713085405,12.497873322362905,28.267559101674834,17.654928787354685,24.474351415408393,7.72388708282466,16.44358956738109,20.904807349784665,10.307008588741223,20.060895082801245,21.82957092094382,Okhla,5.263731438137832
28.75254765149129,76.97157807648182,JAUNTI ,30.98313356552286,34.56479259207651,18.427464351200108,17.68063019487533,8.286149632686858,40.0531798170768,25.173383148925105,27.413304003325944,35.30202872309032,38.39772350841343,22.295657189389797,19.261783342283486,34.19180560825734,31.741341542085703,35.43007087410606,31.07951141711128,16.852724694035913,27.437867094648322,19.112317455299532,36.024877016802975,33.89433733199956,24.141698017869736,33.531130415096875,32.17323958602024,26.116900975179476,Rohini,8.286149632686858
28.55589292111229,77.23806258291008,23 DDA SHOPPING COMPLEX ZAMRUDPUR,8.922632472303377,0.8354976228708978,16.404775817305595,16.683396054725975,27.872167145659287,8.746584583419226,13.48434669134021,11.179351564685495,8.139290316727307,4.423274914779107,17.09541411654808,19.18243230245707,4.650882912215574,3.777488203883967,1.4808386144997567,3.0153068913614907,18.74979627827825,8.661977315591423,14.863090394826628,2.1656212500236984,11.03310828278626,11.626039333388675,1.4020361496677842,14.011450724056344,13.48244322128274,Greater Kailash,0.8354976228708978
28.61942795262628,77.02723290771246,"plot no-8, vipin garden, metro pillar no-801",16.2684912730172,22.107054048272232,5.918222658644689,11.10023987577043,14.73152574395317,29.666097554133454,9.995446975454765,20.235159734152973,26.13132558972114,25.961929307358307,18.793184567182198,3.5482942408734277,20.450459488393005,18.588583988618556,23.222687225834406,18.765438143169632,13.361669566985803,18.541321208050018,9.607740420960376,23.92842617535599,26.268204522382586,16.375964060313816,21.846588544112702,26.247436115818317,20.31874708546238,Dwarka,3.5482942408734277
28.61941529719686,77.02723156660795,"plot no-8, vipin garden, metro pillar no-801",16.267678487210233,22.106674815834214,5.918419301389427,11.10105416817039,14.732931671729874,29.66597156487645,9.994550601098219,20.23557348379211,26.131399145049173,25.961517666450938,18.794007627632,3.5471568640169995,20.449846264425354,18.588114380230802,23.222340022392228,18.7651282213637,13.362674126616783,18.541554804724907,9.608242947742822,23.928090686699548,26.26846792616475,16.376402994383437,21.84634562945219,26.247888559219586,20.319312814832543,Dwarka,3.5471568640169995
28.64756926449407,77.09507804363966,"B-523A, Chokhandi tilak Nagar ",14.844835874173619,17.838299090221213,2.941344827301923,3.8439766200211465,11.931884525646826,24.104450913407923,10.171155153609748,13.229678584834861,19.93543856887887,21.703613263118832,11.514992062554677,7.809699554250254,17.488317811504675,14.976130654608324,18.755608284866447,14.343066808191791,6.545237822743963,12.002890546837978,2.696521088242832,19.38086824987441,19.540726322880964,9.362795329785643,16.960939569531327,19.142929452676558,13.08098272886269,Rajouri Garden,2.696521088242832
28.64758162229537,77.09507670253515,"B-523A, Chokhandi tilak Nagar ",14.846153230813671,17.839250831013373,2.9426467016079076,3.8432231986406875,11.930539199831584,24.105058769402543,10.172533928270692,13.229708719901929,19.935856430975253,21.704539460110702,11.514344102466081,7.810704391249074,17.489474219676822,14.977221487757447,18.756513806403053,14.344024895414572,6.544165557120527,12.003223911207552,2.6969364833846114,19.38175258978796,19.540903473430657,9.362854899046518,16.961769934159296,19.1428491655005,13.080769779216428,Rajouri Garden,2.6969364833846114
28.66016316809757,77.28805460035801,B-19 EAST KRISHNA NAGAR,19.971562708140063,13.32881532719755,20.00044936993274,15.85213841807552,24.667225528854257,10.604618333480124,21.69440393145309,5.652502935736087,5.659650605937098,14.45745291154796,10.45536603445294,24.80787827355121,17.05301710978774,15.013896787201801,12.828315045473829,12.841627618947348,15.734861829716003,7.657883473054742,16.312439790106023,12.686416918389392,2.189250042273286,9.524298281869822,11.178743557775148,1.5080504789872569,6.4175977276314535,Shahdara,1.5080504789872569
28.66016140290928,77.288051918149,B-19 East Krishna Nagar,19.971242905073456,13.3285376826126,20.000152013642623,15.85188967602614,24.667065164016506,10.604525878151865,21.694077905573756,5.652226768241248,5.6594856236129605,14.457231356009796,10.455228280061355,24.807569271531843,17.052721385650607,15.013586067443477,12.82805337140232,12.8413143133083,15.734659657933069,7.657563839737652,16.3121564691036,12.686166738050348,2.1891473646733908,9.524018931201159,11.178460270623088,1.5082624180259452,6.417402832626427,Shahdara,1.5082624180259452
28.71232090804211,77.25142635405064,"20 Foot Road, Shri Ram Colony, Khajuri",22.9479450273125,18.269444669722045,18.866498053191382,13.153612019982845,19.448431031274346,17.3377341550702,22.7984377175045,6.571849521039034,12.177451977511387,20.295783731758913,5.704564530241623,24.09384611801833,21.338159768722306,18.79581114528859,18.115982615934858,16.635433992540435,11.75881385142637,9.604264266737589,14.813866546642155,18.174710016768106,8.958264549389988,8.944279560645569,16.101627486817513,5.645726335704617,4.735052988068124,Civil Lines,4.735052988068124
28.50380092671396,77.31601763516665,shop no 192 sahimanider harinager part 2,15.996686547317555,9.036071629964882,25.869098364372903,26.12328968741871,37.24764609396798,7.513503946995105,21.892802369096547,18.900353149249835,11.947138316764963,5.149198530888894,25.324971095431934,28.14240744471463,10.935809856555846,12.407888508657829,8.104581236824078,12.528203180537355,27.957876790589697,17.19586518045232,24.422274955565985,7.517101624957005,15.445802400734662,20.505044935702582,10.060969400090976,19.075197737886317,21.169895786384775,Okhla,5.149198530888894
28.6500204941493,77.04547226428986,Plot no 45 shiv vihar west vikas nagar uttam nagar,17.524022462377225,21.989758714328417,5.180904972491745,8.12920403330814,11.102718683238589,28.76636800128011,11.712003259421484,18.048180050111032,24.736263289712387,25.886507451023462,15.673340743950035,6.440671088419981,21.031207391559946,18.790130697972007,22.99932540477996,18.513986635583763,9.920486200679981,16.836427582118223,7.52427347799897,23.662851653831137,24.388014301099656,14.19235774769676,21.353654443720778,23.90637389088371,17.763818776133363,Janakpuri,5.180904972491745
28.6500204941493,77.04547226428986,plot no. 45 shiv vihar west vikas nagar uttam nagar,17.524022462377225,21.989758714328417,5.180904972491745,8.12920403330814,11.102718683238589,28.76636800128011,11.712003259421484,18.048180050111032,24.736263289712387,25.886507451023462,15.673340743950035,6.440671088419981,21.031207391559946,18.790130697972007,22.99932540477996,18.513986635583763,9.920486200679981,16.836427582118223,7.52427347799897,23.662851653831137,24.388014301099656,14.19235774769676,21.353654443720778,23.90637389088371,17.763818776133363,Janakpuri,5.180904972491745
28.64180360292022,77.04763446003199,viksh nagher shom bazar chowk shop namber 1,16.673337760406028,21.350488518277853,4.501672063896034,8.21787641520605,11.995382617268616,28.298129276487664,10.80469929066776,17.896549036738445,24.378845232149146,25.247101556172527,15.860097319151713,5.52909075593703,20.274674663614395,18.087211185487753,22.381923361662267,17.890169003734613,10.2564953172425,16.539372966836368,7.26736053835612,23.054803429922202,24.159576886051358,14.025384228120824,20.78498125337232,23.8164553331767,17.733197063291104,Janakpuri,4.501672063896034
28.64190423621979,77.04773001372814,vikash nagher shom bazar chowk shop namber 1,16.676282900094655,21.34777800419528,4.49907367211435,8.205078573412544,11.983552920627998,28.292284270367443,10.810150649624957,17.88625567115783,24.37125540065231,25.244428191089575,15.846795728090699,5.540552451665265,20.274730213497534,18.085890196444566,22.37876842484314,17.887091844142315,10.24234598859689,16.530841452588493,7.257921927587424,23.051465192284283,24.150258606432345,14.015191149540678,20.780849780037528,23.805560195728436,17.72165092905696,Janakpuri,4.49907367211435
28.62798914819791,77.03985035419464,80/118 sanibajar Road Mohan  garden ,16.02089925104287,21.33718684807744,4.7288047491348895,9.560595417826665,13.597608682821814,28.65078540230188,9.91010413677312,18.848486856427986,24.959713227589464,25.218643321598545,17.25077079925046,4.035591046701192,19.938840401032273,17.92136541437832,22.41874795800081,17.93421330171372,11.806494719903702,17.26486851738155,8.187674817338518,23.11177635750124,24.966075509269114,14.978808235059175,20.944939240666095,24.837651178707425,18.857909436925354,Dwarka,4.035591046701192
28.62783935534908,77.03977525234222,80/118 sanibajar Road mohan garden ,16.01405228758868,21.33697114087788,4.733710374553993,9.57500775090392,13.615021804671022,28.65426264498731,9.901047853666137,18.85850495029142,24.965678346530556,25.21815283480217,17.265380278995423,4.020222559881046,19.935233924648717,17.919664462687958,22.41902916494354,17.93474717686744,11.822857621720704,17.272593364420626,8.198162156273044,23.112250384296207,24.97441707595096,14.988995508068202,20.946575765492547,24.848254472452304,18.869721926720196,Dwarka,4.020222559881046
28.62669397742306,77.02708203345537,"pillar no 798,vipin garden extension gali no 12 shop no 1 uttam nagar",16.81450254557001,22.421326592228233,5.950283027553687,10.734076177822885,13.942779064108475,29.83736194494397,10.589074321533758,20.101340558525678,26.191350522345207,26.291959362725738,18.411756790953994,4.267009466409743,20.89080448296892,18.95385343468931,23.518932639157693,19.04422641178997,12.869160416464126,18.51446535687426,9.438370274786934,24.21792240503688,26.21885782465719,16.23093783109448,22.086443372621993,26.087090596062016,20.09413589710321,Dwarka,4.267009466409743
28.61894910543215,77.02536910772324,plote no 651 kakrola housing complex metro pilar no 808,16.373228524390267,22.258347189563544,6.1025991156513175,11.28460690410833,14.819950821787785,29.835498839349352,10.08872285336231,20.4241093076379,26.31100227109311,26.110415498841586,18.977175155090706,3.6013107385813936,20.579372573661946,18.731977119707594,23.376594667997274,18.922336970269242,13.535493475271382,18.726697240207983,9.797278403802835,24.08326263185058,26.45437273513038,16.56516352781109,22.008389032223295,26.436741586248747,20.50819269130815,Dwarka,3.6013107385813936
28.61892526602493,77.02555786818266,plote no 651 kakrola housing complex metro pilar no 808,16.357390668251945,22.24016711946582,6.084345491424497,11.269909524197082,14.81878397334346,29.81689653938933,10.073584115940601,20.406611362415777,26.29248932273317,26.092338830106776,18.962580623166343,3.588834442607735,20.5621706522979,18.71409833761442,23.35832721473001,18.903976485120694,13.523008429126007,18.708524833274044,9.780238370871407,24.06496592564913,26.436287436301566,16.547787311962097,21.989904279984767,26.4194308099389,20.491528286301623,Dwarka,3.588834442607735
28.61990179435039,77.02511429786682,plot no 11 /34 Nidhi vihar vipin garden ,16.460353568605868,22.319060896692626,6.122648185364407,11.254319967869899,14.721426992419334,29.87901787501858,10.180105909112347,20.427176577289995,26.34013090557463,26.173294422798314,18.945736038392766,3.7032377934035,20.654912707923934,18.79850018753143,23.435204497457722,18.97840286682456,13.487379662136764,18.743827394430028,9.793489284029961,24.141100644374195,26.469189192069543,16.566270126243147,22.05996339205273,26.43665355577298,20.498901049395045,Dwarka,3.7032377934035
28.6198632396068,77.02513910830021,plot no 11/34  Nidhi vihar vipin garden ,16.45573996674262,22.31527389858492,6.120386350011687,11.254290662434027,14.725117489604788,29.87585852627695,10.175384120152058,20.425654238446906,26.337530079575714,26.16943342161605,18.945769980032523,3.698325697774688,20.65063496660899,18.794513610913548,23.431491473321547,18.974778585172185,13.488217452353588,18.741710475446343,9.792251709227392,24.13741505106472,26.467171893554653,16.56482962154037,22.056502430076925,26.43527037263774,20.497919833322264,Dwarka,3.698325697774688
28.62333575854406,77.03858703374863,"block,F-EXTN. MOHAN GARDEN NEAR PEEPAL WALA ROAD",15.741640522457276,21.241624722620074,4.806144525952869,9.924320745793707,14.126191024086015,28.66174257501359,9.575098464147313,19.062865702972243,25.04629400339818,25.114220259687002,17.61805300388036,3.5478438417057414,19.747428920446858,17.784425761315546,22.337234700324256,17.86152018301101,12.239134825070996,17.407826819292442,8.424551586312875,23.035668287475737,25.125993570370653,15.20012006907031,20.90330787416022,25.069353393363144,19.130247298162512,Dwarka,3.5478438417057414
28.72957913298422,77.03503713011742,पानी टंकी पानी की टंकी कराला दिल्ली  81,25.589590280262687,28.30036615608322,13.032925333192534,11.124993839667102,3.039143135945767,33.43407351869072,20.29446052702563,20.720266355398806,28.631502821259208,32.075825461424515,15.710258806404587,15.324359104195137,28.29138554796699,25.707726300176358,29.100353221971627,24.849664375660517,10.16037084050008,20.80852977306268,12.879534331171278,29.665590705397094,27.20254203601226,17.485629943179354,27.133451319513796,25.537108586752872,19.44134389662308,Rohini,3.039143135945767
28.72957913298422,77.03503713011742,पानी की टंकी कराला दिल्ली के,25.589590280262687,28.30036615608322,13.032925333192534,11.124993839667102,3.039143135945767,33.43407351869072,20.29446052702563,20.720266355398806,28.631502821259208,32.075825461424515,15.710258806404587,15.324359104195137,28.29138554796699,25.707726300176358,29.100353221971627,24.849664375660517,10.16037084050008,20.80852977306268,12.879534331171278,29.665590705397094,27.20254203601226,17.485629943179354,27.133451319513796,25.537108586752872,19.44134389662308,Rohini,3.039143135945767
28.49981295601179,77.2372129932046,c ist 542 sangam vihar ,8.581531740626765,5.404585693738097,19.93051738139913,21.736331746168922,32.88358410683359,11.72744387277963,14.798765224426413,17.40254302021769,13.437056007328941,4.922947825195734,23.165910582032403,21.310627326765918,4.0598586508152605,6.599165106518194,5.682991369714433,7.9507009539886235,24.16442148209794,14.779329029678859,19.44473914081564,5.861880514460143,16.741634011137975,17.505566172908907,7.570569833786959,19.98558947184809,19.693956617354793,Saket,4.0598586508152605
28.75464928975966,77.14834000915289,"B-5, GT Karnal Road, Libaspur, Ambey Garden",25.597393717106318,24.570443083474558,15.89849183023642,9.761128697182007,8.972092004955828,26.802815948975887,22.56504108352074,13.554850604836595,21.54029741331765,27.71327529322919,7.102648530996625,20.64890100476454,26.215408631984126,23.37485927293434,24.93614035165889,21.6942934456223,6.643882114321302,15.230712362997744,12.730351846037076,25.280120743977502,19.06510028916844,12.155877494503137,22.751202359292723,16.40685794907731,11.45460418549981,Pitampura,6.643882114321302
28.75650457499045,77.14958421885967,"B-5, GT Karnal Road, Libaspur, Ambey garden",25.801330675610778,24.720114901138825,16.135131737946942,9.989634079783064,9.108620059445364,26.882506653298776,22.792275687123805,13.651626772165665,21.61543385660555,27.84584932002714,7.192354712228605,20.888129927595187,26.390957082100712,23.55060688571331,25.076756113358133,21.859511842907192,6.873390805994394,15.364329118218008,12.957061709394878,25.415693529050348,19.11141745412967,12.309708786729109,22.89115940109765,16.420231823016124,11.533902668240103,Pitampura,6.873390805994394
28.64083228064238,77.0558624714613,B-205 shiv vihar jj colony uttam nagar ,16.098214230429182,20.598291023457644,3.761343733312203,7.522188428038962,12.072339742858286,27.49704238193285,10.350319913135898,17.10754430686519,23.568719465945023,24.49537576202198,15.193645883632598,5.503633718453053,19.59498109693762,17.36868708065927,21.620477620880976,17.130713836040282,9.691355698287632,15.730981361519095,6.466681667882351,22.28974267860089,23.356820296199327,13.234863945611329,20.006017344702492,23.039871666166356,16.97567368445887,Janakpuri,3.761343733312203
28.64093320912569,77.05582961440086,B-205 shiv vihar jj colony uttam nagar ,16.10913965578576,20.60666506656081,3.7702886543301735,7.52041749001504,12.061134105416922,27.50328654563654,10.361858573344279,17.109609239363504,23.573536419672166,24.50375316142623,15.19124200948856,5.514124716322033,19.604795303123044,17.37785324307776,21.628579622443276,17.138890895108222,9.686641387222595,15.734917631049989,6.469571768208555,22.29772862694356,23.359982554494643,13.237011466715009,20.0135037504087,23.04124895393503,16.976157339037837,Janakpuri,3.7702886543301735
28.72924632104859,77.26083688437939,F36 kh 24/11/12 main 30 ft road west karawal nagar delhi,25.041126485976612,20.22490607776418,20.674699151494035,14.76287513813685,20.0479830663346,18.730764688087305,24.831502203099998,8.65130650327637,13.70813801393482,22.099190134990906,7.106523561041261,25.922169140766496,23.37407980613872,20.857934325480088,20.0196444787572,18.689140012144637,13.059606470890044,11.690663075660261,16.61907986525335,20.04346217819877,10.316695583289604,10.977548778121223,18.046322764127748,6.759721551463407,6.818060719895512,Shahdara,6.759721551463407
28.72920369046788,77.2606360539794,F36 kh 24/11/12 main 30 ft road west karawal nagar delhi,25.028660259665696,20.21810831721986,20.655969279788273,14.743268142639593,20.029060418015256,18.732969838566895,24.815445994947872,8.640128022618661,13.708274633057366,22.095536036996243,7.086627668962048,25.90353950232578,23.36503061853557,20.847827458173175,20.014007507274577,18.679376446537407,13.039477741752004,11.679052377417241,16.600379416075338,20.038537270012554,10.318597475314736,10.96166910219607,18.039734835736592,6.7633789875521595,6.803964992659259,Shahdara,6.7633789875521595
28.57473654523857,77.23900470882654,New Auto Class B105 LAJPAT NAGER PART 1 CAR MARKET NEW DELHI,10.006978365535257,2.928641413371615,15.665815875278849,15.230713040384204,26.34932977057193,8.506580419447996,13.730690561124986,9.098087110375094,6.678159820690286,5.918039347248739,15.104715942508037,18.944133402076325,6.420419624747666,4.730071887923199,3.062522772810033,2.953803914258758,17.095852203248203,6.676852050722939,13.67525585017737,3.453584081575946,9.230699777688379,9.78107827451039,0.8787098316806898,12.037665315337613,11.408880447840039,Lajpat Nagar,0.8787098316806898
28.5747430228627,77.23903052508831,New Auto Class B105 Lajpat Nagar part I New Delhi ,10.009472400245679,2.9293883532997524,15.667949386466208,15.232043224740575,26.350500855335042,8.504099580642823,13.733290905479224,9.097605690406915,6.675689224311486,5.917211395009378,15.10476662717524,18.946567082677333,6.422289585999317,4.7325261630178925,3.062197895394156,2.9564256573349534,17.096817441428936,6.676993571996331,13.676961937070232,3.452770424442948,9.228622803884273,9.78165652882138,0.8782075571966867,12.035985518259151,11.408467539410989,Lajpat Nagar,0.8782075571966867
28.63897729787363,77.05069787800312,Ranhola Rd,16.241290126239935,20.936910866484812,4.088817276338233,8.066306747184765,12.291479884576319,27.92446934791075,10.386987581661371,17.630433364347756,24.038726959297044,24.833114163933818,15.735725909439555,5.2326503811694405,19.843705957903726,17.662926892984924,21.972637076705663,17.480222827059848,10.211930408343536,16.22221316301135,6.97908989574253,22.647406704056003,23.862569208055206,13.756876195984074,20.38677895545581,23.5706675687954,17.51423653984664,Janakpuri,4.088817276338233
28.61227650900576,77.05457467585802,aardhana apartment ,13.76730271234021,19.33115884486361,3.4151466729940148,9.400699391258417,15.24859326532952,26.898959197594507,7.652019540837628,17.831885674821248,23.442220495648314,23.192310935011506,17.011783535274535,2.394608634942673,17.76725459744605,15.8366942336837,20.442040838467918,15.981566169416663,12.05353141017734,15.96826685725285,7.397986895195413,21.146491220076435,23.70930933338806,14.0155358585444,19.062656255076625,23.874722621744432,18.103905105387042,Dwarka,2.394608634942673
28.73556398087429,77.19749048352242,"Kh No.23/15/1, Block A-1, Sant Nagar, Burari, Delhi -110084",23.849997036575946,21.196678601686273,16.56039394033474,10.167215615333117,13.83163753064183,22.20133619374925,22.09718404736475,9.387198165056194,16.915222978025533,23.937654228308553,3.4638762635588245,21.74735151908222,23.486078309740876,20.70205652622839,21.35614258267517,18.76097373446757,7.701367117035469,11.722133494155981,12.69512728550232,21.590524945458686,14.150652579305328,9.325193678179897,19.18887132394698,11.268280717627675,7.084202276881942,Model Town,3.4638762635588245
28.73550047984159,77.1974479034543,"Kh No-23/15/1, Block A-1,  Sant Nagar, Burari, Delhi-110084",23.842309552094154,21.190535152266463,16.55232308687687,10.159232634012985,13.828303533078115,22.197859466482722,22.08902329470628,9.38197845869924,16.911708443612056,23.932222270460503,3.4564046163834115,21.73935157337779,23.47918012465164,20.695047617850385,21.350321260618085,18.754198631822376,7.693964213909277,11.715828561649776,12.686966963605137,21.58489330478021,14.14823510539824,9.317863906791738,19.182967693526496,11.267264464945216,7.079243329204735,Model Town,3.4564046163834115
28.61930316413949,77.02546466141939,plot 4hari vihar vihar old palam road new delhi 75,16.39134634368781,22.2634944801832,6.091282354195098,11.25706960101974,14.779505669073187,29.83336472036844,10.109263603717258,20.40699335774017,26.303223416104547,26.116539071432,18.949351805884902,3.6288513764819625,20.59145003961888,18.73974899337537,23.38081389644258,18.9254358176775,13.503207657535738,18.7144711287426,9.777817524912368,24.08714478848519,26.44134057953632,16.547374359189753,22.00957452236907,26.4185839346074,20.48702713490748,Dwarka,3.6288513764819625
28.73557044856989,77.19747237861156,"Kh.No.23/15/1, Main 100 Foota Road, Block A-1, Sant Nagar, Burari, Delhi-110084, Opposite Pepsi Road",23.85039029849509,21.197719963470053,16.559801438504547,10.166525710291776,13.829802946439152,22.202927299274414,22.097072464623196,9.388476347918443,16.916808659254357,23.938883679282704,3.4643982278798355,21.746678249475124,23.48686392446493,20.702797454944882,21.35727412644062,18.76180640862725,7.700312024162195,11.72312585394508,12.694690502658856,21.5917055685799,14.152373485017078,9.32578958012435,19.189980666928896,11.270118103445363,7.085536710831643,Model Town,3.4643982278798355
28.50450657705749,77.23042197525501,A117/2 Raju park khan pur,7.7908600367741325,4.9472743013907685,19.089336856530263,20.955024968173085,32.088591295604395,11.89579960914476,13.97774552080126,16.86754324155107,13.2653908067843,5.100665859889115,22.537885127396816,20.47806368490681,3.218699141532016,5.804699158100407,5.392547205965673,7.251024128460684,23.41350373586085,14.18446515282871,18.636902698081208,5.671276537762902,16.494188032021704,16.83763754446797,7.135093825710025,19.663607316327493,19.143236572613162,Saket,3.218699141532016
28.50450746095895,77.23037738353014,A117/2 Rajupark khanpur,7.7866562939235315,4.947891355944027,19.08609225336036,20.95281901055734,32.08620568378512,11.899157810521707,13.973734296606592,16.86744244366923,13.267365852791388,5.104180171617023,22.537094197063627,20.474185662771472,3.2154819479719086,5.802392613686836,5.3941055172960155,7.249732366068777,23.411631459285616,14.18395656645454,18.634350603430107,5.673321716646352,16.495767748511277,16.836544392871545,7.135754424895609,19.66478008115814,19.143018421781807,Saket,3.2154819479719086
28.84367458109682,77.0897937566042,plote no - 6 kh no - 17/1/1/1 village KURENI  narela delhi -110040,36.039013076323705,35.90200446538731,24.660974492899243,19.728317489754932,10.973404189811118,38.09640260241421,31.981211143962557,24.943725453450657,32.81253184624361,39.120574739836755,18.480004257766094,28.297931268080657,37.2748240887506,34.4452342739143,36.31627393375014,32.90210014118921,16.868183377570578,26.640462337570874,22.59024247148641,36.679259344154325,30.106886996758334,23.4922303158529,34.13569235202529,27.097969006420016,22.778042621403934,Rohini,10.973404189811118
28.84169632368548,77.0905565097928,"plote no -6 kh no - 17/1/1/1 village KURENI,narela delhi -110040",35.80948456780703,35.67080054234012,24.44171390145326,19.498644265044366,10.786107490910988,37.87642483052321,31.75910192838641,24.719195410034423,32.59295584393438,38.89101930627979,18.255372245370136,28.09191317243092,37.042669645267516,34.213061769344236,36.08587838029947,32.67009978038487,16.636719534681873,26.411194435124806,22.362095917993702,36.449402643804994,29.893433965782055,23.261409534091072,33.90543490897688,26.891601328902745,22.555782553706408,Rohini,10.786107490910988
28.61978436420938,77.02557496726513,KH 20/21 kakrola housing complex,16.417557209950665,22.27239071343915,6.078207848908179,11.221434747490415,14.724927723645948,29.832429729023183,10.138741489370432,20.385707863659988,26.29465505350109,26.126727678304537,18.913264710590937,3.6677037086289577,20.6096189822048,18.752182248935828,23.388459163925752,18.931601779765497,13.460874084543809,18.69988686091581,9.753419216171348,24.09433420154673,26.425618855751537,16.525189279034358,22.01314743908065,26.39584435714467,20.460169869650368,Dwarka,3.6677037086289577
28.50769829688123,77.23139863461256,A27 jawahar park,7.789601598173417,4.58168847813129,18.918865453167353,20.693005183332648,31.838836455081623,11.602960092481954,13.923316965815692,16.512984439630916,12.907832615344107,4.824773248664105,22.203234484271885,20.39606697500595,3.0595933529190766,5.554395474095264,5.028119348100817,6.938641664772003,23.129886169142445,13.840754084454039,18.40087033006356,5.315772703270624,16.12988069224029,16.514945144695726,6.769092207440624,19.296291251014882,18.791400010506806,Saket,3.0595933529190766
28.661913043453,77.08219338208437,"c-68 LIC COLONY, OPP SAYED GAON NEAR GH8",16.81123332797214,19.81794701324388,4.482763118208933,4.338531136835487,10.045661408153393,25.86522568360951,11.882583688499174,14.465063980685994,21.539691746086486,23.6706886453055,11.859034653648305,8.528825105761003,19.519188295153405,17.00025152624706,20.713602311016245,16.3265833100571,6.218888833907838,13.55432107168138,4.452326437877839,21.32789997169504,20.908578444382734,10.665251804050513,18.879771559416596,20.219441599761144,14.028004988003309,Punjabi Bagh,4.338531136835487
28.66192422279142,77.08202742040157,c-68 LIC COLONY OPP SAYED GAON NEAR GH8 ,16.819126266179723,19.831230850409554,4.486001946229526,4.3542191731813755,10.040431795928654,25.880617345047376,11.886193932636235,14.481295454823757,21.555621673514217,23.684220095269037,11.873375204379961,8.523260997020573,19.5302475561873,17.012139006585684,20.727266714477743,16.339766478424263,6.230827532484936,13.570313843446588,4.467097738286048,21.341729460049287,20.9248109853297,10.681486138640418,18.893939647457938,20.23551793415104,14.043941469241185,Punjabi Bagh,4.3542191731813755
28.60137122425481,77.08404276520014,samarpan kunj plot21 pocket 6 sector 1A nasirpur Dwarka,10.942629013766163,16.210339289123635,2.311972837275649,8.567667430828129,16.67792353792111,23.868056907612818,5.258948589974296,15.522203064260347,20.58515635496709,20.070482530419678,15.685674086201798,3.8545445468724404,14.707935029405395,12.721360372604186,17.32491582002958,12.872272380282723,11.5848646453536,13.375295149950961,5.891840107671393,18.031349306642433,21.087977945716915,11.84665221696174,15.975534712139936,21.558606715814545,16.099877060786334,Janakpuri,2.311972837275649
28.62025202381565,77.04174902290106,"A-38, Gulab Bagh,Mohal Gardan, Metro Pillar no 744, Nawada Delhi",15.281326203227234,20.824291530872816,4.498662066997242,9.84574187064667,14.432510258846717,28.2913449833653,9.114519419372309,18.830164359349517,24.71978875875492,24.693080142886927,17.535107935986368,3.157749468165727,19.30058835967767,17.35309827000574,21.925206997618595,17.45397537137201,12.24591091736351,17.121517517470398,8.223049993822132,22.625711696344947,24.84902133754235,14.975543432254451,20.50858319802257,24.848811855888513,18.947956667919687,Dwarka,3.157749468165727
28.62022906763436,77.04180467873812,"A-38, Gulab Bagh,Mohal Gardan, Metro Pillar no 744, Nawada Delhi",15.275650065029833,20.818295666794114,4.493339461650185,9.842622209490884,14.434509986363484,28.285521729651908,9.109134598842045,18.82540078390658,24.714242739878845,24.687079812598608,17.531887130712633,3.1545090210630073,19.294648534469165,17.347098912542446,21.919220503608713,17.448000251945967,12.243768764388264,17.116288425119855,8.218639497910283,22.619729770569098,24.84385960497111,14.9708657257015,20.502649366095493,24.84415175141873,18.943677567868285,Dwarka,3.1545090210630073
28.61991857007411,77.04159278422593,"A-38, Gulab Bagh,Mohal Gardan, Metro Pillar no 744, Nawada Delhi",15.266494357784545,20.824220578400595,4.515563915667906,9.878950228809769,14.470928177072151,28.299171761151555,9.095138045975244,18.85299282991459,24.73331362367681,24.692174218483572,17.56785557053131,3.1230612027111504,19.29292123735981,17.34992496019076,21.92618705701348,17.455870508218204,12.282623067635312,17.139499312285746,8.248816292082203,22.627084456096437,24.86779076915387,14.999134995557803,20.512708886249108,24.872542074454977,18.974656442741107,Dwarka,3.1230612027111504
28.6206767122639,77.04003173857927,A 54 gulab bagh  app. pil no 750,15.434728642072722,20.997230016610807,4.664522784310712,9.960321989224552,14.403243457191616,28.464934813452256,9.256598882139343,18.98405217748075,24.889469326279784,24.86555825741547,17.651870673409807,3.230558201736149,19.466556760056307,17.523943628877216,22.09862147824912,17.62770576391164,12.33483443447604,17.285299554270075,8.369211140457972,22.79927382198341,25.01140540690873,15.127560977481538,20.682713607387146,25.000332336704528,19.090717753434053,Dwarka,3.230558201736149
28.62053691549379,77.04770386219025,shop no 270 nawada uttam nagar ,14.892408456551182,20.30104617368092,3.916618950513685,9.348208613259908,14.354589109001296,27.72754861533268,8.789255949119617,18.25575182649759,24.14074323678323,24.17501848295075,17.02960317879905,3.1664125419410216,18.836225241853533,16.85193493665917,21.395289961542268,16.918999632191333,11.811309301888112,16.539526239394235,7.6606192322254465,22.09338408981343,24.26743792903558,14.403588052977806,19.961259008569076,24.277216262231804,18.389777927359304,Dwarka,3.1664125419410216
28.50629086434502,77.24937245249748,D 4 108 main road sangam vihar ,9.535875373633704,4.797003579362887,20.35288041457604,21.7503544959515,32.94117906675504,10.36740151977894,15.61202210960244,16.772844646485773,12.310955822114583,3.584255147984374,22.713194374121507,22.037027214907933,4.643776818513053,6.793295880877158,4.797214573330143,7.78867119885861,24.055296945096504,14.283546616918677,19.59225189488493,4.837525031739581,15.686460712601919,17.168236510336214,6.855820116148839,19.012886379000584,19.08643201758448,Okhla,3.584255147984374
28.50628084696429,77.24937379360199,d 4 105 main road sangam vihar ,9.536240422606054,4.79811932125548,20.353686094868866,21.751354519739984,32.942168467822455,10.368077911492657,15.612541200365614,16.773966190738616,12.311948180879202,3.585017149916807,22.714307225718166,22.037628448502584,4.644380686444038,6.794174898759989,4.798322457267035,7.789704591246261,24.0563393474408,14.284661642404105,19.593196438178847,4.838593614701362,15.687491010003003,17.16933063209646,6.856941251716767,19.013950347731434,19.087553547504776,Okhla,3.585017149916807
28.83126932231135,77.09412049502134,kh 68/1 Main Road Bhorgarh,34.607756333139235,34.47056281327634,23.28896268170657,18.296608455734344,9.813931077501652,36.746801922873,30.591689008469075,23.563214109723578,31.466226312774086,37.702201130925694,17.099881198061002,27.005293749282245,35.83263567362814,33.00323658561979,34.89142322128916,31.463267257567704,15.427713062036657,25.22468702241907,21.166720748160518,35.25861969427983,28.80339879085268,22.06424706943926,32.711975612939426,25.84378206934505,21.414230356225485,Rohini,9.813931077501652
28.75221373695766,77.07830015569925,near UCO Bank man Bawana road aur kya hai,26.37633251329993,27.542607830658703,14.519827352252832,10.342185575104647,2.1481346695838828,31.480414516472095,21.89834163459519,18.26883641383385,26.40294031268976,31.111229839886807,12.42687885583652,18.080559920300704,28.247267261714793,25.49205248403177,28.17028440413622,24.256098186202657,8.115750255542755,19.03717320086819,12.925991490078369,28.649938083045342,24.476988281197446,15.653340226027721,26.06732449391528,22.325645980992856,16.59402922772489,Rohini,2.1481346695838828
28.75223460664729,77.07827132195234,men Bawana roadpahladpur Bangar near UCO Bank,26.379348251124476,27.54611535125957,14.522322967602326,10.345521348763283,2.145693222798473,31.484059506467865,21.900923539693245,18.27247334733768,26.406581348786215,31.11478537196214,12.430410134505978,18.082354957644924,28.250594227428262,25.49541670928949,28.173827251687676,24.25955616705386,8.119339009890735,19.04080287635179,12.929111174563175,28.653497007948967,24.480584379120366,15.656966100846972,26.070885437665265,22.329139594344884,16.597628034640202,Rohini,2.145693222798473
28.49996204724799,77.23281014710665,near baand shop no 593 devli,8.169540182615242,5.416705411824911,19.60640394127224,21.51008886494313,32.640998275655605,12.038157203892874,14.403085519491048,17.374596707091797,13.607489163121262,5.227968517927866,23.074427981580957,20.926604701211854,3.742084877729644,6.3586297085695,5.786437048898366,7.801515906093228,23.97008266400426,14.710726679064729,19.18568016077133,6.014976669864279,16.87644666557401,17.38333968735293,7.5988954779753595,20.082708769683773,19.65604189799263,Saket,3.742084877729644
28.61439774073348,77.02651843428612,tara nagar dwarak,15.965846397044077,21.97966922741262,6.039607049414582,11.448096792272928,15.293828274874365,29.638767837717648,9.662064014190655,20.423910083041804,26.18426918324723,25.820424545696238,19.14084521152534,3.1248237270990122,20.228442374456513,18.425829113818956,23.107915378889913,18.667286941307072,13.779857875862925,18.660001057040127,9.838280918076808,23.818188981134657,26.396253784454544,16.57615720872172,21.774261124504545,26.449762273376074,20.5667165372389,Dwarka,3.1248237270990122
28.64617576594229,77.03356191515923,A5 vikas kunj vikas nagar  uttam nagar new delhi ,17.92605609279992,22.78832855136765,5.94192906389929,9.363415623448214,11.694025246107177,29.752544763667014,11.92335523684385,19.22996490742413,25.80986929877102,26.68414300867721,16.910512911751013,6.134293371389897,21.645189291655374,19.497523352952715,23.826132290542414,19.333565335368004,11.137495774654159,17.94699909584268,8.649742463683001,24.501270609215172,25.537632516102782,15.366498650399937,22.238773880635797,25.110688150171143,18.982532735614488,Janakpuri,5.94192906389929
28.75765470595106,77.14918222278357,main mSwaroop Nagar suker road Delhi 42,25.92988327220911,24.85361289263917,16.239323953608075,10.105217064245526,9.081563600565916,27.005844845008085,22.909011641570384,13.77875755488069,21.737779156997387,27.978087414004413,7.318492168592793,20.98127676763131,26.52423820521367,23.683870205009818,25.20970934018585,21.993231241273353,6.988005860549381,15.49673128847383,13.074229470667076,25.54822601719295,19.226194026411957,12.443379220599816,23.024068369763196,16.52455458726405,11.657504050631019,Pitampura,6.988005860549381
28.64650913626286,77.0327689871192,a5 vikas kunj vikas nagar uttam nagar new dwlhi ,18.004843750110588,22.874021240574564,6.02770184108998,9.427927550951125,11.672731783511193,29.83721710078314,11.996647630443062,19.305073770850722,25.89210586017811,26.769817701903914,16.967789290557757,6.186326510876668,21.72878106899972,19.582518979600145,23.91191188395367,19.419339072585142,11.18588682186775,18.02742822807955,8.728836307311466,24.587065451270337,25.61573408547345,15.442299928097672,22.324487885631697,25.182963375630447,19.05209087276148,Janakpuri,6.02770184108998
28.64597362472878,77.03326888382435,shop no a4 vikas kunj vikas nagar mohan garden ,17.927905407494745,22.80278903109071,5.9572912752868605,9.397065496087803,11.721579747003098,29.77370105955778,11.920115263984734,19.259843287865106,25.834608425647353,26.69846450337681,16.945558214501997,6.118008320641859,21.653514812396214,19.50901815620689,23.841546071434806,19.348883553224855,11.173521957128425,17.973468653770585,8.677285167238505,24.51707491180579,25.565799882409937,15.396029131736345,22.25630708267413,25.141836963011077,19.014697299566258,Janakpuri,5.9572912752868605
28.52301797364825,77.23569083958864,shop no 21 indra virat market ,7.98273220197827,2.837619399894695,18.151143741650348,19.461508256373133,30.650962142411178,10.297610028030988,13.758688389468585,14.81851632153499,11.220412852184467,3.7652424382332486,20.604796806793004,20.055833421739923,2.8468902694224623,4.549004474241996,3.306164935940906,5.516614551656636,21.785491595668493,12.204361381517703,17.306963339996653,3.666446657202317,14.399106217793117,14.983468676831004,5.020846811441662,17.544784859296826,17.109406609980187,Greater Kailash,2.837619399894695
28.62327925267155,77.03470386564732,Mohan garden B/319 shesha godam road ,16.011006472718375,21.5884823914386,5.184783780373159,10.254614478182678,14.184241670997363,29.031744766017688,9.812200456352645,19.436119980603166,25.42427261018164,25.458060627418046,17.947517209698518,3.638121320216505,20.060148846667058,18.118635790925723,22.687930703441282,18.21507032945091,12.528523471220016,17.7866526208205,8.793261169579047,23.38775286979448,25.504276290462254,15.572209571622302,21.263917474693276,25.440236488050836,19.492820223508005,Dwarka,3.638121320216505
28.7866251249527,77.14030344039202,"G.T Karnal Road Near Sai Baba Mandir Budhpur, Alipur ",29.177607355887197,28.17533573114845,19.018912236365292,13.143450049560851,9.15728345715224,30.06832745390843,25.922058851641644,16.951192427997693,24.784090532811078,31.262521132323123,10.496984515826494,23.504948803855513,29.85621443954352,27.015669554716567,28.51462367351039,25.328632419128486,10.041465329363238,18.78947132807566,16.124003600911387,28.841226285148093,22.104069008814626,15.772351870517955,26.328069661997954,19.180362884693807,14.760631582989753,Rohini,9.15728345715224
28.78660044218767,77.14025314897299,GT Karnal Road Near Sai Baba Mandir Budhpur.Alipur,29.175090847839762,28.174428102154245,19.014948960514392,13.140197980066791,9.151671138834796,30.069094511186584,25.91860221577065,16.95138470821778,24.784892880902255,31.262060246344006,10.497028520353481,23.50050395697058,29.85459892960905,27.014049977718383,28.51394917298235,25.327306401315457,10.038344558579768,18.788897783987828,16.120736392281902,28.84067975307132,22.105418856490612,15.771280333695952,26.327401774293147,19.182274933965424,14.761101857971019,Rohini,9.151671138834796
28.51074879898886,77.20220480114222,A-1/8 neb Sarai IGNOU road near Karnataka restaurant New Delhi,4.951779849005433,5.499022643199581,16.66082181791264,19.119124934565395,30.106963481438726,13.813696729212557,11.190542670431284,16.404439732318938,14.227515213940093,7.285816742569583,21.571631132403475,17.73696129262667,1.58822029267737,4.302733497595123,6.440101877733197,6.323104660485054,21.766418003714026,13.501329101030423,16.607540291580342,6.975658633896384,17.141817939686923,15.734066592396577,7.487406765824385,20.003068853433543,18.575617747216267,Saket,1.58822029267737
28.510737014333,77.20220681279898,A-1/8 neb Sarai IGNOU road near Karnataka restaurant New Delhi,4.952371819777343,5.49989310061935,16.661926080055764,19.120408448908606,30.108211601972133,13.814158786868456,11.191310362365062,16.40569885686902,14.228403197167014,7.286031121631057,21.572948181770887,17.73779936616041,1.5894288350511012,4.304051788593187,6.4408303080210345,6.324381868317004,21.767723913852187,13.502611689611507,16.608788967159022,6.976302210084202,17.142825580819792,15.735387542891269,7.488410394640877,20.00417285294049,18.576895188857986,Saket,1.5894288350511012
28.77550553554977,77.10267003625631,Khera Khurd near Jai maan public school ,28.3564195968412,28.528392424558984,17.14162376661749,12.046647711016814,5.355415453242379,31.509202204594356,24.387054342861273,18.190768068013824,26.290045083103912,31.89469797070014,11.864138495966221,21.129735857632944,29.695948977032923,26.87892110995226,29.02427211824667,25.41944549132364,9.234227778693105,19.495963256408512,14.910440845380636,29.4347916518416,23.970756343771964,16.215429252761396,26.8631986580907,21.407251643938924,16.22460276408639,Rohini,5.355415453242379
28.51295397954121,77.23272431641817,"A 2, Khanpur Extension",7.797987936274004,3.984415276604934,18.62956438054824,20.254460981554637,31.417501186507952,11.15295511237969,13.828589974589265,15.929989576648088,12.33385448690357,4.4244292614949945,21.649613290431464,20.249974639555763,2.857116839150854,5.155706786813888,4.440352402675831,6.4273641739493454,22.656147568831855,13.274272414853113,18.00522715244993,4.749128757124094,15.541131736418391,15.980719166163158,6.171275431637711,18.69955147285425,18.212227853470846,Saket,2.857116839150854
28.51295397954121,77.23272431641817,A2 Khanpur Extension,7.797987936274004,3.984415276604934,18.62956438054824,20.254460981554637,31.417501186507952,11.15295511237969,13.828589974589265,15.929989576648088,12.33385448690357,4.4244292614949945,21.649613290431464,20.249974639555763,2.857116839150854,5.155706786813888,4.440352402675831,6.4273641739493454,22.656147568831855,13.274272414853113,18.00522715244993,4.749128757124094,15.541131736418391,15.980719166163158,6.171275431637711,18.69955147285425,18.212227853470846,Saket,2.857116839150854
28.7107130218716,77.10990898311138,D-6/253 Shop No.1 Sector-6 Rohini ,21.148485456314724,21.99427752136108,10.108393038186307,4.882993344179864,6.754675682705957,26.205924795091804,17.20825978322134,13.216143408944275,21.248584774323458,25.57835220538985,8.190394312947502,14.589184956561429,22.75551796008443,19.980693534790916,22.631246315481434,18.710122020565514,2.6812740909388433,13.642970081769093,7.6776164895457075,23.119473761434907,19.64648350403389,10.256242379162748,20.538679795176265,17.947076801200076,11.84952256156586,Pitampura,2.6812740909388433
28.51868634941406,77.1994860470295,Buzz by Spacetime Saket,4.490758796650169,5.058779837602713,15.832668276618666,18.20300328004712,29.203998764535623,13.648885484179738,10.575717936309914,15.584001323173089,13.735335195856418,7.326522739692282,20.680638040321025,17.06931623051889,0.9491926934788217,3.415728719030687,6.106034351060764,5.491362820660951,20.845038874334833,12.65642884492273,15.70482529622997,6.703408822982122,16.54817399814809,14.836387038817348,6.9175604081022515,19.325643526946266,17.734994561416194,Saket,0.9491926934788217
28.51875852496995,77.19945352524519,Buzz by Spacetime Saket,4.486463964475617,5.055949538907744,15.824660647587494,18.194375094841874,29.195429815592068,13.648353203054409,10.569631828957824,15.576740290149035,13.731578642727085,7.328172844716979,20.6725275857203,17.06268490665822,0.946087465254944,3.407761799399616,6.104183503289968,5.484074870026108,20.83642107134175,12.648896797881362,15.696260639858869,6.702123137667852,16.543344223375325,14.828195105654109,6.913196903761675,19.319921013021112,17.727494898953967,Saket,0.946087465254944
28.61806145175384,77.03239113092421,sevak Park Gali 8 A22A,15.78807878421399,21.582503899654558,5.425203107704708,10.746065967133461,14.79233117554102,29.143472418264274,9.533785827667536,19.774556113233285,25.622398432060532,25.438440912768005,18.439155999146138,3.1778147557398135,19.941115801559842,18.067839527259846,22.6973832239805,18.2396334930159,13.08090007481559,18.051277808816096,9.167516928382163,23.402921300687613,25.782095663055042,15.920652302188472,21.320871285654967,25.794002678328077,19.890611969640858,Dwarka,3.1778147557398135
28.6182418673829,77.0323783904314,sevak Park Gali no8 A22A,15.802232806839314,21.590856673593706,5.4248971067831935,10.73653484643803,14.772722974793059,29.148295743716343,9.549126426305971,19.77146201310497,25.62436373871907,25.447230757639325,18.429744230116068,3.196566523501363,19.952637824592227,18.077440072903535,22.70529308160167,18.247031887545383,13.06843550822201,18.050852156893036,9.162771536557882,23.41066864148452,25.781290705335685,15.91711858534627,21.327332078463364,25.790384612329575,19.885215878530488,Dwarka,3.196566523501363
28.61799699650291,77.03247964382172,sevak Park Gali no 8 A22A,15.776857142638738,21.571870846166096,5.417161433710228,10.742523865152451,14.798037618149285,29.133689128904507,9.52263218983457,19.767663697180975,25.613509715025373,25.42772413272566,18.435536426384246,3.1676954920204285,19.930007083894708,18.056982666728334,22.686839909973454,18.229200773197,13.079261996390443,18.04326873925467,9.16139826651405,23.39241217915885,25.774234676824687,15.913959657763348,21.31065699092075,25.787345400065163,19.88480338317576,Dwarka,3.1676954920204285
28.74627981532823,77.08627872169018,80mttr road ind.area pehladpur bangar ,25.531082838476003,26.558813116900108,13.831200574318375,9.411822857823244,2.923773433286279,30.46047487011967,21.178277422519123,17.252306772417793,25.38487445344843,30.114129427942984,11.445284055496948,17.588626604118577,27.313819222718266,24.54844989921331,27.17673447228261,23.286309771585444,7.111148960721635,18.020508276920793,12.057141809370373,27.651978890881267,23.473698159984377,14.637698514290062,25.06889363847196,21.354167040760487,15.590216172248136,Rohini,2.923773433286279
28.74633008179576,77.08654694259167,80mttr road ind.area pehladpur bangar ,25.529718907224094,26.548795213690756,13.836533748904857,9.406215570126864,2.9490861522654623,30.44396185812678,21.182217461756036,17.234260643656306,25.367266649432498,30.102727347749816,11.423641759580828,17.599937819201497,27.307623056138045,24.541604539292972,27.16573673803369,23.27753386765743,7.099059957407438,18.00600825432276,12.054939190546737,27.64048594616432,23.453762808537142,14.623484361562607,25.057355718484814,21.33206229634502,15.570302635447135,Rohini,2.9490861522654623
28.49940369064627,77.14412827044725,98/9 100 futa road ,2.95257820158351,10.72612556439267,14.689938890064626,18.95312399674859,29.084340872070104,19.4596472447731,7.646596975870593,19.35926410767601,19.142013620632273,13.085384238990379,23.322344786992907,14.075247158377122,6.711685826724496,7.7979762506560295,11.854765073835138,9.91156838970937,21.958131617928615,16.308897042073426,16.05633678727539,12.486962201285975,21.617099883981705,17.561132735707044,12.29433400393036,23.993861643659837,21.226655290108024,Vasant Kunj,2.95257820158351
28.49938660105725,77.14407932013273,98/9 100 futa road ghitorni ,2.9559392999567518,10.73121094418622,14.689911640392799,18.954567691048446,29.084752768651384,19.46478960608202,7.645472154902592,19.363053679035442,19.14690408301647,13.09050160032013,23.32519395705424,14.073384090913509,6.716826244060955,7.802685159872105,11.859880829826746,9.916118937153014,21.959776313027383,16.312686552294853,16.057580301272917,12.492092922955178,21.62175208629609,17.564211364863862,12.299269062374272,23.998215089485647,21.23019767513049,Vasant Kunj,2.9559392999567518
28.51177729975706,77.20283042639495,a-3 freedom fighter colony  gate no.1,4.976219151238792,5.372385911180086,16.617365861736914,19.037855804053397,30.035162592726724,13.705046393168772,11.194128322819441,16.28152025678794,14.100361039010838,7.193160762193034,21.459831729846506,17.731606336403,1.461854902270807,4.191948528558797,6.318401682071375,6.202390160254812,21.67720621816733,13.381278170416918,16.53576282930419,6.85766991719723,17.01243511347086,15.624421889831334,7.358069692307088,19.873581124680104,18.45481766648327,Saket,1.461854902270807
28.51181854564003,77.20276169478893,a-3 freedom fighter colony gate no 1,4.968476813340609,5.373294709016446,16.609447315439073,19.0309938086821,30.02793712471584,13.708743895437545,11.18607758543692,16.278103742040887,14.101095570611136,7.198231822366297,21.454968697191124,17.72349427912367,1.4591284188670093,4.18694913821573,6.320401178686816,6.198595422058559,21.670723931483693,13.377396627489198,16.528531279881935,6.860258926227776,17.012105845122232,15.619349216179296,7.357787141570319,19.872267706903582,18.451051376906463,Saket,1.4591284188670093
28.76578256392098,77.05215565860271,pooth khurd Delhi 110039 near society bus stand,28.6110157946639,30.258658554686438,16.37241934212642,12.934132660741248,1.870235370298005,34.40756039914362,23.767468889168846,21.220452241814822,29.34888657499583,33.881890532444906,15.377762086146017,19.32195380601727,30.772810117647385,28.05881418450249,30.927125775996814,26.92120280968626,10.958660781573064,21.92072346019409,15.311943290635233,31.426201060600714,27.43856498503384,18.532357608440183,28.847757090139787,25.263952362615974,19.55568281842905,Rohini,1.870235370298005
28.76577844930522,77.05217778682709,pooth khurd Delhi 110039 near society bus stand,28.609836791888934,30.256994500110768,16.371514049550495,12.932552750934699,1.8693023605335575,34.40559614539866,23.766596317783293,21.218423028619736,29.346876183758628,33.880163325492724,15.375625020100323,19.321563715104787,30.77135381953347,28.05731123571573,30.9254135421199,26.91959273920843,10.956803134878948,21.918831919596045,15.31057234080215,31.42446510427506,27.43647049927043,18.530469519640462,28.846013814555253,25.26179466926147,19.55359130680037,Rohini,1.8693023605335575
28.77505855264243,77.16590378433466,Kh no 373 Ground floor kushak no 1 naar Lodi Invator Village Kadipur,27.885043831360658,26.18499236164747,18.656599728142666,12.411039612816236,11.039320929926,27.56460878906863,25.17108596826563,14.632569334626174,22.278232570598913,29.108383216371685,8.286923412458686,23.466786096987438,28.142434003885256,25.31294174394712,26.439284718268247,23.509787314784795,9.322569050049285,16.714096477771978,15.346429004834707,26.720776875909355,19.482305810541536,13.909869864050998,24.256054009898115,16.465248824239236,12.372019157359025,Model Town,8.286923412458686
28.52572338097423,77.25669052451849,j-2/5A DDA flat kalkaji ,10.033451466951979,3.073532224880937,19.656273486517456,20.425949547975215,31.627479639155666,8.423393170487387,15.676521071854205,14.735366448671321,10.038161964491428,1.7088052874795532,20.821757946332486,21.860815770558748,4.895571312023159,6.122958743869904,2.6848640218666544,6.48609344759142,22.554452764871673,12.393110541525072,18.47466502122861,2.5964319977416035,13.411667300261739,15.430797866800033,4.852686496825889,16.75386164191035,17.059598255569682,Okhla,1.7088052874795532
28.49247127799756,77.13666938245296,jagat Singh margh road ghitoni new delhi,3.9435310344714534,11.749333099247957,15.162625350419212,19.668349398549942,29.621451335896836,20.44396639875964,7.940411873371553,20.372727146855436,20.19592298776338,14.00456716491314,24.233625073345227,14.183338140072632,7.705494447669449,8.85870469593539,12.864664649654856,10.971218929083358,22.702272209557332,17.32279724296426,16.742996872357274,13.486618336890835,22.67798010235467,18.50176834788811,13.344687779374587,25.0465061384241,22.2166181912018,Vasant Kunj,3.9435310344714534
28.79336565187424,77.03709539026023,Opposite DSIIDC office Main Delhi road BAWANA,31.998627210994766,33.5979275252749,19.696961300066256,16.306612509534215,5.2418549283123435,37.50660967003309,27.07623979805595,24.239578935434135,32.385182778974496,37.1898937228191,18.171704091519643,22.396567655730383,34.166319293423086,31.445428026063507,34.243815363616335,30.28118900014101,14.203647635575496,25.11461121512716,18.711811862506607,34.73000857581598,30.30973169510752,21.734301525827114,32.14824801806516,27.934189543889406,22.455207507241784,Rohini,5.2418549283123435
28.74991275461138,77.08275597542524,pahladpur court mod Delhi,26.011238905389387,27.085917684533218,14.242870190730082,9.922289030653177,2.560274518424747,30.983004525519924,21.605496922334364,17.76685727461779,25.901973076514693,30.643614427646597,11.924998091874752,17.910628023952352,27.826596069436363,25.06445009922094,27.705691171742732,23.809984095879237,7.641234694586779,18.549088831308822,12.545112640028707,28.181565997818836,23.972863864764392,15.166760403939819,25.598529819267764,21.8259576881836,16.089895622030692,Rohini,2.560274518424747
28.74991716379823,77.08276268094778,pahladpur put modeDelhi 42,26.011536391000018,27.08595549277481,14.243337596146814,9.922455722282946,2.560938971877287,30.982818133871163,21.605934763072185,17.766614895797392,25.901745902246397,30.643607126795985,11.924612442789316,17.911239348772945,27.826753351407945,25.064587200847267,27.705697102527502,23.810061154368952,7.641202459450875,18.548975968950778,12.54537934639658,28.181555589775837,23.972544704295156,15.166657746184221,25.598517809184738,21.825545034170773,16.089579999687633,Rohini,2.560938971877287
28.49246626865134,77.13665496557951,jagat Singh margh Ghitorni new delhi ,3.944639148884138,11.750823186319488,15.162710929244797,19.668830404258646,29.621616908253337,20.445478287480974,7.940273679830671,20.37385685701033,20.197358689789414,14.006078826397664,24.234490114913402,14.18289404327428,7.707001250136307,8.86008820557653,12.866165184988295,10.972560587709074,22.702802110760683,17.323929728354738,16.743432293491942,13.488124398529443,22.679348540125304,18.502705101877098,13.346134498521087,25.047790491936894,22.217678103800523,Vasant Kunj,3.944639148884138
28.79335360511373,77.03721843659878,Opposite DSIIDC office main Delhi road Bawana,31.993097925028206,33.589815714583075,19.692655189913186,16.299109624876046,5.236289376250847,37.49670827823246,27.072216868939886,24.229412359344206,32.37502878893156,37.181407324374234,18.160906242325648,22.394766857601752,34.15933732056476,31.438203358571588,34.235430056982935,30.27339227346687,14.194804728927267,25.105284170575274,18.705298221437555,34.721486016327816,30.299022716065267,21.72505425271054,32.13970084047077,27.923004269738612,22.444646195235382,Rohini,5.236289376250847
28.65244283298339,77.13099516928196,J23 Ramesh nagar bandar wali khui,14.402816984589906,15.633467530836535,5.413404497799402,1.917749865248201,13.000937491390381,21.08961560371911,11.121261410654148,9.698843814206583,16.672429177083043,19.383616203229735,8.422315935593174,10.669895263823623,16.027738448596878,13.296493600850848,16.408087461358296,12.21977510833666,4.911459638798677,8.681928287830628,1.4056282645168054,16.970046337101618,16.069827469787707,5.845749745231309,14.441301790203575,15.596461231116232,9.557049868107018,Rajouri Garden,1.4056282645168054
28.49385384846245,77.14354824274777,hiuse no 230 near water tank ghitroni,3.5574375046862765,11.099989282655832,15.243622568317642,19.562530895770507,29.658519724245366,19.7709487981341,8.133977147497525,19.94093301620334,19.585754628457117,13.317581901958098,23.937943942651543,14.496101442539338,7.040515715144651,8.287057247349074,12.205469039220603,10.423965114347526,22.57155218423671,16.890786331015015,16.66088413445843,12.821514608378095,22.11034061847438,18.17208047126054,12.728248919746713,24.52799771136442,21.82134381840299,Vasant Kunj,3.5574375046862765
28.65422549504086,77.1363914385438,tagore market kirti nagar metro pillar no. 336 opp ici bank,14.526911545142514,15.434637320616826,5.950438989433072,1.9451148465861692,13.142057501062764,20.703314972083444,11.464281262351625,9.165843447788257,16.227805383026148,19.151256504667625,7.907077712836867,11.205419233614583,15.970780079301184,13.21162444286785,16.177378150257752,12.052853456131698,4.729539581297465,8.234423066967581,1.9091411256445454,16.724548682363746,15.561442915309579,5.3251137377778495,14.180001347623056,15.04631819364041,8.99608963740294,Rajouri Garden,1.9091411256445454
28.73829801651668,77.19466041773558,pepsi road vps scool,24.102191455285915,21.548612803366346,16.61892119499277,10.20679649988154,13.526166679079186,22.608160740373837,22.255873011842606,9.768329169014919,17.32178247564183,24.31263185845145,3.7484750271210503,21.786403534227667,23.801796505992012,21.011207622416872,21.719567055316602,19.084021155999363,7.654968616753183,12.068439653923823,12.78926626032906,21.9598870995874,14.561212514278491,9.614020329185271,19.549630963687513,11.672614881778209,7.47140220576294,Model Town,3.7484750271210503
28.57358528843342,77.25802090018988,"E-102,shop no 7 maharani plaza behind NAFED Buliding Ashram Chowk",11.533416252027166,3.3768673409677157,17.465350598913425,16.70648283940095,27.727252911402243,6.64558874920776,15.552904965274873,9.576578074423395,5.372336332719844,4.983159538191883,15.866840309232677,20.804507215650506,7.417262624968748,6.263450886352657,2.768225664927767,4.742914028824723,18.381758810605536,7.59895027185896,15.322398630722438,2.734818045636649,8.378665190363941,10.897791663971322,1.5973035618987004,11.53559042130762,11.899495156881231,Lajpat Nagar,1.5973035618987004
28.47903064162853,77.1281285583973,opp. honda showroom,5.652797244914662,13.274672926825097,16.367404073809436,21.135868740792823,30.866055021622547,21.859356394045765,9.010204597045893,22.083008807685353,21.806439759675044,15.299941432907014,25.88390417668375,14.914442506397021,9.18490727060283,10.520295602054754,14.354788059429124,12.652971806111724,24.195874694277546,19.03328392882976,18.18649626356683,14.951305888987676,24.34363321808161,20.176032811810128,14.945930833260187,26.74567451334546,23.91865796303498,Vasant Kunj,5.652797244914662
28.47901236992141,77.12812788784505,ayanagar phase 1 opp. honda showroom ,5.654643919024916,13.275907681263464,16.369360409653062,21.137899680392618,30.868019243340402,21.860364319380306,9.012119615595532,22.084851308831983,21.80784244444139,15.300767811159442,25.88588927551789,14.916120410123492,9.186081068517279,10.521851024427782,14.35595143781436,12.654587969996067,24.1979072174411,19.035123802538195,18.188524801710997,14.952420127917227,24.345185866663932,20.17798854773222,14.947321165484519,26.747358141704,23.920550280695192,Vasant Kunj,5.654643919024916
28.73521237281975,77.19769030809402,A1 block near jharoda dairy sant nagar sant nagar main road Delhi 110084,23.815010751262434,21.154596455784137,16.543211670402897,10.152271637818924,13.855418801318432,22.158072329939028,22.070325115705533,9.343801862774793,16.871928790554424,23.894451267004683,3.427230334716464,21.731978576182033,23.446277983020956,20.66273133385795,21.313455193128377,18.720698641355977,7.695613336725817,11.68043088842225,12.674614735714114,21.547559430065608,14.10864128378107,9.287559733589436,19.146322280788244,11.229005241071219,7.040639229597402,Model Town,3.427230334716464
28.75778785343973,77.14921474456787, shukarBazar road Swaroop Nagar,25.944628839526626,24.86635778359227,16.254254632029294,10.120356121843175,9.086219807795178,27.015204132381406,22.924152580292915,13.789059763175894,21.74691761617368,27.990061302037795,7.328557235884288,20.99578642984712,26.53803890345927,23.6976805231433,25.22205376536385,22.006631481234134,7.003140720296215,15.508786048151721,13.089369996634613,25.560341478851086,19.23378807303613,12.456335216989629,23.036387076889646,16.530300521133505,11.666942193827147,Pitampura,7.003140720296215
28.75770966972524,77.14921072125435,A79 Super Bazar road sarurpur Delhi,25.935943691590783,24.85835699919049,16.2460294203304,10.111796896941147,9.084944725547029,27.008768506210277,22.915570015136037,13.78216565657425,21.740590821309826,27.982393835646604,7.321776037399813,20.987971744078937,26.529624432797984,23.68926260757957,25.21422366935567,21.998366064617816,6.994601981989117,15.501082455206733,13.080776643673564,25.5526113774456,19.228239069204246,12.448246652551543,23.028568095113595,16.525712498807327,11.660466944354729,Pitampura,6.994601981989117
28.54018393695911,77.2766662761569,A133 phase 2 industrial area,12.109511607785215,3.8193789910649505,20.55878054498097,20.545399393797588,31.667167143028827,5.899673039218511,17.34759341582893,13.671545920864652,7.917049867798815,1.0970127737624777,19.99941006050013,23.25448816681649,7.0634566579615115,7.548761300053369,2.68129947910712,7.170877428057608,22.390927264121135,11.72108728446586,18.899169870906984,2.0016379520967797,11.410234874076611,14.980887917096023,4.484357789978948,14.895051805209103,15.985303454301548,Okhla,1.0970127737624777
28.66138643642384,77.08443034440279,Mein hero electric shoram sayed gao ,16.667848499233596,19.612549353683356,4.4029883681776205,4.135964779118306,10.15869328656816,25.641456818679956,11.794538170559452,14.244557068868104,21.31372560734434,23.4627707146395,11.6833731856338,8.568864704109306,19.337931123605173,16.809758580597126,20.504400640358316,16.122266457289662,6.08673238142071,13.328355120279303,4.233387765536156,21.117091468501233,20.68531097247699,10.442147531154268,18.665794524510122,20.005630619800325,13.818348492166804,Punjabi Bagh,4.135964779118306
28.76366322143889,77.14882045984268,gali number 1 Swaroop Nagar nearby Ravi ki factory manipurta Road,26.59853983631794,25.492224692164715,16.849611670566535,10.74989327180757,9.138216370513279,27.54500425191784,23.555529122502836,14.35028834931109,22.270321735758387,28.596741812201525,7.886405051295886,21.553278027860117,27.184909796100605,24.344724929736568,25.838300603975043,22.64652069749247,7.631154765189027,16.118402721932863,13.722472847171451,26.170793210581692,19.706496499717794,13.087579317362179,23.652088298473057,16.939126963753804,12.2027381409904,Pitampura,7.631154765189027
28.70327078643621,77.18259014189243,GT KARNAL ROAD AZAD PUR DELHI. 110009.,20.073354547498468,18.070683139120714,12.938428066330644,6.709510101631498,13.322057001245097,20.31887597968946,18.23221515053156,7.0040759683078875,15.104663852677442,21.119115040064997,1.0839216457373249,18.178788262586984,20.016091462732312,17.194791808328144,18.377001794952523,15.365035838792316,4.970424797928599,8.646626231944554,8.971557494538006,18.697392700142863,12.956635799996834,5.769408947179596,16.190213104358445,10.888102873476667,5.090020444489018,Model Town,1.0839216457373249
28.70373572110346,77.18246944248675,GT KARNAL ROAD AZAD PUR DELHI 110009,20.12292076405686,18.12351731766269,12.966227551130029,6.729253453145655,13.291334703792733,20.364464822145752,18.27340088424897,7.050573063009737,15.148853570068187,21.170990065427887,1.0898124575280668,18.20534370443546,20.068813961833918,17.24740595911456,18.42943016507765,15.417994683281105,4.96677018302573,8.698876288076576,9.00284470665363,18.7495065487334,12.994060596422182,5.8222503270392645,16.242643459353324,10.91501310584968,5.129823708296056,Model Town,1.0898124575280668
28.8579447610864,77.09300436079502,1961main Arya Samaj road ,37.55168856872699,37.2376525760729,26.25188406909943,21.24198584841275,12.582819836945136,39.188610299123326,33.559422564729275,26.12207062093617,33.901558634229815,40.40043171418511,19.668708835695696,29.913813214858866,38.69761505730775,35.86336449744607,37.6222421741525,34.28362893933455,18.342912992714595,27.918386749447283,24.123699260093257,37.96852920135084,31.10938992758237,24.819178952936948,35.438043622430364,28.01235369797584,23.919457625787466,Rohini,12.582819836945136
28.85799967197806,77.09306806325912,1961main Arya Samaj road,37.556733194820985,37.2409249389819,26.258109490024342,21.247085428874524,12.590431651150563,39.18998056428261,33.56540140416287,26.12413211931841,33.9029272359491,40.40322509756114,19.670908045116573,29.92079895597555,38.701685982813096,35.86739614277984,37.62525989049161,34.287319102661286,18.347593193202403,27.92121077363189,24.129033424336985,37.9714066935526,31.11017664504512,24.82242796356135,35.44103757407021,28.012582495062812,23.92126486723672,Rohini,12.590431651150563
28.67140710836428,77.15529967099428,Ashok parak metro station phool bagh ,16.3358179272634,15.91738894520986,8.584365705830978,2.8797376612130945,12.96346607244911,20.06887093021448,13.901309417330166,7.5104574049937645,15.241473262713592,19.414701299705683,5.251709227320071,13.840526928255656,17.085870440342656,14.25403802506329,16.48858512056224,12.75826246820706,3.5951355860391274,7.455742003969377,4.563530716992412,16.95112749293396,14.0499741668978,4.095156570171072,14.367565530943724,13.046264389409094,6.8243264540435415,Punjabi Bagh,2.8797376612130945
28.67134945171814,77.15516220778227,Ashok parak metro station phool bagh ,16.32930822723682,15.91875136754208,8.569963729705465,2.865814163155345,12.957799957914533,20.076444547873738,13.890194949446618,7.522089279586985,15.250564015459533,19.417501904261233,5.2657568978343265,13.82610450655232,17.083681622927717,14.252061141252982,16.49094475401135,12.758064265754868,3.591755914696853,7.462718257350502,4.549497137540956,16.953985671094486,14.06149530462625,4.103157078759869,14.370432141831081,13.059803034754601,6.838235402941308,Punjabi Bagh,2.865814163155345
28.76742428265578,77.16274715960026,kh.1165 main road kushak no.02 kadipur,27.02543122276148,25.456997417466773,17.756214324388722,11.508489097608136,10.549080831426043,27.049964979670168,24.271875959580356,14.012788408321956,21.763441132152515,28.433418817932992,7.605897449188303,22.578125895062886,27.348824108921594,24.515622193857798,25.736901901383458,22.736233136545646,8.419721589838094,16.003975820152004,14.445554968622671,26.0332188602837,19.050930090993496,13.135857346049942,23.551404463986326,16.130259766546803,11.783243543265135,Model Town,7.605897449188303
28.76940806514299,77.16229688376188,kh no 1153 block B gali no 09 kushak no 2 kadipur,27.244567186214226,25.68080905331104,17.939606301313688,11.704850725207331,10.550198268443081,27.25419942255578,24.474431046765563,14.228240166047335,21.967424141951142,28.654191968594446,7.825991089708746,22.746870463521553,27.57356393501925,24.74028613145906,25.959428826412292,22.96113630551249,8.61132808581515,16.226750648315562,14.645971442185402,26.25482787237732,19.243110770225247,13.360745038050627,23.774031549355026,16.306805093705552,11.995135997996657,Model Town,7.825991089708746
28.72709419001825,77.21198648214339,khasra no 37/7 Gali no 15 need PANCHSEEL ASHRAM ,23.227518938815503,20.040185088647924,16.84053328785444,10.587110028965515,15.361264669082926,20.635249274682035,21.921031067045302,8.082936259980562,15.356109615416564,22.62981363471316,3.0775299038455604,22.082063956392844,22.533580006477308,19.792715207458414,20.127741143930358,17.78047945088936,8.487752361367109,10.639529859459827,12.859389629230959,20.323331648554056,12.50908967220298,8.610490334390917,17.981996980835337,9.574517214863844,5.7563706117589755,Model Town,3.0775299038455604
28.72718062892191,77.21185404807329,khasra no 37/7 Gali no 15 near panchseel asram ,23.233695440972777,20.051399523097203,16.837918302753714,10.58272866720412,15.346965648414606,20.65031009289067,21.922923392134877,8.095171643170978,15.371076413525264,22.642498175524675,3.077858786593464,22.079121142670886,22.542891206219323,19.801557321372886,20.13964271059517,17.78995432236796,8.479760681562718,10.64969811608908,12.857619103422131,20.3356048445154,12.524784284088831,8.616750356526696,17.993655800865774,9.590608444369893,5.768603052779211,Model Town,3.077858786593464
28.70935123940073,77.12508425116539,sri sai baba apartment Rohini sec 9 delhi 110085,20.74740571816697,21.05387714908017,10.38226956947981,4.476440886425571,8.034481829055855,24.93590300580799,17.204710429212618,11.843812233156997,19.92291166535026,24.560053065488663,6.703035910912043,15.150430194930365,22.040872710399224,19.233779302573456,21.635212939746726,17.847150884191013,1.578611073507286,12.443033380745605,7.439217591846449,22.09609710226013,18.23046258736898,9.057189951325144,19.51254735217813,16.472802173834992,10.40404819997576,Pitampura,1.578611073507286
28.57646311239069,77.25557673722507,26hari nagar ashram,11.48121906299821,3.529021353754007,17.14120958554205,16.319040534113263,27.332391858407647,6.905724398641593,15.359552764799105,9.203237409077618,5.307274435350327,5.361328129741779,15.478762947914467,20.53719394160291,7.501307474055293,6.197576914770695,3.038128024071685,4.568354704801899,17.984212142138144,7.201140008437987,14.956422333152098,3.069940592037989,8.201206537054533,10.498589737625892,1.5601165074481504,11.293668084248447,11.52771903894974,Lajpat Nagar,1.5601165074481504
28.61901620891975,77.01450683176517,"plot No.19, Arjun park, Najafgrh ",17.205024496919844,23.256427051119985,7.161199984477919,12.213969470023208,15.065618205519398,30.880660434431828,10.88429601403295,21.4617857960165,27.3707914392664,27.099165527102247,19.897406148753728,4.290668647731636,21.50204278832606,19.70577333418561,24.382373744962305,19.937393143897786,14.36314448583771,19.78357470897257,10.820753421104047,25.091686724362038,27.509243431999437,17.599007788939698,23.036219064706014,27.467661345275374,21.515372671604187,Dwarka,4.290668647731636
28.57648401710586,77.25562937557697,26hari nagar ashram ,11.48683087920963,3.533479349915027,17.145433968759725,16.32155804215319,27.33440536115551,6.900817431877903,15.364977309883296,9.202377118336091,5.3019618443083925,5.361881860426885,15.478631291394462,20.542116550390187,7.506376804987859,6.203199205820888,3.0411409255376296,4.573886459741331,17.98592492049361,7.201874846788228,14.95975721817473,3.071730366927839,8.196733850460262,10.499823464261983,1.5655832484907874,11.289959321551443,11.526805117819633,Lajpat Nagar,1.5655832484907874
28.61918661626787,77.01351508498192,"plot No.19, Arjun park, Najafgrh ",17.29332523408619,23.353962610233612,7.257088483249183,12.291608230785053,15.074007835467684,30.979281535361537,10.970817584726644,21.553124375619717,27.46823566078663,27.196288102776606,19.973409490635298,4.373589720665917,21.59580352402975,19.802265522040393,24.48020113010803,20.035552962681336,14.429310832706436,19.878805344403695,10.91018472978592,25.189607307844636,27.60390600441864,17.689776054713633,23.134705777942393,27.55785187120028,21.60216085437463,Dwarka,4.373589720665917
28.61915129870549,77.01351206749678,"plot No.19, Arjun park, Najafgrh ",17.291170185573602,23.35292021023826,7.257548303355799,12.293646322256965,15.077862071166322,30.978894911486666,10.968538829556142,21.554167178274724,27.468382477501482,27.19514790193878,19.97553875461532,4.371100323378019,21.594149253018635,19.801000831480845,24.47923971459364,20.03470544366058,14.431891778477915,19.87937336016994,10.911406284252385,25.188674832250438,27.604557179411064,17.69087504437908,23.13402336560304,27.55900759839214,21.60360636886571,Dwarka,4.371100323378019
28.61844347338796,77.01339572668076,shop no 4 plot no 15 Rana ji enclave near metro pillar no 53 najafgarh new delhi 43 ,17.252453573970303,23.337301088792383,7.272653101390016,12.33953766984771,15.156627696362575,30.976624774882065,10.92728824552919,21.58055557127339,27.476893592881012,27.177499004983634,20.02311475673589,4.325674212235106,21.565892312102577,19.780829664370227,24.465276246024615,20.023104290551892,14.488108303638407,19.89635653622193,10.941445500482557,25.175300907241283,27.623151934565783,17.71840155832285,23.12577331407339,27.587593382522495,21.63791011368793,Dwarka,4.325674212235106
28.61997242895843,77.03999284654856,A 54 gulab bagh app. matro pill'750,15.383346607921832,20.97095371683165,4.671270737430954,10.006076970622098,14.481492160743953,28.4535983995198,9.19850775118126,19.00427125893213,24.88959245988813,24.837738698754144,17.69665257357265,3.1542652466786825,19.42687046347262,17.49210497398588,22.07426989045673,17.605075398580293,12.391342218349049,17.29477181528993,8.395900946578545,22.775645083092876,25.022638319701212,15.149463967845408,20.664252948563387,25.022681486828535,19.120010428043777,Dwarka,3.1542652466786825
28.62006543111989,77.04000055789948,A 54 gulab bagh app. matro pill. 750,15.389936723504526,20.9741760220729,4.67005362520287,9.999800999225634,14.471131204448241,28.454836520642015,9.206001523396663,19.001338304211593,24.88931090762757,24.841169379284278,17.69051271803858,3.164287435633699,19.431887066044002,17.496067827127046,22.077236136013774,17.60780841107951,12.38368400473308,17.29325020201683,8.39209937471475,22.778515381008308,25.02089096634254,15.146305784770812,20.666433341942653,25.01947320448942,19.115889055327283,Dwarka,3.164287435633699
28.61255847900552,76.99394602328539,16/2 roshan mandi najafagarh delhi,18.4440478564654,24.94116675852084,9.219902365751135,14.330133045987163,16.39410660488483,32.7509022871048,12.103910364726463,23.571949378091286,29.360523598023086,28.745585758750455,22.005615188867004,5.567719618595351,22.95966261325144,21.319788330009658,26.092200125250997,21.689354856516772,16.410912074285655,21.844071921864835,12.943555341813317,26.809973426999168,29.578610260426007,19.713671669655785,24.832618738000626,29.585219056067256,23.64536894707433,Dwarka,5.567719618595351
28.73392117322624,77.11167924106121,E2/163 GANESH CHOWK SECTOR 11 ROHINI DELHI,23.650063753779982,24.066833124544406,12.67214659527542,7.34002147037356,5.648344582661463,27.68309253743773,19.794531304125137,14.44144791512347,22.581449524141117,27.54326755998541,8.628313225881556,17.02209950995286,25.06174488946753,22.258432531844292,24.629892937319802,20.87404206144044,4.607235114917358,15.318578699871416,10.21626585956154,25.07868510494498,20.641726668750092,11.953704458105626,22.49611581752279,18.54534576420068,12.758306632414183,Pitampura,4.607235114917358
28.73392440712496,77.11166515946388,E2/163 GANESH CHOWK SECTOR 11 ROHINI,23.650657878127866,24.067849070231485,12.672247599148523,7.340634217489066,5.646927330447269,27.684365939045254,19.79481122799786,14.442763388231747,22.58275574386361,27.544348881476697,8.629720367956887,17.021915434977483,25.062587029234294,22.259296713033162,24.63095261083669,20.874992938758236,4.608155603253269,15.319764639069193,10.216760422637211,25.079766548013033,20.643096720566355,11.954866661710716,22.497194469879492,18.546756089096522,12.759675838882746,Pitampura,4.608155603253269
28.72972231235135,77.08591427654027,sector 24 Rohini,23.767578804558696,25.07655956431246,11.990705418387488,7.787786902083257,3.607208423438464,29.34506093302908,19.343702511396245,16.28435993744792,24.35839621842833,28.69451519565979,10.866516182950383,15.790682230192488,25.680468383655313,22.93939141690684,25.73987388268828,21.753200628941393,5.825786098111403,16.79476146595667,10.32104399948122,26.239097754210544,22.649916923063394,13.4071600245786,23.661094271717754,20.76394736394445,14.79549235964674,Rohini,3.607208423438464
28.67323386628644,77.15931963175535,"50/7,onkar nagar B,Tri nagar",16.546603691895783,15.897308567614687,9.016089670400893,3.2926975631679287,13.125413182326055,19.859999599746228,14.243657783324208,7.179690659947539,14.987086810296853,19.35047875358944,4.83175432535815,14.272570690135526,17.17052426343745,14.333586469169948,16.4384847524005,12.78613837690946,3.707984109009238,7.2722048441733245,4.98676533925182,16.885919053319824,13.719909419247848,3.8886532005920436,14.303154481665176,12.651582367294239,6.418539949962395,Punjabi Bagh,3.2926975631679287
28.67328181457585,77.15934243053199,"50/7,onkar nagar B,Tri nagar",16.55200265677858,15.900878889667009,9.021186406771111,3.295647361572349,13.12367092966852,19.86123218720834,14.24943312190303,7.1789523451649755,14.987641106474662,19.35356293558265,4.826366608826717,14.277663287053247,17.17506133854765,14.338090436424563,16.441734739909386,12.790194046542545,3.7058383889437203,7.27389535914265,4.992039110383121,16.88900031648029,13.719129195741736,3.890146517968966,14.306256173976749,12.649334544669458,6.416009267396782,Punjabi Bagh,3.295647361572349
28.6858732170185,77.25486595183611,3 Rd Pusta Usmanpur Parsadi Mohalla ,20.46806980699979,15.367554417115816,17.786260283599837,12.718788701317768,20.593594061098,14.557747890574626,20.890290358140266,4.07809574525768,9.3295427750516,17.335989476731278,6.328208886075441,22.89560790180433,18.552205887845254,16.08917610244596,15.179120774660381,13.903475452782791,12.024431404255147,7.1008634738859575,13.822344528892339,15.224450994024808,6.311244151955148,7.295014972406548,13.190347872578153,3.594486566251354,3.09056127705647,Civil Lines,3.09056127705647
28.6734262476341,77.15937696397305,"50/7,onkar nagar B,Tri nagar",16.568161378442053,15.913262993368114,9.033967872856687,3.301282584862833,13.115889549469406,19.867682670146507,14.265475575869168,7.179966399538337,14.992258995204514,19.364773240672502,4.812452454810115,14.290426370579134,17.189626415136136,14.352585858701705,16.453350385053717,12.803704557166919,3.6970329004452456,7.281571897511259,5.0055105432263085,16.900204225326867,13.720011341310919,3.897321529721084,14.317511227048229,12.645907950182952,6.41173742945029,Punjabi Bagh,3.301282584862833
28.544989740647,76.97707727551459,kanganheri ,17.432717213903857,25.557260775636507,13.78479171159346,20.03795697763039,24.014422673267752,34.198631179847176,12.07078017194484,27.64164244901389,31.83653017065528,28.96970850980094,27.59731157617963,8.529011843791473,22.537028638813954,21.789543296940103,26.789535193070424,22.882757951633454,22.659609039048853,25.296688351183807,17.833690101173662,27.521282875403433,32.861103021325846,24.022836942063435,26.10427450566431,33.64519336634876,28.282127026421144,Dwarka,8.529011843791473
28.73649885272286,77.19063777476549,Ishu vihar mukand pur part 2 ,23.842860078425662,21.435080280852517,16.21801671987911,9.79961742939372,13.156092527797622,22.670125068780663,21.912681329149592,9.730861032664361,17.38316200553236,24.25048521892326,3.558733372117505,21.376511379619878,23.624619462959362,20.8249252261345,21.630293348861255,18.919745940389827,7.222123580611118,11.948936443513228,12.407400394450551,21.88432408251915,14.683809297485515,9.406997994806133,19.455158018019798,11.865530459800716,7.456049023012455,Model Town,3.558733372117505
28.80152422104184,77.13773757219315,Kh No 52/11Near Hanuman temple outer firni road alipur,30.8445263914459,29.819788547698376,20.558462985093623,14.770066083161574,9.812406920176647,31.550750435876353,27.52610436946126,18.509005127952527,26.26375204108165,32.876666485855594,12.075185266514202,24.9468152751278,31.527916045995127,28.687474743338093,30.144607129486598,26.99235988797828,11.679524144531648,20.413850986942585,17.748314085933707,30.462128517928562,23.503025767300407,17.42632948529309,27.957816141043402,20.482256993447578,16.289333370853647,Rohini,9.812406920176647
28.7707731794832,77.04965215176344,tiranga house near Radha Krishna Mandir Bank of Baroda pooth khurd ,29.21619237948381,30.848951808142985,16.96695954566184,13.531436093012271,2.4685527961411204,34.947497311661444,24.35989386241144,21.740917343955648,29.875198897280026,34.465430238738314,15.84666951113609,19.87074523824181,31.376158086195947,28.66026634988008,31.512432868081863,27.51613173168081,11.524101810611164,22.478492498632807,15.917490247399629,32.00871686411392,27.93078174855921,19.091060677994445,29.42940649545638,25.71477705945262,20.05028397523719,Rohini,2.4685527961411204
28.51848690894764,77.23902247846127,J-201 202 Dakshinpuri,8.333570074135814,3.3263331440058046,18.716563000811554,20.061315764873285,31.250477721221873,10.296421142625197,14.213181320268825,15.336661729603493,11.498257734691107,3.608852631602942,21.164504185004805,20.55258003199674,3.2374760320092597,5.125710787895295,3.640613955188516,6.113663203890628,22.382863371788602,12.754136855519391,17.90251878956646,3.9044281944805093,14.73737389983686,15.56120353287973,5.486721589224631,17.935382301708483,17.634593192750533,Saket,3.2374760320092597
28.51848690894764,77.23902247846127,J-201 202 DAKSHINPURI,8.333570074135814,3.3263331440058046,18.716563000811554,20.061315764873285,31.250477721221873,10.296421142625197,14.213181320268825,15.336661729603493,11.498257734691107,3.608852631602942,21.164504185004805,20.55258003199674,3.2374760320092597,5.125710787895295,3.640613955188516,6.113663203890628,22.382863371788602,12.754136855519391,17.90251878956646,3.9044281944805093,14.73737389983686,15.56120353287973,5.486721589224631,17.935382301708483,17.634593192750533,Saket,3.2374760320092597
28.67108411307028,77.20655366778374,63 subji mandi main bazaar ,17.087879089571143,13.9981268547509,12.814157480024125,7.871830420236054,17.029001288732587,16.13308362714238,16.473412859617596,2.8472970765857513,10.98809442869888,16.901444589246164,3.9351782647982607,17.963128670234287,16.29941032776697,13.545314418708049,14.218240894647513,11.556283463788825,7.788326259429616,4.511531070987474,8.832238638637515,14.501588309673318,9.25408366279269,2.623580620816926,12.036548290880242,8.048715248128742,1.9012460688346693,Civil Lines,1.9012460688346693
28.67106057967662,77.20656037330627,63 subji mandi main bazaar,17.08557983632199,13.995429999228772,12.813633855799202,7.872412351163316,17.030902968947657,16.130802929974735,16.471797791715854,2.84524440389381,10.985954856657287,16.898777741682583,3.937866569303745,17.962421864005723,16.296793365327506,13.542730926446973,14.21554970372395,11.553648741622892,7.78988978008618,4.50883449823704,8.831908669956322,14.498908683709173,9.252543072083334,2.6218347479025463,12.03385520010807,8.048157389052234,1.9014731269031249,Civil Lines,1.9014731269031249
28.6539262782579,77.13487464934586,A-1 CHOTTEY LAL PARK OPP METRO PILLOR NO 343,14.51218676140442,15.505687032149417,5.812718825602483,1.9009358023719414,13.08188098317886,20.821020260314143,11.387511023514048,9.314660716335178,16.35877825589322,19.231148562698035,8.0355018435319,11.06854190132249,16.004983496939353,13.252792231332705,16.256617287533665,12.115212308773598,4.752270205966636,8.36545632931715,1.7799571376301935,16.807573149213155,15.705908125749955,5.471485717416745,14.266752068121896,15.197581329267143,9.147523310844056,Rajouri Garden,1.7799571376301935
28.65392215924018,77.13485721498729,A-1 Chottey lal park opp metro pillor 342,14.511951699887994,15.506453269302941,5.8110935825651175,1.9005595249363767,13.081259262396754,20.82234226373676,11.386565228615511,9.316373889082596,16.360263059640413,19.232018124994234,8.03703570267758,11.066923920169662,16.00531663361702,13.253208513223377,16.25748006792816,12.115878120878822,4.752634453750089,8.366944027251803,1.7784389609862503,16.808480604217568,15.707562847603597,5.4731667572181255,14.267704758486452,15.19933102392725,9.149284839343618,Rajouri Garden,1.7784389609862503
28.6539227476713,77.13489577174187,A-1 CHOTTEY LAL PARK OPP METRO PILLOR NO 342,14.511532213507502,15.504042115944738,5.814107802522992,1.902234324032245,13.083403510463627,20.818998704691815,11.387753091821637,9.312611259108888,16.356694523679696,19.229421018185953,8.034308317880958,11.06991407329774,16.00372824500446,13.25145729631354,16.254895039367597,12.113651863245549,4.75277577646602,8.363371864625508,1.781121310167063,16.805816494563608,15.703820659609505,5.469410317695192,14.264961546027497,15.195599207898512,9.145650685619408,Rajouri Garden,1.781121310167063
28.73899033354608,77.18546479940414,krishna enclave opp hari park near gopal chock part 2 ,24.047123869702205,21.820129257946384,16.13345984487205,9.702800539949846,12.626330833079564,23.190615351823496,21.969847065327162,10.191744295113475,17.904426918624388,24.68248943505582,3.9054483839232916,21.258736766946594,23.939271502191552,21.129805187640468,22.038702543078777,19.25165538460378,7.014144642194011,12.334632459789052,12.382186396683691,22.305197798145425,15.234469173179837,9.69850340814756,19.859553742632603,12.436585146489108,7.9369723345214345,Model Town,3.9054483839232916
28.64646117572595,77.0342455431819,house no A3 G Floor vikash Kunj vikas nagar uttam nagar new delhi 110059,17.906351490444028,22.74486755865335,5.897193994311271,9.290587738466156,11.650269217171694,29.697456059840473,11.91390013876694,19.161523548150477,25.748980686232574,26.640913327347715,16.836726789765624,6.152612453168387,21.613007998085326,19.45946737099921,23.7809648547836,19.28859397979886,11.063882151767825,17.883460675649438,8.584663171872219,24.455407531127364,25.471566487775956,15.29853839780229,22.189886038892432,25.040592110117004,18.911227904269843,Janakpuri,5.897193994311271
28.53754134365079,77.26333938539028,278/4 Govindpuri Kalkaji opposite jain mandir,10.779488533273048,2.692669625456944,19.53954408840463,19.85004166745179,31.02234893282464,7.15063919810688,16.08876597777174,13.58281024062907,8.57784854012004,1.2205689253837533,19.784011148109137,22.07531020668444,5.729492900120722,6.316378081952007,1.7668474857007486,6.16582841721127,21.832784497659976,11.397078038105057,18.06589495381781,1.349093629640662,11.970923197400097,14.550541537538832,3.892769349989849,15.345990452789296,15.909130858860692,Okhla,1.2205689253837533
28.73248942824885,77.19065252691507,gali no1 Pragati enlceve,23.402400761028215,20.99998162662084,15.871148935827,9.464065376613794,13.213812247502661,22.308593736315157,21.506200049247806,9.322897988088235,17.02251747798349,23.830013500513406,3.1144544686100817,21.044844144919523,23.179686136349524,20.379481260620288,21.20146831752077,18.476056986885382,6.958419560201228,11.513400800079838,12.035096490824438,21.459610780197206,14.365540328849864,8.961168074229416,19.02504166922473,11.607719326255785,7.059985410485053,Model Town,3.1144544686100817
28.73536054224446,77.00604982674122,kanjawala opposite post office ,27.536393999178998,30.78397325088516,14.925516988092834,13.817501525847247,5.1604205987319975,36.18726756090473,21.930110737231864,23.577637800283554,31.441572205300805,34.60029598710133,18.606154796961015,16.3997944722502,30.542893852671657,28.03892442935867,31.62882498261209,27.307536365545413,13.03522047975334,23.57178072142201,15.321948574404036,32.214842568434236,30.07418887358568,20.278500457821096,29.708803642248114,28.435101707946902,22.331161914249897,Rohini,5.1604205987319975
28.73537700550092,77.00602266937494,kanjhawala opposite post office ,27.539342094766624,30.78716281487035,14.928479691910221,13.8207176285391,5.1623906972460825,36.19047732190989,21.93288139464188,23.58077700320249,31.44475740840357,34.60349513522067,18.609093089338756,16.402202481437108,30.545996795682065,28.042063377299847,31.6320257814584,27.310720022029958,13.038324288479751,23.574985660232215,15.325138756954951,32.21804780173059,30.077306524719123,20.281692238138913,29.712014269956118,28.438111534249177,22.334228662551627,Rohini,5.1623906972460825
28.73534790081366,77.00603473931551,kanjhawala opposite post office ,27.535969815155905,30.784110951813666,14.925115640078328,13.817997587215412,5.162248218318005,36.18782857525474,21.9294496305858,23.57847952234568,31.44226693534456,34.60048273388403,18.607343735590735,16.39877911289883,30.542759276009196,28.038883034873216,31.629021285288314,27.307647737261842,13.036145101773807,23.57237621935994,15.322089231059493,32.21506688128567,30.075082950441402,20.279166696425214,29.7090689757101,28.436192500948863,22.332158997668444,Rohini,5.162248218318005
28.53261796724856,77.2617169842124,"B -135, Nehru Camp Govind Puri Kalka Ji",10.561898264674117,2.8521420925366305,19.671596138006635,20.15251785600819,31.338979304477466,7.5793829476885115,16.012492532679676,14.079865412893811,9.145936710642742,1.1398513976022595,20.246410450016203,22.08124253417376,5.45971224617921,6.301511217857717,2.1254775548703955,6.34848388187658,22.188139060972738,11.841266217962394,18.306275695768772,1.8437494366482752,12.540758563855142,14.957531485874703,4.303939271007645,15.912106732852934,16.406415000011567,Okhla,1.1398513976022595
28.51062034616894,77.20034804195166,"khasra no.105, near gate no.1, freedom fighter enclave neb Sarai",4.784152777541965,5.628979195928702,16.550452130719844,19.062419413402555,30.03442219192628,13.979584144253947,11.035571776138175,16.44978587807057,14.354289127944678,7.463013445955884,21.57961021976975,17.588569640022598,1.659832926338012,4.312168847460947,6.58565116611678,6.361626519478968,21.723785468756265,13.535725151271562,16.535584982988922,7.128832717899442,17.250605220134158,15.736645968662696,7.597657306720421,20.09343168467221,18.612371538067908,Saket,1.659832926338012
28.79722759524131,77.13687423616648,KH NO 61/64 MAIN NARELA BHORGHAR ROAD ALIPUR ,30.37192554423538,29.39768708628721,20.07440175114502,14.287263819697833,9.468397893781647,31.21342634350966,27.041386424000642,18.135626430938665,25.92712526270112,32.474297024925676,11.690388501910716,24.47088029222781,31.079654592368335,28.239065810405716,29.732405151534937,26.554008783984145,11.198553482903428,20.004867920790847,17.265140231014005,30.05563678237234,23.19957373859538,16.99672642092569,27.545719533289578,20.215557750957736,15.929214808006774,Rohini,9.468397893781647
28.7130636795912,77.07987293601036,kh.nob106|6 main kanjhwala Roab near Brahm shakti hospital,22.180655288605255,23.990370631183513,10.166399204837857,6.637339136726913,4.638825154720766,28.760352049387166,17.55270285707745,15.978238972854001,23.910421324385748,27.691536069547634,11.131198004246356,13.850703975513017,24.344207804481353,21.6534829606072,24.720703075090796,20.599332885810373,5.421854731733512,16.13837056154009,8.861981163099001,25.25400241165088,22.46301339597376,12.789054641291987,22.693766917761174,20.86265265349701,14.724781478390723,Rohini,4.638825154720766
28.51059500912638,77.2006169334054,"B-27, freedom fighter ENCLAVE , neb sarai",4.80993279985668,5.613638450967441,16.57000804733058,19.075049338288235,30.049189002705628,13.957880858604247,11.060204515173314,16.44791160199206,14.339608361179145,7.43881352706637,21.583243392493593,17.612536769421,1.6529804207589003,4.315213623259193,6.567670284226321,6.360574657732366,21.734520169189295,13.535450861873409,16.550231485079166,7.1095009787053565,17.238900831589675,15.741019257194752,7.585609839153067,20.08468130846771,18.611789134873447,Saket,1.6529804207589003
28.5105083917488,77.20055021345615,"B-27/F , freedom fighter ENCLAVE, neb sarai",4.806870883278638,5.625171898646367,16.57287643529524,19.0814608274299,30.054656450195548,13.968224539190414,11.058837720761257,16.45854116528572,14.351180522215753,7.447942885563118,21.592664326369984,17.61191426475802,1.6642970483677493,4.324773179750088,6.578914179918036,6.371046794681421,21.74168668357707,13.545774369288717,16.55575345195052,7.120500284715849,17.25052591730792,15.75024208485388,7.597238609177492,20.09617883082776,18.622175497889224,Saket,1.6642970483677493
28.71863076966922,77.08377856761217,pkt 11A Rohini sector 23,22.648391663446862,24.226126463579174,10.763123996434851,6.871191634244708,4.333590914072521,28.79118128153374,18.1307236464152,15.889261390994426,23.88477544825688,27.89329697095311,10.823193604443945,14.544472109471307,24.69187802064131,21.976815864857148,24.927963451152053,20.862716739594887,5.319977367850487,16.187103454039402,9.254050735042973,25.447013877486775,22.336902135843292,12.815994196578572,22.877751879798176,20.630913433586276,14.54551793011985,Rohini,4.333590914072521
28.79717470897341,77.13688898831606,kh no 61/64 main narela bhorghar road alipur DELHI ,30.36597462003883,29.391666851772754,20.069034130184168,14.281507519658554,9.46628778740727,31.207835099243926,27.0357496675209,18.129820175743305,25.921541359707064,32.468344108935966,11.684527840027908,24.465921203016784,31.07360182861521,28.233013104762342,29.72641541352122,26.547958160109303,11.192736322453975,19.998891716098527,17.259400238038044,30.049667865290342,23.194229813861362,16.99068989910014,27.539730460466924,20.210509762856177,15.923488441945347,Rohini,9.46628778740727
28.51876117631595,77.16194350272417,A- 73/9 Kishangarh Vasant Kunj New Delhi,1.0047425224584545,8.190568160073719,13.56286018673188,17.083290010766,27.633515525611962,17.03751675896319,7.344715193358012,16.676342537824137,16.435308786039013,10.951553682617515,20.89411384619134,13.954797786263883,4.409357983604926,5.049823039168031,9.370376089284708,7.144636401034873,19.98680556465151,13.62869106582617,14.298595830411188,10.041462633232166,18.856727186058475,15.071926171141921,9.615388252239091,21.22952181774138,18.599237267282955,Vasant Kunj,1.0047425224584545
28.7030393475996,77.18242015689611,HANS cinema GT KARNAL ROAD AZAD PUR DELHI ,20.04556727588828,18.05120396243068,12.90858503816198,6.681285417654687,13.316714863141222,20.31167891458231,18.20180144966001,6.995929557712455,15.098968716299247,21.102714475338782,1.104100355065918,18.149138678049606,19.992486360219857,17.170844186748933,18.35911577338787,15.34259692522449,4.9502492410486445,8.629295158394545,8.941270806089653,18.680402974188254,12.95710138216507,5.746294583512071,16.1723238221433,10.896189174171132,5.088597706032293,Model Town,1.104100355065918
28.51772950309,77.2380293905735,shop no.54 55 D.D.A Central market dakshinpuri near j block,8.244155006259794,3.4110328096500595,18.692253455333006,20.07866942084501,31.26472508652428,10.42407682755925,14.145804971647154,15.415701221569707,11.618428499032536,3.7308107618962665,21.226846506487068,20.497541842725813,3.161607443153853,5.111825557660125,3.7526373279054472,6.1445754260367105,22.412583992490255,12.821016010139006,17.906035408125305,4.025848972756673,14.8517596080142,15.612662931151725,5.578497363743549,18.0429446989214,17.711332932995496,Saket,3.161607443153853
28.47145380089056,77.15615630149841,mahashaya farm main road jounapur,5.902230877056806,11.758249945330272,18.012064030157656,22.174981537174816,32.40109980732492,19.934536967930576,10.904368879610464,21.78162850852287,20.472294078938894,13.204566516728404,26.181188359578496,17.198046734556605,7.687095028583969,9.672489517908259,12.710077127548072,11.875273890527232,25.14415569891732,18.753078403152315,19.308125306256578,13.22648664020271,23.279624954010067,20.349590474232105,13.663537500714089,25.9620991541906,23.78121015165929,Vasant Kunj,5.902230877056806
28.47145409561664,77.15615630149841,mahashay farm main road jounapur,5.902198125893979,11.758226090670442,18.012033589395454,22.174949056797825,32.40106854320263,19.93451878791932,10.904340554793318,21.781597596964257,20.472269476317162,13.20455012506779,26.18115590790918,17.198021161504887,7.687069877528313,9.672460149232048,12.710054770253189,11.875244506292859,25.14412306868855,18.753047300484244,19.308093023353,13.226465264529413,23.27959832470077,20.349558160197095,13.663511824356007,25.96207075750907,23.781178713673853,Vasant Kunj,5.902198125893979
28.47145586397301,77.15615529567003,mahashay farm main road jounapur ,5.901998110473071,11.758150378809658,18.011814526405708,22.174741086944852,32.400851478770505,19.934491510460123,10.904121154887186,21.781444783125917,20.472186811393886,13.204536911665127,26.180974911874046,17.197806239692746,7.686982004915279,9.672327566759254,12.70999251323411,11.875111735763593,25.14391815094551,18.752891663846984,19.307882402993357,13.226411536147836,23.27949585577269,20.34938065599951,13.663418862688783,25.96194945682745,23.781017852072694,Vasant Kunj,5.901998110473071
28.47145409561664,77.15614926069975,mahashay farm main road jounapur ,5.902173601828702,11.758698000389076,18.011778671498895,22.174857453241874,32.400862191683565,19.935091400654628,10.903994413326844,21.781826191022105,20.472724130850725,13.205146071400872,26.181251912458443,17.19759078435292,7.687511111961472,9.672765564323079,12.710557972932607,11.87554925696697,25.144059122452887,18.75326416275661,19.30797457384407,13.226986938698497,23.279999473827978,20.349672828588492,13.66393949949642,25.962414315390053,23.78137308355546,Vasant Kunj,5.902173601828702
28.69098764664194,77.25465171039104,"J, 5 ground floor service road kartar nagar",20.958493910762773,15.931292810472858,18.001979416221396,12.79371662478622,20.38526475522972,15.069621545536643,21.2716925419556,4.539505480616348,9.857611089611815,17.903844110781836,6.144116781225285,23.141302710621872,19.097626955284728,16.619886491612622,15.747226742156789,14.437983150382044,11.96023012701165,7.5806654804723985,14.01131290859925,15.793497270431589,6.777272273444273,7.587819810916369,13.755244163784024,3.8629534682807645,3.3054567141789994,Civil Lines,3.3054567141789994
28.47145674815121,77.15615428984165,mahashay farm main road jounapur ,5.9018963500531,11.758146232307015,18.011686785814774,22.174630558531703,32.40072820680863,19.934518773738073,10.903986729393328,21.78138470464529,20.472177955132416,13.204572874239462,26.180891271305892,17.197668036898126,7.686969587612943,9.672283091970918,12.709997329341725,11.875067119284202,25.143811124192855,18.7528293359962,19.30776863165862,13.22642193595373,23.279473275480186,20.349300094521872,13.663402931303322,25.961913346815923,23.780951305025592,Vasant Kunj,5.9018963500531
28.73390323978622,77.12182335555553,"f-7A/36 sector-16 , Rohini",23.495402434632716,23.57048295797681,12.888894123969623,7.216752871406445,6.597721445814964,26.941781752167756,19.87413026332926,13.660306728927909,21.806057333775957,26.987181579242485,7.720650034365962,17.41705053524883,24.711009091969526,21.89181998008028,24.094667480067407,20.43618641729333,4.2695824589295155,14.673682560995292,10.163612367442713,24.523711608750393,19.788664192055222,11.337637855792796,21.945234737969685,17.62559438472417,11.910460206462465,Pitampura,4.2695824589295155
28.79147781937028,77.0338911563158,"hno 11,12,13 kh. no. 158/9 Bawana Kanjhawala road ",31.91609774493432,33.61296101303014,19.575457873011494,16.299023563034122,5.171809699580874,37.60492782671344,26.944949046066775,24.35312958578261,32.4973629346857,37.22077961094661,18.323347256524404,22.201242314018558,34.13611492983395,31.42475143819196,34.27047327202234,30.28339602887092,14.253506799974293,25.18494311455277,18.665807804004572,34.76261446331193,30.45444598331044,21.801239482716802,32.182101059581704,28.111073486074947,22.591610526392813,Rohini,5.171809699580874
28.78768971055626,77.03875802457333,"hno. 11,12,13 kh.no 158/9 Kanjhawala road near m.d Vidya bhawan",31.35131929149116,32.992456868883146,19.04536261002903,15.68709557266668,4.595418456113538,36.97069261843538,26.42480612636703,23.720027432243167,31.864038854874384,36.59527186956059,17.698665692802425,21.760052781899972,33.53614397678117,30.819658142973612,33.64616887100856,29.66773425989901,13.622959145451997,24.551689068990363,18.07475734275608,34.13659935313381,29.82718501012523,21.16831090591796,31.55571408857357,27.495753997766386,21.96246478950448,Rohini,4.595418456113538
28.79085049314238,77.03301876783371,hno.11/12/13 kh.no 158/9 Kanjhawala road near MD VIDYA BHAWAN,31.882656557031968,33.60768025404292,19.531380912490537,16.2879893570895,5.146041952828382,37.62411971708964,26.897780860649803,24.37722672448823,32.5207932116296,37.22006087925083,18.359174754083792,22.13629053471465,34.11767092364453,31.40913316720828,34.268577428211756,30.274460483456554,14.25951030987248,25.19617521448238,18.64342951980524,34.76245069759993,30.4876782841971,21.811631036590942,32.182364565790884,28.154091241255834,22.622619783829812,Rohini,5.146041952828382
28.50763406863343,77.25122753530741,G9/ 222 ratiya marg sangam vihar,9.68297874479313,4.695275964350017,20.40022062254225,21.727645032787198,32.92284068719921,10.133208276489981,15.729553034863246,16.645682330415646,12.106977894604475,3.3532084436269898,22.612583976430855,22.136597808958587,4.7465462677651535,6.820305367329564,4.644165070244757,7.751720125347411,24.011097040260804,14.179979984714702,19.59305858413435,4.6587927688356485,15.492176558969694,17.089032897284625,6.72604925942125,18.830364441691753,18.961856242463032,Okhla,3.3532084436269898
28.59652737126198,76.99053592979908,Deenpur extn main Bijwasan gurugram road,17.86090113043576,24.817764976545018,9.905091130578501,15.480733891852825,18.176055076834103,32.880200942062416,11.59156753277033,24.32412905671451,29.729386826108172,28.556336910996635,23.174272236528495,5.437429876987882,22.57045103896105,21.12471468920136,25.99783658642243,21.6760758805867,17.746254573029752,22.41671090466444,13.821899680960584,26.724412852997094,30.155650708250956,20.50284163374672,24.868775471803175,30.366182872057284,24.55333290574015,Dwarka,5.437429876987882
28.72692719220604,77.28310324251652,"Home no.98,O block fhase 4 shive vihar dehli karaval nagar 94 near shiv shakti school",25.795971156934296,20.31879077007196,22.3476840849212,16.626677061610213,22.23436501924606,17.85807546559003,26.07077618420059,9.400982171414002,13.095157619909882,21.829757512343672,9.074529260745148,27.567605898442928,23.71508190941476,21.33751128880853,19.98263287250137,19.13993466001059,15.097993623751934,12.43207790691718,18.297498814937814,19.92626086755072,9.572084291262968,12.267417590153247,18.130486195767677,5.946472117154481,7.964361971834691,Shahdara,5.946472117154481
28.72690749350286,77.28311464190483,"Home no.98,O block fhase 4 shive vihar dehli karaval nagar 94 near shiv shakti school",25.794604030236634,20.316888176926813,22.347489252897596,16.626856814285247,22.23571773837467,17.855685454565076,26.069944921880843,9.399759466451124,13.092879365083716,21.827618564200836,9.07500035858388,27.567350032308912,23.713353527998844,21.3359075792811,19.98064194950594,19.138317027854306,15.098589544623692,12.430788301537673,18.297330900232918,19.92421853512818,9.56977356865743,12.266744049165926,18.12858682581986,5.944184528716148,7.963614719855469,Shahdara,5.944184528716148
28.84845589976112,77.086878195405,2006/1 railway road narela delhi ,36.612462941107914,36.50314907612948,25.192026981818554,20.30297693611752,11.405338313272308,38.69158374446628,32.52256363648203,25.54401343991312,33.407234881123635,39.72325261208675,19.080424797310013,28.782846726740843,37.86804527385509,35.039191834824834,36.91851359212903,33.500170677283805,17.453845327672056,27.243190842217782,23.15725621242681,37.28183536252499,30.69296609749704,24.094013751306758,34.73804019180622,27.67273593603238,23.376053229042835,Rohini,11.405338313272308
28.65957918335499,77.06287041306496,Hno .R407 A KHNO. 9/4-2-3 NIHAL VIHAR NANGLOI NEW DELHI,17.457598477932926,21.153572142722922,4.844862529166022,6.2400940410307495,10.006925465422082,27.516652113365,12.05314008227155,16.340997144331155,23.297961147706896,25.034574144712675,13.70016283189165,7.681892189834523,20.555499079053863,18.15404730998742,22.101460609199624,17.65739703805052,7.917680033741621,15.33271116703003,6.083630059718639,22.73852619239458,22.759735404340802,12.521688886245157,20.34432488890582,22.11819567334561,15.93082244956414,Janakpuri,4.844862529166022
28.65972451789728,77.06285197287798,HNO.R 407A KHNO .9/4-2-3 NIHAR VIHAR NANGLOI NEW DELHI 110041,17.47241830287717,21.164471201049164,4.85974499300687,6.239142317342989,9.99068452187526,27.52411715886305,12.06909351695918,16.34316415974472,23.303553518307098,25.045285887042088,13.695932968341378,7.697292775460799,20.568532477047956,18.166278056922334,22.111909945353634,17.6682584530527,7.910824346525068,15.33776137061916,6.0903984752458875,22.74877160751507,22.762945112854318,12.52458761082553,20.353990603825324,22.1188337373779,15.930686300049988,Janakpuri,4.85974499300687
28.59619089843161,76.99040785431862,Durga vihar Gurgaon Road DINDARPUR Najafgarh New Delhi ,17.85536999208226,24.821978869674236,9.92779972918289,15.510942911475592,18.215473257834706,32.88947849643583,11.588709223996396,24.346419406784573,29.743774714737086,28.558922596905894,23.204400679686852,5.446639379490155,22.568935102365593,21.127617860573757,26.00261470689942,21.682879366740696,17.77948051423228,22.435575431064766,13.84740381226275,26.729343837930916,30.174250466113573,20.52605584254262,24.876423733328902,30.388807732692907,24.578601625423023,Dwarka,5.446639379490155
28.59612731289384,76.99037164449692,Durga vihar Gurgaon Road DINDARPUR near Bikaner sweet  najafgarh Delhi ,17.855383822131564,24.823927534211407,9.933225123723066,15.51765520336832,18.22333704410404,32.89240481177683,11.589267065576253,24.351763580772406,29.747669440053407,28.56055134558488,23.211098385708038,5.449578374432793,22.56975353357588,21.12931119507101,26.004673119246966,21.685332298619027,17.78667397522572,22.440300271489036,13.853318587031852,26.731431846062335,30.178925362108195,20.531565517892055,24.879038713719385,30.394210768643767,24.584472409019156,Dwarka,5.449578374432793
28.51640380879802,77.22698539495468,shop no 6 laxmi market mandgir near khanour red light,7.1873541074084955,3.73733751899051,17.95432402255291,19.63904805276077,30.790798929125206,11.407331975458828,13.170399188435047,15.547995916503258,12.293245989897246,4.790455420897043,21.1787122380227,19.578439820270987,2.185687021674155,4.512174210176027,4.370765632870476,5.886921743297552,22.07026343232699,12.837463549593489,17.363393953047193,4.774582357481232,15.422641742532704,15.473001475878764,5.917091101090351,18.508837848754677,17.814058321091572,Saket,2.185687021674155
28.71532254307721,77.27778978645802,Delhi Mustafabad,24.41766757214407,18.94896400939402,21.248484684931405,15.68174618447221,21.906843971274903,16.744690663320462,24.781616753022192,8.04234264532063,11.871027682498205,20.522860761929415,8.29671885435061,26.443988347909855,22.32733014044956,19.94703836856686,18.630002796900776,17.74941553228044,14.350980669430685,11.063192987306603,17.211882935463585,18.586855471466254,8.382561146153208,11.02623678724406,16.760329979487796,4.75562649207613,6.712061656425337,Shahdara,4.75562649207613
28.71602324543701,77.27795507758856,dehli mustfabad,24.493349920648377,19.028528416959066,21.30067456433871,15.722616575887052,21.90931368605299,16.81497170657699,24.848537621935037,8.115373561480272,11.945973842567682,20.60111393411593,8.324177111988467,26.498153265115512,22.406390987193152,20.02523222886152,18.709401636106115,17.827725376987683,14.378380823729765,11.137547787657672,17.262830986339367,18.66599149010614,8.455650296545587,11.088554023097817,16.839894427862305,4.827862799772297,6.774578293808328,Shahdara,4.827862799772297
28.52588068366326,77.23435744643211,13/3/4 Dakshinpuri ,7.852155611966109,2.5397115414116183,17.855414479788823,19.124158917161783,30.31524951206258,10.250467835595,13.550397473379862,14.496260798954482,11.017558891833941,3.8338972212414766,20.26700725080454,19.814889294040427,2.7161523366083777,4.2471286036935325,3.0949254186034225,5.17395528230736,21.443069175813765,11.870222929395469,16.979388398372162,3.5085278207977937,14.162528262911218,14.641028426018025,4.727854706696353,17.28077198721586,16.78410272866453,Greater Kailash,2.5397115414116183
28.62957976437801,77.03304994851351,Shop no.1 ms block opp teen wala school  mohen garden  uttam nagar ,16.613666483968842,22.014878232616784,5.411588928690475,10.069889775640792,13.518331923787631,29.337190099049504,10.454844172940849,19.47537341473642,25.635854444078742,25.89455010458277,17.746800585953913,4.3550685721156555,20.584495517920544,18.587962483535538,23.09919736449209,18.615912376680342,12.211544649076302,17.92530691666982,8.808675581189277,23.793164210915428,25.61863568640011,15.60314213766728,21.630441066982243,25.452685157555788,19.446133525778517,Dwarka,4.3550685721156555
28.60684858615254,76.98597718030214,rz -2 c block near sbi bank chawla stand ,18.790951542001725,25.519348661641747,10.079245531287718,15.309570361794817,17.279639640179944,33.44012211557173,12.477057591683465,24.468698479030095,30.138946110278898,29.296047840751392,22.990594251238328,6.085049833934399,23.41086375197323,21.86263150478932,26.68402432387123,22.313307512391557,17.412142955890875,22.686924134801668,13.864983043338754,27.40610101922031,30.42656956686293,20.618271629261336,25.479838223535832,30.49190863707817,24.581527395007694,Dwarka,6.085049833934399
28.60687949264026,76.98600869625807,rz -2 c- block  near sbi bank chawla stand ,18.789936970870524,25.517244725033564,10.075640164748082,15.30527145596574,17.275262678303896,33.43747447602265,12.475862125620928,24.464926925203034,30.135830570233924,29.294089445370357,22.98625711265798,6.083013631578657,23.409372805678093,21.860689953918875,26.681855679387596,22.31096720447837,17.40765148846346,22.68345210587223,13.861051101780006,27.403912633929853,30.42307877201617,20.61445017252835,25.47739007850528,30.48808387746333,24.57752142251784,Dwarka,6.083013631578657
28.70374013223843,77.26742539554834,F-1 chand bagh,22.799469279913716,17.499096192297557,19.747625157563224,14.3326298709179,21.18460744752047,15.849075952657941,23.155192050970513,6.407867460120383,10.800906979055496,19.238324541110426,7.200848893063011,24.91941648845671,20.79618789777162,18.37684552039584,17.233857265888926,16.183930075683985,13.212954163188227,9.434900978176637,15.72836636476608,17.226900430984514,7.432339394097863,9.431882162811979,15.312127041086821,3.9479798712478815,5.121820488384653,Shahdara,3.9479798712478815
28.70374542560011,77.26743679493666,F-1 chand bagh,22.800524056747395,17.499855462632297,19.74888309302476,14.333858785077597,21.18554504774911,15.849223671314878,23.1563939308016,6.408981521168678,10.801203415285745,19.238880314797655,7.201952608714489,24.920673759819504,20.797069663252767,18.377793001753794,17.23454503861739,16.184867481263176,13.214099027484737,9.435985435813567,15.729623354712034,17.227542727871075,7.432482100477723,9.433121950230596,15.31288102796192,3.947885311179449,5.123065633127137,Shahdara,3.947885311179449
28.73017830939842,77.14555822312832,बादली गांव,22.885221269259677,22.162630290696626,13.29328020804108,7.057057288741889,8.942110958545545,24.981939083977583,19.849799250265622,11.661476948498159,19.786013438211,25.43022778583447,5.480692431283363,18.168481318908785,23.633655585155534,20.794401832399345,22.595679771113772,19.182370807967065,3.9544744451064417,12.98307750788797,10.014324006346023,22.97818715710851,17.615565446673713,9.763348696673136,20.420720299999086,15.33511922731199,9.773716495013185,Pitampura,3.9544744451064417
28.50059818713209,77.24654473364353,G28 RATIYA MARAG SANGAM VIHAR,9.424893162493303,5.37028864401123,20.549674492124137,22.131974583286453,33.30839192725221,11.008159411041932,15.594455533275994,17.37469361581691,13.001001643697068,4.249802136113714,23.265381252587336,22.07339881193569,4.721926837790519,7.073612493930287,5.446364261999674,8.221347567964482,24.487046748792174,14.844557496334522,19.916125608290027,5.513605577848641,16.372181090770944,17.679691962770956,7.468965659915211,19.689353537985244,19.6832379793198,Okhla,4.249802136113714
28.60822877272692,76.99666444212198,Roshan garden old kakrola road najafgarh new delhi plot no 1,17.965741849722548,24.552599904475873,9.024988344294586,14.313728026414783,16.74768861857891,32.42354177655484,11.630978972406744,23.417801373608647,29.094316151056507,28.344468188270387,22.00192810797219,5.139549529895144,22.51691296771149,20.914184238496254,25.710460172141325,21.323554066925087,16.47631035540912,21.63272248200025,12.822341241258238,26.430463324963284,29.37222267100828,19.569322228079468,24.47996804866873,29.44300235804749,23.544003261353414,Dwarka,5.139549529895144
28.66828066036131,77.17970408499241,19/115 vasti sarai rohilla Delhi 110035,16.18343357320179,14.521017161463906,10.345602775148073,5.250098293857537,15.02451259404736,17.927758295963326,14.692029991639076,5.116112929827666,12.981587794038335,17.80487211326413,4.259939181143175,15.55773923270907,16.201884722635263,13.368029360201257,14.952853839379738,11.622175040180599,5.602714824395325,5.455219947582015,6.3095805972324825,15.34718358885246,11.656449781033,2.1239129578231544,12.781856457720131,10.680057168107243,4.514850708409448,Karol Bagh,2.1239129578231544
28.72930188777937,77.26024612784386,G-2 Main Pusta Road West Karawal Nagar,25.022793182903442,20.224974251699447,20.631241347315704,14.714337574676073,19.99005084223939,18.756217975313923,24.7998949911051,8.637450964387536,13.728133079102722,22.108581853627722,7.055806408856767,25.87921816840325,23.36711025265071,20.84755242498303,20.02321992658503,18.679882666944653,13.005997836702253,11.675315694038918,16.57578060301477,20.049151904019602,10.341395878766107,10.946688337188958,18.047037209609154,6.788965252936578,6.794032177472438,Shahdara,6.788965252936578
28.50943480174958,77.24943682551384,shop no. 3 Ratiyya Marg gali no. 8 sangam vihar,9.473865367961572,4.457891013016256,20.138641884501734,21.46368423040514,32.658366490459265,10.123941010435942,15.4969179875872,16.426172879813695,11.983064860844188,3.321780304431409,22.3754642912974,21.89336858753512,4.5081359738020685,6.555870899388628,4.44765337248078,7.489872167011711,23.75129045711923,13.944438046867841,19.327198717809992,4.4935353112143455,15.349872203407005,16.84105055602999,6.508298433905682,18.669433728425965,18.740415055623878,Okhla,3.321780304431409
28.50938943025211,77.24941737949848,shop no. 3 gali no.8 mai Ratiya Marg sangam vihar,9.472890877105808,4.462348534584562,20.14028950340369,21.466792272612885,32.66139679350252,10.128746117730072,15.496825248328308,16.43096944380425,11.98845506984,3.32671744720514,22.37989543210607,21.893767474481113,4.508250810018135,6.557896718364976,4.452772295172008,7.49322333176567,23.75479790176913,13.948913870371891,19.329841658861046,4.498861590311937,15.355251859678914,16.84515249939807,6.513140418321374,18.674762658699763,18.74517760847765,Okhla,3.32671744720514
28.7285098385724,77.26633977144957,Som Bazar road Karawal Nagar Delhi,25.19575875044741,20.20813572548867,21.069174337372228,15.207593439290129,20.590375194729816,18.477615843580242,25.111878257933867,8.775376763330812,13.508574488076448,21.994524637246105,7.575359757812033,26.311005562198797,23.42222238057139,20.938953196252438,19.970115937034652,18.76048334155643,13.55430713062503,11.824094377948844,17.012920852321706,19.974141048654005,10.076325911823277,11.256848611634185,18.02447143273441,6.482939438240718,7.040868257324545,Shahdara,6.482939438240718
28.677741792019,77.06399526447058,shop no 127 main Najafgarh road  nangloi,19.171850433485,22.30871602435954,6.629593745602895,6.115330294429643,8.001485895353362,28.20243328697161,13.964318004497319,16.401371279162685,23.754532489443864,26.154877239897058,12.989931337164037,9.683524204620397,22.00391875114216,19.49802331278089,23.193813516331183,18.81956930625871,6.975744683210145,15.762619296568792,6.89187096270691,23.80195595400701,22.916180722199094,12.710767282232208,21.338514955115524,21.955344088321336,15.707404865564298,Punjabi Bagh,6.115330294429643
28.72849925435528,77.26633373647928,Nahin to mujhe Road new song Bazar road Karawal Nagar Delhi 94,25.1944430338573,20.206890753463455,21.068026168785686,15.206552656604257,20.589924392797958,18.476684532752323,25.11060012467543,8.774062669957528,13.507543182184236,21.993366211969388,7.574396010423427,26.309846836086574,23.420935961736163,20.93765205082759,19.968898933802155,18.759185602771623,13.553431694627287,11.82277968337023,17.01177297690636,19.97294324874033,10.075360427771095,11.25557341499571,18.023229798767186,6.482033804057979,7.039566481902335,Shahdara,6.482033804057979
28.71237854212779,77.15516187250614,BD Block Shalimar Bagh ,20.891448539696324,19.973450307672525,12.017150481976278,5.595149820917821,10.463843904715603,22.930036574150456,18.18157172263761,9.630456605000855,17.775614352825496,23.246560640976778,3.8472162538864607,17.097832750890355,21.486018003391703,18.64556162811805,20.407360878257954,17.007073576137774,2.8449047035692354,10.813108754515103,8.412966151559688,20.7929566978334,15.771885677699016,7.57486319261991,18.233402397334082,13.74487467742292,7.888628888987996,Pitampura,2.8449047035692354
28.62869484915604,76.99691388756037,shop no 1 kh 141/17/2 Laxmi vihar dichaon Kalan Najafgarh,19.223109190248472,25.23943332290213,8.90294252765526,13.364526413528797,14.62625861868245,32.7664586349585,12.894944010526915,22.98006519518846,29.144179404311114,29.091536806378844,20.963869308592813,6.286346877266931,23.52626881016264,21.70970648695571,26.356194006623713,21.898381069427014,15.20677509063749,21.453230637509808,12.313492368451818,27.06196888725016,29.145915615030717,19.106099328925982,24.973491422645406,28.937651123514748,22.884833497856143,Dwarka,6.286346877266931
28.59801337311808,76.98106806725264,"Plot No.4, G Block, Prem Nagar, Opposite Rao Man Singh Public School",18.763279192665433,25.756061828003432,10.752180778192345,16.195047844142344,18.37170699058622,33.8154034371183,12.509644974816734,25.171287489517454,30.645000666718957,29.49237591824413,23.886472912426374,6.373433552160375,23.49407472193099,22.061326226182455,26.936552835087767,22.614750031892974,18.37592417976906,23.30031036191509,14.627707316569069,27.66321064385434,31.041003578438858,21.338971214564445,25.806699343618508,31.208454413789166,25.359079067308034,Dwarka,6.373433552160375
28.59802014368068,76.98106706142426,"Plot No 4, G block Prem Nagar, Opposite Rao Man Singh Public School",18.763695118196214,25.756318243712474,10.752089649009442,16.194765688188625,18.37105639073564,33.81556755112496,12.510015638193678,25.171188101400386,30.64506614501989,29.492660844715388,23.886184009407526,6.37360873931145,23.49442810227382,22.061605263634952,26.936799315560446,22.614960473183537,18.37555346260394,23.300286252511558,14.627544717123547,27.66345441542176,31.040982313326385,21.338853418674205,25.806894240466097,31.208344994623754,25.358911083147813,Dwarka,6.37360873931145
28.59801572809641,76.981066390872,Plot No 4 G Block Prem Nagar Opposite Rao Man Singh Public School,18.763540471731254,25.756277545321467,10.752274555700918,16.195062696430146,18.37153253391366,33.815589522975586,12.50989415079695,25.171378039074156,30.64515282562272,29.492600341135304,23.886484807082773,6.373623296800972,23.494319092666675,22.061548868636397,26.936765467404882,22.614951257335335,18.375899123065828,23.300429796311903,14.627772608591565,27.663422430530403,31.04112408001217,21.33905450483256,25.806895547955424,31.208541017938146,25.359142166348292,Dwarka,6.373623296800972
28.65370002625922,77.2796643152833,c-1/1 golden park shiv main road extn ,18.89270814825054,12.37296286861377,19.055393703075474,15.100216195802744,24.227864713837153,10.267963934977734,20.619539297024076,4.824795034085852,5.118561886664149,13.68042581642375,10.125435468814537,23.813391676341656,16.040083032005786,13.958496051672387,11.923630348820964,11.779607631284591,15.156480375933322,6.62185822836206,15.425878243534093,11.818956112152346,2.0343610142606394,8.663770646345736,10.207177638777274,2.4032031359241346,5.910098758865056,Preet Vihar,2.0343610142606394
28.69857574218026,77.25594520568849,D-10 Street No.10 Gamdi Ex.,21.764669100114023,16.78340013527842,18.48926860513888,13.102373999822689,20.252736557480763,15.767440426876645,21.961317851790373,5.334956952644072,10.59172492669832,18.731688886450677,6.1174835781998,23.66249266824098,19.94668998422554,17.460207622516553,16.593780960244843,15.281034975645486,12.071666945282615,8.383937542476659,14.47048412823466,16.63439761044835,7.412536583397293,8.197819720171072,14.606616495656432,4.248272876896517,3.8836741864442983,Civil Lines,3.8836741864442983
28.69858779987658,77.25590731948614,D-10 Street No 10 Gamdi Ex..,21.764170591130775,16.78436368772272,18.486606140140488,13.099130598886942,20.248813747580428,15.770251939692432,21.95972129091622,5.334409257734572,10.59429753464594,18.733357072510977,6.113663562937522,23.659961632948516,19.947098271804204,17.460327302135656,16.595020595705925,15.28123211414848,12.06799605965503,8.383442907792631,14.46772596875963,16.635800525832547,7.415594538917664,8.195807980410319,14.607635439576892,4.251950924202697,3.881646685446537,Civil Lines,3.881646685446537
28.67191660347065,77.07996714860201,Old Pvc Market Near Sai Mandir,17.914720991068393,20.705889695813102,5.613871664848365,4.492216925175253,8.91454398938873,26.516440270849632,13.01484473712432,14.771370954033396,22.07156094583908,24.537570965272657,11.664906008737686,9.474130169142052,20.53146967852623,17.9754236424876,21.571267793624298,17.224350967463096,5.787472164870357,14.078831583615388,5.253590516595506,22.17116200083464,21.271839191538422,11.050160380308082,19.693614435312888,20.39410919716341,14.158721176726774,Punjabi Bagh,4.492216925175253
28.57420714533633,77.22820714116096,A-181/6 sukhdev nagar kotla Mubarakpur new delhi,9.115102658368722,3.0471109305631607,14.697897145231417,14.527719150954608,25.69375356025081,9.557256868140538,12.679745823093985,9.119477958495334,7.591736570380433,6.527505985590594,14.887177690109187,17.90213417993099,5.9164003274157775,3.8915372282177465,3.5630545656774912,1.9412374600905116,16.523006530997684,6.468962793684845,12.843551347403633,4.096725369530801,9.937764239338865,9.375259025734206,1.6244004769479137,12.553916274639038,11.389868269499418,Lajpat Nagar,1.6244004769479137
28.66245141550201,77.0554095134139,D 4 Nangloi Delhi,18.109514070889713,21.931683153562457,5.506680428103907,6.9171009892498665,9.668826419477494,28.31071804015859,12.590972532091984,17.07858034132069,24.081348875273736,25.81497238719638,14.271893067498281,7.876445213206935,21.288349194790175,18.908657538462165,22.88490734042766,18.436126428176262,8.398563701746205,16.111191659588894,6.875317911739929,23.52401532682022,23.51418695661384,13.272319400631353,21.134482593323554,22.82430240338085,16.620313972594516,Janakpuri,5.506680428103907
28.67404839590422,77.07677096128464,Chandan Vihar C59,18.258466010286256,21.096511099404218,5.897668199156231,4.824542357332138,8.608773337651508,26.899392714032217,13.298870553608884,15.11022273913366,22.44227903199722,24.92890380227819,11.891569013786391,9.594366176037832,20.908809529647097,18.35872594307168,21.962750059870526,17.61442808549084,5.960173188157715,14.450473804919245,5.645192536388895,22.5628164063408,21.61800089227843,11.40451294174888,20.085214441872292,20.70478907598812,14.463590920406412,Punjabi Bagh,4.824542357332138
28.67405604403965,77.07673206925392,Chandan Vihar C59,18.260808622011456,21.099918578606452,5.899197998785183,4.8284087677854,8.607075340111248,26.903187884865787,13.300356289581124,15.114095593666754,22.446146566470908,24.932367402268433,11.89496140232185,9.59398651983825,20.911787470234326,18.361857443798026,21.966231346010492,17.617804069446137,5.963257389337053,14.4543376241241,5.64869429735641,22.56632993735274,21.621883774911463,11.408401303226933,20.088783192077535,20.70858417015429,14.467367205980933,Punjabi Bagh,4.8284087677854
28.73334700762699,77.02460668981075,Plot No 10 Khasra No 88/2shiv Vihar Karala,26.434488906095808,29.31640209065987,13.841069288228828,12.191773506248097,3.585386214656727,34.51966874123356,21.027008055028734,21.820113643294803,29.72688055984154,33.10432278462163,16.78678599175758,15.844046069220278,29.237045503888684,26.677154322800963,30.12937300136655,25.857113117593485,11.26006852044518,21.8951040767451,13.873914147371952,30.70052384554655,28.302184812817686,18.577466513737058,28.175031022483594,26.625808600530128,20.537631179384764,Rohini,3.585386214656727
28.73340345415445,77.02463250607252,Plot No 10khasra No 88/2 Shiv Vihar Colony,26.438798016792028,29.319006179209218,13.845567331788164,12.19341057675473,3.580080236041132,34.52080282269387,21.032006173543216,21.82026195008367,29.72754775045194,33.106742193174696,16.78550666782197,15.84993636588162,29.240497802201535,26.680347026898403,30.131780401598494,25.859832491209456,11.259999573882622,21.896191866452536,13.876757605932049,30.70283520017658,28.302095302092606,18.578325072431806,28.177224339063226,26.62492767477095,20.537159616021082,Rohini,3.580080236041132
28.62856977739722,76.99669864028692,plot no 12 dichaon enclave,19.23152117607876,25.25419245743888,8.922714406209497,13.388991921732018,14.647372146362269,32.784354312156765,12.902680045477842,23.002750850195092,29.164141878263024,29.10584651141831,20.988702863077467,6.293409360220898,23.537734402249292,21.72328416119822,26.37136834903995,21.91402274553855,15.231917119225598,21.47445569045539,12.336081427469765,27.077294113135817,29.167597085015917,19.128805334923044,24.98996007419746,28.96076196685358,22.908511741760552,Dwarka,6.293409360220898
28.53379382534564,77.30931144207716,C 1 Madanpur Khadar Extn Near Sarita Vihar,15.20799249397528,7.086097534999725,23.745353179910143,23.387537694593384,34.40130100893913,4.42597820097219,20.596429166524896,15.64494057718144,8.549174480585751,3.543402028384092,22.097326125329854,26.52012182875387,10.08726484044161,10.808151821385843,5.9263981522993285,10.386987905231944,25.03227957239978,14.135407164789774,21.914174630451402,5.215719414733456,12.055375491885242,17.496473085993838,7.485809073549302,15.682716667706737,17.885665101578393,Okhla,3.543402028384092
28.63369877438664,77.00290694832803,Hari Spare Parts Opposite Bani Camp Nangloi Road,19.107828736571882,24.89906894420933,8.38890766672741,12.630669705173682,13.886892794542508,32.30811187506594,12.81091242967469,22.330862917286908,28.606856937958295,28.7658595900632,20.20606959199331,6.252271368244592,23.303354179529176,21.413563582085956,26.000338878180568,21.52758451554236,14.423959189241451,20.866979736958736,11.673363901235259,26.70036523888597,28.5387310274495,18.457061897974427,24.5707775018845,28.268313827406754,22.189781710646855,Dwarka,6.252271368244592
28.5884199309488,76.99694842100143,"4 A Gandhi PARK, DEENPUR,
NAJAFGARH, NEW DELHI-110043
(Behind Bharat Petrol Pump)",16.905567052509873,24.02436197357322,9.6187959910804,15.455856805395785,18.81947143501047,32.190301894724925,10.682018919522967,23.991210677886123,29.164182377256886,27.730351987418636,23.13328364667122,4.8066646992238615,21.674672254711144,20.307903668642766,25.215083211002952,20.937407702913863,17.85803337462747,21.980047558310716,13.616236438788112,25.944410694415456,29.705591386587578,20.20444668033365,24.146281978117102,30.03973312104421,24.321229932091974,Dwarka,4.8066646992238615
28.67420782999625,77.17995218932629,"B-1424, SHASTRI NAGAR",16.83845993806655,15.119030046372016,10.709538365525654,5.303862451845044,14.657915386979642,18.314589095317423,15.26734672578519,5.304703006652381,13.304394123880416,18.36170501285491,3.632213955113682,15.945732471969768,16.84881230848527,14.016666318564448,15.52758632488246,12.254862810884172,5.281824749116607,5.9506155133926395,6.655434056203167,15.908384554851413,11.818639374862748,2.7007293031323654,13.351072215785385,10.638686800497492,4.402777083442388,Karol Bagh,2.7007293031323654
28.73472082512836,77.19277516007423,Shop No. 5 Pepsi Road Himgiri Enclave Near By Authority Delhi Jal Borde,23.679854130665536,21.19713701400686,16.194237390649015,9.7869720276233,13.386031239239479,22.388057211074035,21.817694225895973,9.467251033433552,17.101027366303402,23.995078512493762,3.3502486479577804,21.367688807152945,23.414399524961393,20.619129797676848,21.383563714960413,18.703143088696713,7.27073371918598,11.712513353724118,12.35644264806707,21.633032088123237,14.396826392532358,9.211071711784019,19.21012853196375,11.580765924835266,7.186414254815981,Model Town,3.3502486479577804
28.73481196153762,77.19290189445019,Shop No 5 Pepsi Road Himgiri Enclave Near Authority Opp Jal Borde,23.691836696758727,21.20443124270909,16.209903584513093,9.802763553349479,13.397058539027155,22.389129379189196,21.832045910133566,9.47182970272327,17.102087420796746,24.00061240231988,3.3601065370033187,21.38349312930613,23.423807327395743,20.628832757161582,21.3900305128427,18.71212924089084,7.286681176509693,11.719988889357753,12.371749102906488,21.6390266523766,14.395549417467743,9.221457099446722,19.216769409084208,11.576693755309858,7.190138341664809,Model Town,3.3601065370033187
28.60655453254314,77.30168458074331,shopno 112 Metro Pillar No 35 D.D.A Market,17.066468838213485,8.924237735012005,20.947745640807884,18.51131108715679,28.712458966044956,4.630630248443996,20.473899054742297,8.88892798688628,0.7612973548372192,8.870937698364108,15.168515883177376,25.013629699991547,13.018293445300339,11.780757355217155,8.0371359782855,9.964358598358631,19.332966551202723,8.746779748038795,17.97818972758112,7.6480702944420145,3.936968016766594,11.930448802409261,7.168418640471225,7.568159311298628,10.801260468852913,Mayur Vihar,0.7612973548372192
28.64930787513423,77.30414114892483,"293A, Street No. 16, Karkardooma",20.186762929318572,12.911874335756607,21.332446932078938,17.53007472315717,26.594519114361585,8.986680949948473,22.457974074026836,7.245928157380297,4.510441135736489,13.519326135739595,12.413429596113746,25.987222469982843,16.831601426025504,15.052786485950026,12.2486033104075,12.954263804946638,17.579427665154206,8.760086557976404,17.780528500590258,12.000004644469222,1.2308776493193911,11.053852377121583,10.855950297948082,3.088518781643394,8.296645386768088,Preet Vihar,1.2308776493193911
28.72437426814421,77.08879128098488,"17, Pocket-2 (Opp. Union Bank of India), Sector-24, Rohini, Delhi-110085",23.118385269997336,24.43204021848535,11.395029115148594,7.13278678413929,4.201903468591182,28.764923866318057,18.732090409587762,15.74785179212479,23.800490733302322,28.05800466434991,10.454852684302475,15.289371742554808,25.023386738684184,22.283382871914224,25.101307022873392,21.1032933526358,5.2402019844422245,16.197313908804585,9.666463633057875,25.603945621061996,22.14374801496184,12.812094489348123,23.02719363542813,20.324084842639888,14.307684861220165,Rohini,4.201903468591182
28.73123200482979,77.16954823583364,C 1957 Jahangir Puri Main Road,23.037585577950697,21.420812993341155,14.539524313717724,8.115089159310546,11.205429570031093,23.479878960300443,20.61209701542418,10.233420615196549,18.221046032678036,24.475490589980534,3.777668182906552,19.61269515011452,23.270261616381962,20.43744834103756,21.73592150202723,18.661774757080256,5.300510382813679,12.005781134170523,10.898207348860506,22.055964989993612,15.80467965816135,9.063842544196318,19.549129847497827,13.291193962103574,8.133405512025327,Model Town,3.777668182906552
28.77064945295601,77.04974669963121,tiranga house near Bank of Baroda Pooth Khurd,29.200084010788572,30.83241481434074,16.95151584261594,13.514877658660366,2.4528209120773163,34.93164012434279,24.34455986913386,21.725393139409675,29.85957885078471,34.44894763533473,15.832126359508223,19.857157317858405,31.35965156131583,28.643729621301496,31.49593364839156,27.499574666982056,11.507820747737645,22.4623375300262,15.90107102548943,31.992243969257803,27.915808200714224,19.07488833314107,29.412941950967262,25.700647975932533,20.035246312552836,Rohini,2.4528209120773163
28.67080053532466,77.29472693055868,98/1 CIRCULAR ROAD SAHADARA,21.293337717825466,14.668111840686667,20.912077097223925,16.472210010346203,24.82254164318662,11.530923145656967,22.884401555399148,6.492288655503589,6.805189543526227,15.708567005866113,10.556195326271762,25.804445801888253,18.402956964608784,16.35706577183507,14.14911723017268,14.18106366582859,16.11185546059621,8.778820601541419,17.135433796107154,13.990318262755688,3.258397851372659,10.346119907895496,12.522915931311216,0.645068312445957,6.832967242177262,Shahdara,0.645068312445957
28.73847263958856,77.19763901084661,138/7bangali Calony Main Road Sant Nager Burari,24.17087003184557,21.511604768119597,16.817666006511658,10.41434519116955,13.813640039391814,22.46079498269235,22.39564133039249,9.687090560014605,17.175927188613315,24.24104913481919,3.7870027523509275,21.995303309608097,23.808740370145166,21.02528992746638,21.666261683602787,19.08280548571489,7.899477825265532,12.039263093765358,12.96828726659512,21.897492138098407,14.381684322849948,9.648853632403588,19.500308215879727,11.457219812374877,7.379289948477739,Model Town,3.7870027523509275
28.67252522919256,77.05927960574627,A-16 Aman Puri  opp. Mansa Ram Hospital nangloi,18.87948513738406,22.299280978292316,6.279681392753967,6.510728019977195,8.552381657570974,28.384939766721608,13.531742222630777,16.784465757580154,24.016308298364518,26.162882352060283,13.579012890164213,9.036305054889926,21.85821864717357,19.40118933063267,23.211968875887727,18.804105720578963,7.600332748291455,16.02396415242211,6.979891102596112,23.832739764723225,23.276818557527378,13.045300941177748,21.396125711625743,22.41172684959202,16.173680272188747,Janakpuri,6.279681392753967
28.68221216847682,77.07935258746147,"A-5 Dsidc Industrial Area, Nangloi Delhi 41",18.990657777891613,21.525106747273593,6.756874187798038,4.769344780755362,7.796253394906952,27.074042341354147,14.15611137413504,15.00821888286008,22.512302018252328,25.3290876964917,11.418403455958877,10.535442197584418,21.490821110101816,18.894856572630978,22.356319168644717,18.05988896464442,5.397505120251688,14.53960629024512,6.074131032118569,22.93977030701595,21.541225118253756,11.393101543923153,20.434553320044234,20.47398649908488,14.22209563970904,Punjabi Bagh,4.769344780755362
28.66918406868512,77.29538574814798,Jawala Nager Chock Shahadara Delhi 110032,21.19822950401525,14.525879965320952,20.928435908345442,16.535530510737647,24.94655759364057,11.340584699660257,22.838603300791092,6.5124014357851365,6.6257841252946506,15.539295176641247,10.68129971452706,25.804861187123272,18.27471328201901,16.24582333817335,13.997384600358856,14.07346840368623,16.20806446127904,8.747172462889491,17.166778282878212,13.832859992834749,3.078381342816968,10.374348856623632,12.384956547984167,0.8001754168624867,6.916130766025775,Shahdara,0.8001754168624867
28.68217951936017,77.07923993468285,A-5 Dsidc Industrial Area Nangloi Delhi,18.99152941827203,21.53054754950672,6.754621451955363,4.778704409346226,7.796600684014091,27.082162336698048,14.154088051555387,15.01830723632702,22.521266011905198,25.334894922595563,11.429920572618279,10.528597016765499,21.494219605772926,18.898882756326554,22.362180790177064,18.065086157322305,5.409076775559798,14.548333886996023,6.079048602761421,22.945826889993246,21.55121221235402,11.402530080437474,20.44089514606295,20.484800326941965,14.232918223698574,Punjabi Bagh,4.778704409346226
28.68227805495146,77.07927916198969,A 5 Dsidc Industrial Area Nangloi Delhi 41,19.00017329790312,21.535346670154393,6.765022584243701,4.778405711045341,7.787187293013685,27.08376037643939,14.164384546003127,15.016656697214344,22.521612330465263,25.33930821367271,11.423795766405389,10.540199711821932,21.500940620442204,18.905051279735044,22.36653563520714,18.07013430084814,5.402180086737143,14.5490479854333,6.084375432823531,22.949969550264278,21.54976314107888,11.402109803185255,20.444719759267617,20.48147529582634,14.229570365282047,Punjabi Bagh,4.778405711045341
28.70503493934769,77.26406626403332,a-8 Chand bagh main krawal nager road Delhi,22.768854789714716,17.592097084178718,19.52499814733593,14.057453196578104,20.83206932045027,16.10358784612296,23.028189683726993,6.3511666400675635,11.024811319069997,19.39454396417321,6.8727245884755215,24.70848147982994,20.84357467111576,18.39753140114488,17.350613843724975,16.20940185523468,12.895523773201727,9.39225168144166,15.497597923829941,17.357905504893893,7.690029085732913,9.265792622055217,15.407422759278056,4.249182419187673,4.951567587803068,Shahdara,4.249182419187673
28.71670718286871,77.28128101676702,"Main Road Jhoorepur,near Kardam Dharamsala",24.72102773163326,19.17076266432376,21.62080674947531,16.053878982318484,22.216344750228366,16.800800757720552,25.130389731096507,8.36649894119164,11.9815248058432,20.686977641364976,8.656354567706154,26.81504018025929,22.581375387027247,20.220574549011136,18.832411957936568,18.021113609715947,14.71047404995856,11.378198218319001,17.584781021699676,18.77681717886195,8.472177147823178,11.386900423395685,16.98262890749436,4.841085434846415,7.072740890503438,Shahdara,4.841085434846415
28.70849581569347,77.1615468710661,BR 51/A Shalimar Bagh,20.472659145310413,19.328982311956175,12.020369961269692,5.592891540636671,11.207268941335656,22.18108774563908,17.968295946252248,8.876780602491866,17.021201504997734,22.565170157500475,3.1559529100464894,17.16507385065992,20.92670614663863,18.08639400750642,19.74070420293343,16.407541552722154,3.153121777260596,10.112055183548868,8.286233957402466,20.115462079467793,15.016936979889305,6.9140038522776095,17.562682035940455,13.020256495395557,7.133447080908624,Pitampura,3.153121777260596
28.73857994149973,77.19557605683804,A2 BLOCK GALI NO 11 WEST SANT NAGAR BURADI ,24.147967590549772,21.561713649345972,16.6994307788921,10.289204384173315,13.61224040865688,22.58351542638969,22.32157818079974,9.76630103201693,17.29758526126441,24.314389738635807,3.7833074671102533,21.86930515196709,23.82890537202075,21.04048177445988,21.727347775435675,19.108484628144126,7.74505309409886,12.083736254448667,12.864925650112104,21.96466834129148,14.524484032013392,9.649155137480088,19.558673510488223,11.62177877315484,7.465417352139845,Model Town,3.7833074671102533
28.66902756868009,77.10172958672047,G 18 Arss Mall,16.861518256596458,18.939245421914542,5.41377673399098,2.358152287868946,9.966312428417236,24.46433581489127,12.546989207376237,12.625320443538214,19.957825966281366,22.726133461048903,9.795748615414068,10.136785630447157,19.055071091472435,16.40597955405866,19.75165338606133,15.488481999760403,4.270241870550124,11.969794217374526,3.556918701509145,20.32805319421365,19.124583517404364,8.906453852375032,17.814752363785015,18.27765006367752,12.055643830503076,Punjabi Bagh,2.358152287868946
28.66904463072207,77.10174132138492,Arss Mall,16.86297971329709,18.939779690910648,5.415900702701481,2.3570015140443648,9.965117692050237,24.46415644466543,12.548901711739939,12.624396320237887,19.957372206680937,22.726571818780688,9.793934740130204,10.139000894626735,19.056055249861476,16.40684698526908,19.75208353254032,15.489086937056321,4.268082778875808,11.9693817221245,3.557852677013141,20.328433947737217,19.123755505106086,8.905740615249119,17.815064303603915,18.27645036154278,12.054368448516595,Punjabi Bagh,2.3570015140443648
28.70852963285146,77.16153010725975,BR 51/A Shalimar Bagh,20.476358198529212,19.333082459090317,12.02240296904458,5.59482096888399,11.204247772148182,22.184865282221022,17.971292847168122,8.880478844188726,17.024877872045824,22.569252247311987,3.1580899649090464,17.166833842502733,20.930726215929333,18.090412311815104,19.744799411233032,16.411613586429926,3.1532173109465056,10.116108752870979,8.288804923451819,20.11954874425959,15.020220768088008,6.918103596511626,17.56677486437856,13.022933680110794,7.136734938906166,Pitampura,3.1532173109465056
28.72378240894459,77.17455323785543,GH DHOBI GHAT JHAGIRPURI,22.249814313914772,20.48182808546343,14.141230561804038,7.713057929254658,11.857441153090601,22.53394130606716,20.00431818076183,9.275855756497922,17.28033126989906,23.519664756350014,2.828389079867058,19.280466985499654,22.378866859479547,19.550067130866985,20.786741560532324,17.751450071444612,5.118271779925778,11.054433252632522,10.38607856815769,21.102512562390785,14.90717288624805,8.150459939774748,18.600003063727883,12.474636255086777,7.192655321197769,Model Town,2.828389079867058
28.72389707641334,77.08823136985302,"122, Pocket-1 Rohini Sector-24",23.082521680124557,24.4224017404385,11.341635508672898,7.115166185897903,4.196831406053996,28.777531772013447,18.682399536597305,15.770376479199628,23.81830220269938,28.052483962529813,10.497288994339371,15.223458251720382,25.0014903005204,22.263825442361075,25.094841596830722,21.09012273620571,5.253587749366895,16.20576152071327,9.635100926300195,25.599079655471236,22.171486979645625,12.821419240455906,23.022927583956147,20.361994451740983,14.338887432997417,Rohini,4.196831406053996
28.72387384891062,77.0882447808981,"122, Pocket-1 Rohini Sector-24",23.079676959638714,24.419552011418947,11.33905767744725,7.112279144017271,4.199540882670515,28.77495086073224,18.679741226776493,15.767995578882173,23.815819377055533,28.049666021074774,10.495482169394577,15.22132633450839,24.998595531039975,22.26093329787848,25.0920157157057,21.08725231236181,5.2510285672879595,16.20311342742923,9.632226269224278,25.59626762822611,22.169230464258437,12.818785644236549,23.020121195742426,20.36003071246854,14.336724758295071,Rohini,4.199540882670515
28.72385826589955,77.08828736096622,"122, Pocket-1 Rohini Sector-24",23.076857243178956,24.41566953986873,11.337341598802128,7.1086512519303735,4.203772213744597,28.770577103705072,18.677756990527055,15.763519647318436,23.811382536257163,28.04566612696995,10.491064174765484,15.22078416002821,24.995138925617542,22.257385977888816,25.08804144530732,21.08348023059762,5.246638162618112,16.19880315896207,9.629175043028592,25.59224986221217,22.164733330532655,12.814459929012292,23.016087238861076,20.355563215545093,14.332226585592652,Rohini,4.203772213744597
28.61855501873391,77.01338097453117,Plot No .15ranaji Enclave Near Pillar No 53,17.26110659195368,23.34279003928375,7.273442353608197,12.335157044068755,15.145110645727119,30.980151434993573,10.936258873187331,21.579547354643204,27.47876477849931,27.18328110477762,20.01843940488004,4.335139565567074,21.57315413913485,19.786965178793857,24.470527022600155,20.028008198054167,14.481819058839614,19.89688090759945,10.939810786747953,25.180466702602224,27.62342261342805,17.717200333296,23.13018774793726,27.58622323046334,21.635570036905595,Dwarka,4.335139565567074
28.61278334806613,76.9795435667038,1655 B/1c Near Jharoda Bus Stand,19.662619425419294,26.298587805136535,10.615546635160937,15.595278670941257,16.944836105715797,34.14683562021912,13.338699522717707,24.94425309507168,30.766606801190573,30.09067039793403,23.247838571208124,6.8833943232392745,24.24934856782287,22.660104211033484,27.455617744024575,23.064790524805357,17.571080801503136,23.241416950184615,14.300718013029385,28.175254066202456,30.973731789959363,21.081379031539967,26.216426568991892,30.94927059477842,24.98203794988871,Dwarka,6.8833943232392745
28.59433983703669,77.30222102254629,Chilla Village,16.427494277802815,8.035706869773641,21.15486087094892,19.111222275618005,29.529138003286118,3.4989141345268835,20.19719568010616,9.828088305770576,1.848897474533236,7.612591463458032,16.20689328421168,25.017003182300773,12.14585277669313,11.154407995501172,7.04965752992903,9.497156682585796,20.113999448789908,9.314789298441733,18.379109900031594,6.587622289533301,5.288563356562858,12.610541621600346,6.488504156531749,8.918283661357641,11.851677805887999,Mayur Vihar,1.848897474533236
28.59432570667165,77.30226192623377,Chilla Village,16.430272975791617,8.037792676548108,21.159040783324734,19.11550142656817,29.53329642966265,3.4950889759200314,20.2007724007763,9.83204002162186,1.851927819980273,7.612621761981689,16.210692903192566,25.020982645350372,12.147920831559588,11.157276285056291,7.051362632326929,9.500445424262924,20.11818118397079,9.319065272536665,18.383388218507474,6.588992304646006,5.290640063134378,12.61477972078338,6.491341505352998,8.920416716549541,11.855429393663572,Mayur Vihar,1.851927819980273
28.59433071117618,77.30226192623377,Chilla Village,16.43053564676217,8.038146123368712,21.158959659273755,19.115259018018314,29.53297106207485,3.4955054592703947,20.20088873194192,9.831650508605993,1.851417476280219,7.61313809213743,16.2102718179284,25.020987560179293,12.148276335871785,11.157525237840243,7.05175679262757,9.500621907776777,20.11786629911495,9.31881827564586,18.38322567409251,6.589417903248947,5.290088329434332,12.614497096858598,6.491595205462722,8.919866125683988,11.854999868990387,Mayur Vihar,1.851417476280219
28.59433807074117,77.30225723236798,Chilla Village,16.430517961134857,8.038312011074131,21.158387003852788,19.11449004173777,29.53212080934865,3.4964218842204065,20.200611690788488,9.830750415196498,1.850484273439159,7.6137265401524745,16.209352976172653,25.020536554494548,12.148446623050411,11.15748154925058,7.052013029288349,9.50044689618234,20.117025393407584,9.31804441657484,18.382548370953174,6.5897486207262235,5.289217267108567,12.613686721930598,6.491560520505422,8.918989967972891,11.854076855106127,Mayur Vihar,1.850484273439159
28.68264395944029,76.9650961831212,shop no 1304 pvc road tikri klan delhi,25.481661812690902,30.59572825171325,13.747051225842148,15.759609636193137,11.599688431104438,37.35600315050941,19.26327523930052,26.040537273319107,33.17382211162896,34.49242851927028,22.421605758675838,12.794756202689982,29.412214819174284,27.307970819634743,31.62265138482049,27.132364447915176,16.373657275710677,25.200107343269703,15.955831096084621,32.291733306897015,32.53136832302676,22.29413565458568,29.993751898298743,31.613924856642146,25.3633465344268,Rohini,11.599688431104438
28.6764842988031,77.28235423564912,1/11835 Panchsheel Garden Naveen Shahdara,21.038705318658746,14.866162561583605,19.931507557317293,15.285672876771336,23.470671163145497,12.499887531487321,22.264983984059278,5.557025020886851,7.534147684833059,16.223986822943534,9.204547896876742,24.902460516009974,18.447263229695906,16.252934274585495,14.45261183998421,14.055013744795593,14.816860284962633,8.127824708763939,16.08646175110225,14.360864075843583,4.087014427671221,9.332318030503634,12.688568352510531,0.7184716050090229,5.595267839941892,Shahdara,0.7184716050090229
28.70392392936303,77.26185075938702,Khajoori Khas.  F249 St No. 13,22.558301035265206,17.440466633153324,19.276188532686998,13.815323262886455,20.65225011150181,16.072141891057264,22.789214138306082,6.134645484689563,10.967175223075838,19.282351961602245,6.6569367243507855,24.459601474358738,20.66714123294772,18.208669702247178,17.213108046759313,16.02305774531272,12.67154800435667,9.179243763396133,15.249074980840616,17.22932815662081,7.665905717749116,9.020655149201582,15.257548252353384,4.278775395925681,4.706580966367923,Shahdara,4.278775395925681
28.65706286327308,77.04177785664797,99 Village Ranhola,18.366560058864767,22.706231495680907,5.954794619046018,8.316098150989422,10.367335894854595,29.3554665419435,12.573408382190424,18.395219898520594,25.24214086477352,26.60117721793371,15.725563460126859,7.235286320142981,21.823077123821836,19.550156202190134,23.700257681925766,19.222398524055098,9.85603010577079,17.30500807056828,8.003440259203638,24.356921852502055,24.789766401774582,14.562150484334998,22.021515128121035,24.191421185213166,18.007605576637918,Janakpuri,5.954794619046018
28.67045782882987,77.30335861444472,"Plot No.8, DDA Market, Jhilmil Colony, Phase-2 Near Gopal Dairy, Delhi-110032",21.818219319564598,14.968121947496623,21.717051642153844,17.313937102041482,25.625219945696607,11.299665551801088,23.568392612297608,7.3023867196052565,6.819634294375306,15.805890179596902,11.359662722830919,26.586016883928576,18.778758846960994,16.816756921011198,14.388336843042113,14.658511906911572,16.94760097247709,9.50114096837621,17.957399997854292,14.18867631823025,3.3169122373451434,11.164977794096643,12.851171583828586,1.446476019577268,7.675025743708098,Shahdara,1.446476019577268
28.50404930438775,77.24132414907217,B 131 A Gurudwara Road Sangam Vihar,8.83000088093313,4.938231504838255,19.913003344526828,21.5368888710361,32.70640239507779,11.11351725288506,14.9746355014697,16.9525966311397,12.842364597850679,4.3066630170789555,22.781701286481464,21.443967367140626,4.084375937947808,6.4536406774778765,5.136081540274242,7.659789089997103,23.914688754867075,14.374443206679423,19.301652905283806,5.281837350416582,16.16398597422031,17.161746279225998,7.079760124922001,19.43013803665615,19.252847050045016,Saket,4.084375937947808
28.51247936140822,77.23922464996576,G1840 TIGRI NEAR BY AIR FORC OFFICE,8.433291887123534,3.994521608682496,19.149799574931432,20.633003735064918,31.812956060967792,10.67253523692419,14.443361561678348,16.00474675080315,12.082182148883504,3.8946605616745384,21.82218288667048,20.846002645710833,3.4564270547232008,5.609185058361213,4.2715101523484025,6.721062051931717,22.98515251815683,13.416035854024603,18.434430167650333,4.488658373409476,15.352412322806599,16.205063762232275,6.151913017817223,18.573946754295047,18.302149598459128,Saket,3.4564270547232008
28.5124958596535,77.23921827971935,G1840 TIGRI NEAR BY AIR FORC OFFICE,8.432386131466084,3.992679298327079,19.14815272812967,20.631121305142496,31.81108758530806,10.671914363427828,14.442157167948212,16.002881089216743,12.080821282552348,3.8942316676672055,21.82025999149066,20.844658934269287,3.455143732030899,5.607418164702456,4.2699189592341025,6.719136841105022,22.98323542639177,13.414124141519022,18.43260493237709,4.487263943863758,15.350919373035596,16.203127508231326,6.150120305841098,18.57233880007981,18.300273170968246,Saket,3.455143732030899
28.70680729639219,77.26369846612215,Moonga Nagar Gali No 5 Shop No 333,22.92596684111946,17.78227045910396,19.587496437433238,14.080374013772916,20.751196780223186,16.299760462613186,23.145342101554803,6.5024016716668624,11.224245814907013,19.59308103376181,6.841029621655383,24.778293004447093,21.02388881933042,18.570987113837727,17.544674584242244,16.384339956213406,12.875512348273903,9.547009707774176,15.555040542542871,17.553882657070655,7.885372228153289,9.365403235445699,15.598107300026177,4.432091393186635,5.052794403530677,Shahdara,4.432091393186635
28.50415655150623,77.18381457030773,D 1/1 Chattarpur Pahari,3.6882384670545334,7.276997972984703,16.104027977456152,19.192809790138433,29.967541476470025,15.74262487746047,10.026594593862988,17.505193617473953,15.961096150215791,9.222124120855058,22.308757054804254,16.63812363189266,3.173863557882356,5.276426592484818,8.293192656826387,7.462231447822224,21.984017926656602,14.519564590505716,16.52146320101571,8.861723373668262,18.749431219406002,16.442884551755892,9.13589286271708,21.468246351717728,19.591944569262278,Saket,3.173863557882356
28.50418660425065,77.18371868133545,D1/1 Chattarpur Pahari,3.6787899741557526,7.281646319607567,16.09585862048551,19.186859344447168,29.960619958490316,15.749316100211901,10.01701543912521,17.504396700337153,15.964997406271346,9.22992359798878,22.305821269072478,16.628580699565784,3.178066254495876,5.276074422077407,8.298616314541656,7.462309646310629,21.978620885657815,14.518380118493505,16.514937508626517,8.867589993194757,18.752143038376442,16.439942522018995,9.139250599966257,21.469792155033907,19.590597926081838,Saket,3.178066254495876
28.64211315299543,77.02870309352875,"Raksha Enclave ,Plot No.7 Kakrola To Keshavpur Nala Road New Delhi -59",17.90844952017102,22.998504795290227,6.190168755742924,9.947453766063681,12.233966247332118,30.086279243329656,11.81996029860175,19.734399050697228,26.21266028226417,26.89058784918395,17.523557760669906,5.811854461804992,21.743098282419478,19.654422144664988,24.053632345910653,19.561015711437715,11.775640091937408,18.385102440311996,9.11451137966318,24.735818820951113,26.007087495789417,15.865116233111879,22.506219895930258,25.63975810088555,19.533209491572972,Dwarka,5.811854461804992
28.68066411853085,77.08192851394415,542 T huts H.m.b. Jwala Puri,18.735958138979136,21.224559950980634,6.55934184686628,4.478330463614427,8.035301252085679,26.771908217446686,13.951739042086546,14.729038914335074,22.216173320537756,25.026929891840055,11.213010683780643,10.453492188547342,21.205312012679254,18.603735752040738,22.053960124869683,17.760625571937144,5.214061086544042,14.241396098625389,5.776793572011393,22.63674165406463,21.259794528894425,11.102547241051795,20.130752399087218,20.21578863813871,13.964524880550256,Punjabi Bagh,4.478330463614427
28.67210369227579,77.15170115232468,Shop No11 Gurudwara Singh Sabha Jai Dev Park Rohatak New Delhi,16.414316152831407,16.165731145484397,8.36941530185381,2.539262852648157,12.652020083097646,20.404034182641173,13.84080265016407,7.869957901466041,15.590062976684969,19.68675709599752,5.455328894175557,13.622114367057147,17.265742611592668,14.438870486252574,16.753737906568574,12.978762082295452,3.3223844669053615,7.785384070745433,4.379281435866562,17.224291032947562,14.409411676779648,4.4356130524121955,14.641129199886961,13.395974985371737,7.16835266605254,Punjabi Bagh,2.539262852648157
28.6722069439733,77.15187046676874,Shop No11 Gurudwara Singh Sabha Jai Dev Park Rohatak New Delhi,16.425578602949326,16.166827557777694,8.389381311513391,2.557163398763147,12.65634962683106,20.396594525054724,13.857523292267492,7.856451049529601,15.580394622462709,19.685967911117228,5.435349923931306,13.642122728142278,17.27153513151276,14.44432362148047,16.753505690325728,12.98184875705591,3.3224889153167507,7.778603088680389,4.398809162960592,17.223391793683508,14.396070825425042,4.427219698871603,14.640173647486955,13.379304234172569,7.151078046486508,Punjabi Bagh,2.557163398763147
28.68254836554527,77.04151801764965,Opp Metro Pillar No 483,20.722754061062364,24.351002646367093,8.116291438630238,8.366749946576459,7.575781715060526,30.419723551752107,15.164707583842326,18.649653156720575,26.004090964318173,28.21789724915359,15.035395128818557,10.066906571266696,23.844820958113534,21.42002259378646,25.268971093170705,20.855043029150035,8.982413540842284,18.011096473094334,9.035857161905119,25.89131422823031,25.16896956471251,14.967550249226106,23.45633779547435,24.163037328409175,17.91147554597512,Rohini,7.575781715060526
28.66363023469827,77.1786392480135,"31X/17 Main Road, Gali No 3, Anand Parbat Industrial Area",15.656488278549654,14.090807893858155,10.0057777496557,5.181353840807055,15.25953648679261,17.704523942427308,14.199646938483058,5.10788148374278,12.82145770412711,17.417897906181743,4.783683952046626,15.193940564868912,15.709582978557417,12.873438577148608,14.548201668945294,11.150971802914562,5.827818447407484,5.153516988056669,5.996464737582674,14.956773672600645,11.636963054019239,1.7698878446471062,12.38448813416063,10.8252330151459,4.747403287603022,Karol Bagh,1.7698878446471062
28.66361846716512,77.17865098267795,"31X/17, Main road, Gali No 3, Anand Parbat Industrial Area",15.655371436835043,14.089141536778893,10.006186088653948,5.182644838583001,15.261248210850097,17.70283110447164,14.199165767498675,5.106540341425674,12.819833433182037,17.416181381558285,4.784581092222962,15.19423215724694,15.708095360181646,12.87196115534585,14.546500910307964,11.149399201460655,5.829531650981623,5.151784754667097,5.997006034154874,14.955059442682957,11.635567873188865,1.7681496432588177,12.382779324757182,10.824230320279511,4.746710538079991,Karol Bagh,1.7681496432588177
28.66363052888658,77.1786456182599,"31X/17, Main Road, ANAND PARBAT INDUSTRIAL AREA",15.656616174575108,14.090578884534521,10.006343678416759,5.181967214452939,15.260001020848216,17.704037814174328,14.200010646091302,5.107273399870221,12.820923806209862,17.417596010062287,4.78346325392611,15.19448742471388,15.709507128134156,12.87336966442371,14.547927031516835,11.150832569397515,5.828280953852644,5.153091681928603,5.9970494437622595,14.95647619038244,11.636362415338517,1.7694918786484906,12.384200391150001,10.824611447392193,4.74680122326374,Karol Bagh,1.7694918786484906
28.68766060459844,76.96521118283272,Tikri Border,25.861449499182903,30.861461220134853,14.01972615116661,15.811167487165156,11.241838720667356,37.53407730011667,19.66639620276681,26.097677024675622,33.30321048718586,34.75855761887381,22.356031649262675,13.231375075613764,29.739741935607416,27.604817649254635,31.877396487175094,27.390398752209606,16.318646788447236,25.32037862568426,16.10977667525119,32.541720422052926,32.602651839674564,22.374899663452855,30.22501382583954,31.624425743227743,25.37244128341906,Rohini,11.241838720667356
28.66356521906108,77.17859163880347,"31X/17, Gali No 3, Anand Parbat Industrial Area",15.648631024484173,14.086170598628945,9.998312189135428,5.177596901597433,15.260435485456599,17.704090309277007,14.19105382061801,5.111303880296017,12.822180774841954,17.414234360174973,4.791986225210307,15.186200783763876,15.703272518893673,12.867063301270466,14.544158877326204,11.145298066563925,5.828763209567624,5.151861084087445,5.989361443779755,14.953047647547653,11.639981117842336,1.7677197976227659,12.38062583589628,10.830606191386293,4.754029283145286,Karol Bagh,1.7677197976227659
28.65225629752258,77.13092442601919,J23 Ramesh Nagar,14.383409993500416,15.62278135684855,5.395031272370613,1.9360308511780078,13.01429686892587,21.08694664839256,11.099423848046499,9.706663863400031,16.67314702172214,19.374108609502798,8.441613377532873,10.65149513729486,16.012519518070015,13.28213748507786,16.39856626436612,12.208062988547283,4.932364822066257,8.683050108203652,1.3850709714624856,16.961085309046545,16.07516869097927,5.852480456449477,14.433022418304763,15.606452990641227,9.569528349979716,Rajouri Garden,1.3850709714624856
28.63046820351547,77.03137591481209,A426 Siddhrthi encvle Bhgwari Garden Mohan Garden Uttam Nager,16.799376663387655,22.2043957125193,5.588960004576619,10.174982794508875,13.449768259607985,29.518464965369876,10.634317826021537,19.622125946748795,25.807230966899965,26.084399646347336,17.84521710980915,4.498850350329244,20.775094915512106,18.778706424405208,23.28804268654342,18.804343560440678,12.28190370443835,18.087706240116844,8.95457402809797,23.98171384658393,25.776795212367627,15.749135372109897,21.816767407912504,25.59414900329387,19.577322697511086,Dwarka,4.498850350329244
28.568917,77.186861,SECUNDERABAD,5.890305773876616,5.553158145552301,11.324597146167996,12.629451561069429,23.76015208783571,13.589264899704474,8.600070456926387,10.591300398236852,11.459764775813964,9.43825392714458,15.101589115176758,13.993903092194676,5.301935403968399,2.526173318059021,6.657115734924369,2.2677344528801955,15.16687684253162,7.544042115124373,10.339967082483323,7.366729473772979,13.304029415056638,9.235708391434835,5.493780854207549,15.334441434998405,12.539126825538304,AIIMS,2.2677344528801955
28.62851974865196,76.99675228446722,Plot No_12 Dichaon Enclave Nagloi Najafgarh Road Near DTC Depot,19.223992934077675,25.247333743220924,8.917037837317634,13.385939837991232,14.650393232624007,32.77813649724382,12.895118413046983,22.998311969826513,29.158524434319776,29.09891577653545,20.986158572312643,6.285821194976573,23.530442297576027,21.716245997459733,26.364579910534793,21.907318629729264,15.230141459154888,21.46931092059777,12.331590447098032,27.070532181118647,29.16264979741224,19.124378494544853,24.9834177306473,28.956577904772043,22.904724495930235,Dwarka,6.285821194976573
28.62848443422919,76.99679955840111,Plot No-12Dichaon Encleve Nangloi Najafgarh Road Nera Dtc Bus Depot,19.21794516176673,25.24163309723661,8.912117509874408,13.382923479802521,14.652163047188616,32.77284714581304,12.88906280843086,22.99426988107088,29.153643858550577,29.093171525464154,20.98352421757335,6.279762535325968,23.52449504768823,21.71043832224865,26.35892245071742,21.901713822351525,15.228093935810945,21.464762160622634,12.32751145785696,27.0648911636667,29.158241305479724,19.120345363026576,24.9779158008258,28.952721266071897,22.901159737659324,Dwarka,6.279762535325968
28.71529754941074,77.25789483636618,"Khoojuri pusta Road, Opp. Crpf Camp, Bihari Pur Extn. Delhi 110094",23.514833322299776,18.652475568227413,19.576780548473007,13.861923393414962,19.999590196559,17.38772607107229,23.461053717481207,7.101297970042467,12.289400876463466,20.569509832524236,6.382180049817155,24.802479531786556,21.79850936923976,19.29007580486784,18.45819106078312,17.11815740985491,12.433901251037192,10.147626460760838,15.524678487064943,18.491654829324766,8.976712445829461,9.612780113056548,16.475483719028258,5.5316974709857405,5.367495289710312,Civil Lines,5.367495289710312
28.71530019579926,77.25789315998554,"Khoojuri Pus ta Road, Opp. Crpf Camp, Biharipur Extn. Delhi 110094",23.515028195547142,18.652751911579116,19.576797836366328,13.861880420148069,19.999373671287895,17.388060490087344,23.461168024684696,7.101508280635697,12.289730079476225,20.569815202859942,6.3820742009232,24.80250548258464,21.798758170192638,19.290309347959024,18.458479442262508,17.118395809940175,12.433789112926803,10.14783187558528,15.524692232942156,18.49194987327704,8.97704772525128,9.612884683046389,16.475762514886984,5.532033187570045,5.367633437395598,Civil Lines,5.367633437395598
28.45531218981021,77.18375992029907,Fateh Pur,8.224735338118695,11.660332948834167,20.760434509272617,24.434492471320688,34.98155576960385,18.922524367284282,13.88652222141693,22.795493706667923,20.292493914486673,12.118416758434826,27.73618758342851,20.3098150526009,8.010608920461351,10.583230683426534,12.369863606541807,12.702794025039978,27.298297237114472,19.853653427146742,21.668141123496206,12.739545905040975,23.390198941813104,21.870688253312622,13.776486601105644,26.369040555963785,24.93350461678479,Saket,8.010608920461351
28.45527622773179,77.1838303282857,Fatehpur,8.230910705105435,11.660718061948872,20.767109099270108,24.439973967943452,34.98773615018524,18.920188690245954,13.893808775519474,22.798042382729182,20.29220374101839,12.116227166140638,27.739946708872484,20.317369821676575,8.012535806645504,10.58614832238634,12.369577991694987,12.705324303020133,27.30349631374847,19.85648625523422,21.673894804267515,12.7388589224646,23.390540229212203,21.874466870698708,13.777221327894722,26.370044919086787,24.936341465650568,Saket,8.012535806645504
28.44837806222082,77.18536052852869,Fatehpur,9.002194101065921,12.282776866252881,21.520150083653913,25.22083882114733,35.758200114754516,19.342933696466044,14.605430124506226,23.521906417273627,20.86812079188522,12.557443087729345,28.50193794226575,20.99486159209139,8.715188431049338,11.325094560544702,12.950059664468444,13.429963452850565,28.084970428784597,20.591070294783993,22.45240050599311,13.292454631020282,24.00521443922293,22.63707391985438,14.417709936473342,27.02195580043194,25.67070355414955,Saket,8.715188431049338
28.45881401229404,77.18461755663157,Opp Govt School Asola Fatehpur Beri,7.893087470437206,11.27653592762233,20.45229131491315,24.075621552062767,34.647892624285596,18.59796511510038,13.624509696024335,22.397211537610254,19.91892317702481,11.790255538259286,27.34422497135165,20.076139805615256,7.613332532015757,10.18568370577572,11.996540460377448,12.30450142090268,26.93146345144772,19.455840851142327,21.31818904058234,12.373800776673932,23.006728161255342,21.478948467696508,13.388246543689029,25.977845826582765,24.53570162238071,Saket,7.613332532015757
28.45879986374971,77.18461353331804,Opp Govt School Asola Fatehpur Beri,7.894394370457136,11.278110127838863,20.45350484772447,24.077056037992662,34.649218324631086,18.599311175936034,13.625521938131524,22.398831588761233,19.920460031794534,11.791612764738478,27.34581001320251,20.077036732272962,7.614952835329159,10.187297911353808,11.998075196509062,12.30612164690833,26.932933430379858,19.457456888727837,21.319583940618426,12.375306409710008,23.008302088032398,21.480532301545143,13.389837246602042,25.979447336586787,24.53731760864011,Saket,7.614952835329159
28.44899269845141,77.1842822805047,Fatehpur,8.902374449437978,12.266230666394325,21.412310139149465,25.130229069786893,35.657255163987884,19.37004562884623,14.489217850620472,23.474699746780516,20.86368835145324,12.580190405261916,28.436794840772755,20.87452403993811,8.67471986542785,11.271273939737151,12.943802864580618,13.3821144161139,27.99848572315223,20.539461288734724,22.357856999244536,13.292396814498169,23.991458700956994,22.571519408067754,14.396568614884922,26.998301899543485,25.619274725458496,Saket,8.67471986542785
28.8615558979645,77.0862653106451,Khasra 33/13/1 Gutam Colony Sfiabaadrd Narela,38.05678817606531,37.86224398242372,26.64894004362186,21.746042039835952,12.803951965333395,39.89772448392341,33.98043773009839,26.805750948768807,34.610908591132414,41.04992737812404,20.34743876339581,30.218280094711492,39.273874590672634,36.442458736782946,38.26048168928836,34.88431507816169,18.880685866649646,28.567305439610863,24.607135335889716,38.61394927754925,31.83709803828003,25.4463928504353,36.077670000535115,28.754513028808674,24.613467562892247,Rohini,12.803951965333395
28.8575122266853,77.08822902292013,Gali No 5 Sanjay Colony Safiabaad Narela,37.58091129192867,37.37363097494707,26.198917653940313,21.269842757274287,12.412703150586507,39.421569735278034,33.5240526386712,26.322705948598635,34.13492783869587,40.562170520531126,19.863601353512227,29.79837991473542,38.787641208851745,35.95594349350429,37.77213307350851,34.39628188965114,18.39868368633072,28.079577717663955,24.135212626013423,38.125941018224644,31.369614477995587,24.957807505775452,35.58938228260261,28.2971118229848,24.132912906099776,Rohini,12.412703150586507
28.70252823943538,77.02771537005901,Rani Kheda Road Jay Mata Propartes,23.320284235290394,26.791523491145533,10.712015917052273,10.27365454424406,5.919627232932889,32.58791452536405,17.734619173940267,20.42319087173985,28.025542145357225,30.640109203628857,16.18051289227985,12.408019401246522,26.39674232908388,23.93765192505987,27.679323022693346,23.30068431672536,10.21216465775123,20.058609348356484,11.372922777581733,28.28689706480246,26.963761462724236,16.885625246954127,25.819031727830613,25.687869529213767,19.45868628304739,Rohini,5.919627232932889
28.8578825091314,77.09323570132256,Ramdev Chok Narela,37.54128491574358,37.22265038765194,26.245409020332758,21.231749912488677,12.582574364117717,39.1698963199802,33.55205069756924,26.104578735055703,33.88284204557546,40.38438822883741,19.651477892377166,29.910438567529162,38.68452750356156,35.850177390105706,37.6066769587499,34.26959949061782,18.331458878820058,27.90240847385291,24.114183187674904,37.95266317740958,31.089751181706664,24.804125444335384,35.42242711178412,27.99191900243053,23.90150040358312,Rohini,12.582574364117717
28.68250777488038,77.03241225332022,"Plots No ,497, Pilar No 515 Opp SBI Bank Mundka",21.203465982776375,25.056790169964717,8.638764660193095,9.241411095357124,7.800184210147351,31.23125966647691,15.517049907395213,19.526830961460565,26.848407289108152,28.9326278819948,15.913040609719348,10.139968331662024,24.451164008750688,22.067882183757494,25.991909821123247,21.56009147051217,9.859013512365868,18.855030730981056,9.816633723909774,26.621791885771433,26.04239568525208,15.832940953184139,24.204286921959472,25.050463249845865,18.799040151921506,Rohini,7.800184210147351
28.62962184695797,77.03267343342304,L Extension  Shop No.1,16.64310795483306,22.050325437165792,5.448615094350216,10.100924142029486,13.5199850145507,29.374061426433705,10.481510531885194,19.51097728793093,25.672867893272038,25.929826897112793,17.777034607350412,4.3703458996054305,20.617424899033818,18.62246609269723,23.134914795099608,18.651766788799787,12.237817439520404,17.96199313412592,8.844170528616234,23.828979754412643,25.655085753572486,15.638674316212798,21.666776108145733,25.487832067067174,19.48026377780302,Dwarka,4.3703458996054305
28.6074561177297,77.08186782896519,"RZ 118 khandoliya plaza, Right side basment vaishali dabri palam road New Delhi",11.606483897565555,16.66283470605359,1.7072858142777687,8.090097946255849,15.976273064841845,24.182393957355295,5.9680868999770045,15.467375210034254,20.777898538880713,20.537118276171746,15.347342598118855,3.8958221528724115,15.279700771773609,13.227329005343586,17.759433966281676,13.287386232120982,11.062370801348472,13.429667210778014,5.532107981534923,18.459258234157097,21.163485757459362,11.733042957754598,16.351424842855458,21.51419411792307,15.944197563676159,Janakpuri,1.7072858142777687
28.5057390231017,77.23678484559059,A9 Devli Extended Tigri Road,8.35326159017833,4.747372588175557,19.456057923645986,21.146650594129323,32.30633210887004,11.326405612486703,14.49292382694092,16.74247582901207,12.85961277887961,4.519280471792212,22.51062501167541,20.963612279270563,3.612469908190309,6.034420791636154,5.057738380414675,7.3179036631177405,23.55110225861832,14.120867872531504,18.885892373498304,5.269320572667446,16.137739856843915,16.858652409552462,6.917309584667681,19.359727101290858,19.03368401189048,Saket,3.612469908190309
28.61372873471382,77.1068723872304,Shop No 18 Dda Market Lajwanti Garden,10.93722284138004,14.780549501973274,2.0715625568866196,6.430917671767612,15.866078003517064,21.920450206462757,6.432002209524103,12.938555723030419,18.34080293481078,18.67743806991614,13.179844307193008,6.410850938466136,13.902867013666436,11.577269849047806,15.812890415568965,11.320428639461678,9.540512136837224,10.900470495215385,3.527589298435731,16.48873661973743,18.638661106749712,9.23411283089389,14.251464166025736,18.983045636903544,13.481734010267218,Janakpuri,2.0715625568866196
28.51479999102659,77.22959082573652,shop no 7-8 basist complex mb road khanpur,7.463705449491549,3.8406653694026494,18.263568277556182,19.9215298335841,31.078555973909623,11.289803420811996,13.4703803171946,15.723116101148925,12.310638515519713,4.617109851047733,21.395237466479845,19.88505386410549,2.4917819495788813,4.806457609404527,4.393148440422405,6.132828174587575,22.33938133007092,13.037363498723286,17.657798184808406,4.754368460858013,15.476664087447906,15.705955774596433,6.028413531585129,18.596565527873608,17.99692223212555,Saket,2.4917819495788813
28.757763163852,77.14932169765234,"Main Pusta Road,swaroop Nagar",25.941698140046537,24.860124505719526,16.25555132643337,10.120030062965963,9.096311021263924,27.00643066600702,22.923656860989727,13.780830919282012,21.73803071464103,27.983075879056845,7.320186753832272,20.99838465920629,26.53315470527764,23.69281154348218,25.215411810902772,22.001177554835476,7.002952529648882,15.50187503817381,13.088793374372335,25.553483845275487,19.22422186595178,12.450339042402678,23.02972056859307,16.520148217189586,11.658213343521286,Pitampura,7.002952529648882
28.50538752848248,77.19673611223698,H.N 62 Gali No-1 Neb Sarai New Delhi,4.685295897237942,6.2993756265523215,16.76399918391015,19.473614209683728,30.389775027603886,14.572166720700688,11.010519337740421,17.08683335866277,15.027386270063358,7.98731456105,22.153531744567204,17.599380468287464,2.333528521399825,4.904985146198411,7.236446462088866,6.994295976571802,22.175703391771897,14.157943471294967,16.89871535550413,7.764106712323896,17.930991372095573,16.301407736812564,8.27777281882797,20.770657629256057,19.23691829205814,Saket,2.333528521399825
28.67076611764149,77.16002404689789,3/2A PLOT N0 10 AMAR PARK ZAKHIRA NEAR ASHOKA PARK MAIN METRO STATION DELHI 110035,16.274680321344125,15.624413359032681,8.89932224258899,3.334368256983706,13.356068016930905,19.64733227393471,14.022019891311402,7.045401549610422,14.798555820311813,19.08672176878285,4.988053908890009,14.154814294445508,16.887752877379015,14.050899508807806,16.17139499510311,12.506600145065638,3.952062429889442,7.0462201839633885,4.85508898874767,16.622265684007147,13.58532071239911,3.6710261591343865,14.039129622360717,12.587130762375228,6.372076511974965,Punjabi Bagh,3.334368256983706
28.67097438857718,77.15954158455133,3/2A PLOT N0 10 AMAR PARK ZAKHIRA NEAR ASHOKA PARK MAIN METRO STATION DELHI 110035,16.29619211041978,15.66775598969926,8.876295547887338,3.2887550766603963,13.305338325835539,19.699253399612868,14.023476317310196,7.096540728528093,14.851003981559503,19.132881551290755,5.001742956466801,14.132176136579835,16.922783025168922,14.086307717989166,16.216687705794296,12.5463379562047,3.9029476087505937,7.0975255291700625,4.834437917487728,16.668463021400157,13.63656572127997,3.722896657582157,14.085252920369323,12.633594735508389,6.4165967851242245,Punjabi Bagh,3.2887550766603963
28.67097174106786,77.15954460203648,3/2A PLOT N0 10 AMAR PARK ZAKHIRA NEAR ASHOKA PARK MAIN METRO STATION DELHI 110035,16.29590766648985,15.667354666508665,8.876346890012277,3.2890302766076944,13.30575362924051,19.698844183285846,14.023330516857635,7.096186253256738,14.85060730657214,19.1324709625133,5.001767561803205,14.132224479704602,16.922419730910864,14.085942419734915,16.21627966159231,12.54595160054396,3.9033637098691774,7.097112138430214,4.834467664210768,16.66805232269989,13.636209331003624,3.722487008418517,14.0848424164036,12.633307659888944,6.416332593394266,Punjabi Bagh,3.2890302766076944
28.50548681920188,77.19679780304432,Hn 62 Gali No 1 Neb Sarai New Delhi,4.685674909749352,6.2870700463175595,16.759291075391694,19.465433901433723,30.38262831982753,14.561430366297492,11.010029817190434,17.074842454501454,15.015033806437739,7.977771953137132,22.14257626136847,17.598371286987778,2.3209840885737703,4.893568362709604,7.224539470378787,6.98233102802867,22.166829803979567,14.146179000953284,16.89135417429417,7.752503358536071,17.918439516313885,16.290585700822817,8.265233008479992,20.75809525433209,19.225128131202094,Saket,2.3209840885737703
28.61439479746953,77.10723146796227,Shop Number 106dda Market Lajwanti Garden,10.989828259679234,14.786604268430054,2.0721917065273123,6.349901251468537,15.806600751077552,21.90244083357461,6.509375003329599,12.878983054565147,18.307710927681246,18.683644153037548,13.100567371088225,6.471350689774238,13.931348740616807,11.59571318450435,15.815295701582672,11.323361938356168,9.459910578809588,10.852746612517434,3.4456530981854714,16.48968180955222,18.591892158622297,9.169057800627227,14.245537474710828,18.924253323909404,13.413411767396925,Janakpuri,2.0721917065273123
28.61420760571218,77.10724957287312,Shop Number 69 DDA Market Lajwanti Garden,10.970165271319532,14.774759482184754,2.082274395655502,6.369339096823385,15.826924110850173,21.896137826022045,6.488876114024392,12.884873666737635,18.305366244399128,18.671775340060826,13.115380827127108,6.465045101430207,13.91519476503689,11.581374045546756,15.804232612781318,11.312170581001249,9.479571432219378,10.854684040604562,3.4638036309094367,16.478937863316865,18.593550583027916,9.176978271527762,14.236328144108587,18.92987600768876,13.422653454010305,Janakpuri,2.082274395655502
28.70738454839358,77.30972617864609,"Kh No 26/3 NEAR KRISHNA & ASHIRWAD DHARM KANTA, MAIN SEWADHAM ROAD, MANDOLI DELHI -110093",25.389179265840056,18.988876642954953,23.64725662223414,18.429753633786937,25.129605634478448,15.270321834320459,26.487338964721094,9.613846256988518,10.971548837051671,19.956367407972525,11.329856897723193,28.750661515916725,22.690930714683834,20.569001254844377,18.469438388353772,18.376669889040794,17.356020663054927,12.392379260140675,19.67493059137296,18.299516710256306,7.461834840336312,13.131465895456792,16.838298065297337,4.256336192228113,8.9452055225161,Shahdara,4.256336192228113
28.72391736372166,77.08590555936098,89 Pocket-3 Sector-24,23.14884169200043,24.561344695930632,11.34531878156283,7.236816432117778,4.030990080939905,28.962156215082175,18.699975088200645,15.971160655255858,24.011714023105018,28.200824303702554,10.719866146196685,15.165785381263053,25.109191616957276,22.377962171308816,25.241130677188803,21.220680881756255,5.441560574638227,16.38327606802408,9.717338511682946,25.74896088611948,22.37921039234872,13.000790501820596,23.17423409336517,20.580857645284468,14.550975869782755,Rohini,4.030990080939905
28.72839282411243,77.26231545209885,D 75 gali no 15 west karawal nagar delhi,25.01553599791768,20.14654434807634,20.738362978845448,14.849251219741843,20.20207753094228,18.592813026367942,24.84979948215204,8.613503418485372,13.581772867793017,21.996986729644743,7.204407586066915,25.983568416584458,23.314892439957827,20.808611616555464,19.932104591735403,18.636667557262424,13.172440774419956,11.65678518650709,16.68227076650146,19.95052198275635,10.1806289610696,10.994183555143056,17.96634352495654,6.615066891210873,6.812693327393165,Shahdara,6.615066891210873
28.51362215340459,77.20802653580904,"Khasra No. 90, Saidullajab Anupam Garden",5.4153305561228136,4.892219119095731,16.816984746536328,19.05734462638048,30.100686378703017,13.161290552902067,11.566233091168181,16.002405706369835,13.62165189948402,6.64773291931745,21.282413758975164,18.071769520164686,1.217564910146918,4.052975188486842,5.805003603994277,5.9607027400679575,21.65094164525206,13.134755695373203,16.606198618911666,6.33070024518442,16.572567445260898,15.466467801188188,6.9207101356337155,19.47650824887599,18.197918852684552,Saket,1.217564910146918
28.8011284711346,77.13851273059845,Shop No. 5 Main Road Alipur Delhi_110036,30.796775965182118,29.753334908765943,20.533791515335597,14.732312094147382,9.847714249988552,31.47099614213964,27.492727759200754,18.433791535766442,26.1839708098058,32.80602105988586,12.00192884071786,24.933011928389625,31.468872843341106,28.628508013820962,30.0759450985581,26.930208075395544,11.639316960608957,20.344657645370784,17.711142599526024,30.392299819846563,23.42036290124583,17.361935155851558,27.889153878787425,20.397332319759826,16.212395248859757,Rohini,9.847714249988552
28.61421967311539,77.1070571243763,Shop No 77 Lajwanti Garden,10.979219073750878,14.79175062461755,2.0646063813377302,6.3734463776173556,15.81978671590934,21.914759952714732,6.4881873974012185,12.901894521735754,18.324181490792892,18.688753661004473,13.126423849425906,6.448183961899884,13.929265485547264,11.596924059312316,15.821569749091122,11.329456252586139,9.48311526767935,10.872933794236557,3.4704893545230857,16.496403733233727,18.6118624015638,9.193079265830667,14.25432224801983,18.94700401021376,13.43804072221547,Janakpuri,2.0646063813377302
28.61421996744228,77.10698269307613,Shop No 77 Lajwanti Garden,10.982285718670502,14.798083052677313,2.0579804076206667,6.375514529021146,15.817493506509907,21.92185567543849,6.487452133908735,12.90865490405878,18.331445225337234,18.695080177814848,13.131071841372885,6.441480121900694,13.93436250301775,11.60263887574528,15.828054807629089,11.335918889817485,9.484965151139225,10.880078672537339,3.473539250666816,16.50294623096423,18.619024538625712,9.199530851991506,14.26110610514078,18.95379930644871,13.444245309477976,Janakpuri,2.0579804076206667
28.69542804775136,77.29947175830603,C/475 Gali No 9,23.72549512968847,17.39160446237944,22.21279356929375,17.183271715135355,24.441233506078625,14.097786669583831,24.874094131189118,8.035203811094686,9.55499520039303,18.484566542455653,10.376358360550327,27.27363659083551,21.057826634344213,18.913901841878953,16.90463036546824,16.719807701065402,16.315858121724883,10.758738968585702,18.27834793366476,16.759024471767972,6.010990883875705,11.645583515628408,15.231099838696448,2.62312105718824,7.560175531981937,Shahdara,2.62312105718824
28.4989069128432,77.23830599337816,G Blobck Plot No. 1,8.715192301706194,5.503514817284849,20.07734137280704,21.87700816535142,33.025895325759855,11.717228848230699,14.938295535993433,17.50765617959865,13.48470659470375,4.919384723338246,23.284716916711332,21.45281173215501,4.206672494492254,6.742107663129869,5.756304570672148,8.081632283843538,24.30100386760958,14.893901073432097,19.58869950507047,5.91902570709622,16.80088731912776,17.630640498836897,7.6637649387750475,20.056476778515304,19.80123590949911,Saket,4.206672494492254
28.49887892114176,77.23815008997917,G Block Plot No. 1,8.701815106500531,5.506754814753508,20.068319615207848,21.872069199471696,33.020348671470366,11.730490779194394,14.92585106611732,17.510092558318888,13.493773509234957,4.932193730489611,23.284926737908183,21.440985907523316,4.197578987886386,6.736282786319386,5.762717029219313,8.07936060804978,24.297336410345178,14.894833330552263,19.582422703998013,5.927122035756001,16.808865020870357,17.62965351936803,7.667817044096365,20.06325482458352,19.80334899012868,Saket,4.197578987886386
28.49887126025374,77.2381091862917,G block Plot no. 1,8.698318138628036,5.507647057696246,20.06597797133393,21.87080552597744,33.018924212202144,11.733995205223827,14.922602095289635,17.510769203836684,13.49618645456945,4.93558232496761,23.28501811571845,21.43790106321508,4.195223376463374,6.734789040466122,5.764439538313329,8.078802579170933,24.296407635472395,14.89511547925415,19.58080634009784,5.929284273739172,16.810993086303498,17.62943083427524,7.668920199152374,20.065068898444398,19.80394052717941,Saket,4.195223376463374
28.70612152981415,77.02778946608306,Rani Khera Near Bus Stand Kanjhawala,23.65651933144933,27.04308480180491,11.044701646595067,10.418081179774685,5.567402058480087,32.762582403929905,18.099032515835074,20.520329352397685,28.168210490653234,30.884769346282333,16.17225354498882,12.802541447046174,26.69276570831636,24.218264883869256,27.92094550312258,23.555006432508012,10.238354940624633,20.212387975091076,11.606074849294508,28.523791133657333,27.0596799842814,17.01598890981784,26.04694593991679,25.73319292631771,19.51443563895462,Rohini,5.567402058480087
28.49287821291568,77.2458916157484,It Block Gupta Cloney Sangam Vihar,9.642839190767074,6.213595046483238,21.07668808485412,22.830694297363095,33.99040218788233,11.675498305010347,15.89750160683106,18.224265063009906,13.826699571279573,4.990024270058995,24.089552509649717,22.42705075107801,5.206098302888321,7.714651117913938,6.307109334199357,8.977273623699105,25.22616560337932,15.675470037550213,20.56558385972706,6.366618625544567,17.21324544169023,18.47987197575718,8.324271700622788,20.542333660313123,20.530522153568604,Okhla,4.990024270058995
28.50821359457293,77.20048952847719,Khsra No 180 /1 Shop 4 Navary  Sharay,4.889954446956571,5.822580273228337,16.760628432578642,19.315323051833637,30.277742859692182,14.097743670153926,11.173251236472542,16.710802520666295,14.551822416704264,7.534836208070176,21.84752665745159,17.73980763008993,1.9068384146323962,4.579877430168247,6.753781800161001,6.624457377165634,21.98290625377185,13.799921331066185,16.77971262841044,7.28142430841668,17.469705144678823,16.004614919420252,7.815260625334839,20.32944104977377,18.876022039282137,Saket,1.9068384146323962
28.60686006570619,77.08145678043365,"RZ123D Dabri Palam Road , Near Jindal Public School. Delhi 110045",11.578409948652018,16.673821111732405,1.7833099486867015,8.167567433195739,16.035618230908405,24.21095630242698,5.916985286592405,15.528286762904157,20.81894565729989,20.546323273354037,15.42251609883774,3.8309419959678688,15.271913393177067,13.230270654325333,17.77294187446458,13.303097041185582,11.139574245540219,13.482337732140905,5.607310363398691,18.47369002018435,21.214951615792284,11.79745164632529,16.37235938896967,21.574684419655675,16.01138069258341,Janakpuri,1.7833099486867015
28.60686006570619,77.08145678043365,"Rz-123 D, Dabari Palam Road, Jindal Public School, Delhi-110045",11.578409948652018,16.673821111732405,1.7833099486867015,8.167567433195739,16.035618230908405,24.21095630242698,5.916985286592405,15.528286762904157,20.81894565729989,20.546323273354037,15.42251609883774,3.8309419959678688,15.271913393177067,13.230270654325333,17.77294187446458,13.303097041185582,11.139574245540219,13.482337732140905,5.607310363398691,18.47369002018435,21.214951615792284,11.79745164632529,16.37235938896967,21.574684419655675,16.01138069258341,Janakpuri,1.7833099486867015
28.60861642263615,76.99548225849867,RD-Dharampura Ext.,18.086808200493152,24.675358117535232,9.131669323585584,14.39527841685527,16.74793104203783,32.54349757278617,11.752560251820615,23.520385539468414,29.20947093643802,28.467506311751833,22.08184708361557,5.262740830704233,22.639821840446565,21.037276661823793,25.833023318518702,21.445499699953203,16.543500826741546,21.74216348212714,12.919900881317648,26.552956956305692,29.481262478356914,19.67048935090948,24.60132228583096,29.544162597416978,23.639360623198673,Dwarka,5.262740830704233
28.65849416931189,77.27351937443018,Jheel Khurana Scooter Market,18.92528760809602,12.705079554140921,18.575489212309094,14.451115620596116,23.455849741686617,11.01490754953787,20.403727117613983,4.224792813171982,5.816499481866552,14.198978026893434,9.330855152910294,23.40178054317991,16.26908845352363,14.089954282995443,12.323127316938152,11.895278064398683,14.422871914415317,6.305066100701125,14.882195906404494,12.259700483509185,2.836661735425952,8.094938723118071,10.523472777486843,2.2671763004923604,5.144104898224212,Shahdara,2.2671763004923604
28.6250103198141,77.14046739041805,WZ 572k Naraina Village,11.254091102358686,12.828198421438707,5.15224553188245,5.104483478886022,16.07475781370921,19.09007272552795,8.61128693936982,9.427795416617926,15.152029386034354,16.665204841135374,10.256494229329709,9.921390632850056,12.907853369484807,10.22677903157005,13.703750556421015,9.349120754770405,8.001175387519487,7.475290071298412,2.644892155496644,14.315326862260852,15.21224206623742,5.758830962805232,11.874862964616698,15.472178319867263,10.047312381172471,Rajouri Garden,2.644892155496644
28.62500708255097,77.14047845453024,WZ 572k Naraina Village,11.25360681095286,12.827151784826624,5.1532989476398114,5.105129974155028,16.07561755245168,19.08893441008369,8.61146284831393,9.426923959444045,15.150915857278784,16.664138477698526,10.256259320647208,9.922261935537355,12.9070012234443,10.225868126339503,13.70267676215341,9.348088991336114,8.001642424632834,7.474250123912506,2.645888756654293,14.314242575819831,15.211213748830902,5.7580951673329475,11.873758446043055,15.471293111663904,10.046631685184314,Rajouri Garden,2.645888756654293
28.60861907171943,76.99545040726662,RD-18 Dharampura Ext Najafgarh Near Shree Hospital,18.08962273404554,24.678431253923506,9.134689753509843,14.39788905144671,16.748760309028796,32.546619010748806,11.755406961392415,23.523347925021433,29.21257872127397,28.470558804981373,22.084425310233947,5.2657576812340166,22.642775991615167,21.040322527971984,25.836105539485292,21.44860005309108,16.545832908412603,21.74521633670438,12.922788553004812,26.556041876160087,29.484310386101118,19.673431235097553,24.60443271612724,29.547103741472366,23.642211266325873,Dwarka,5.2657576812340166
28.63363668291608,77.01689299196005,Nangli Vihar Extension,18.069551266998445,23.63945018162497,7.042602386614401,11.344270274499516,13.439546590641038,30.974961240763637,11.831196988953687,20.97601111400023,27.24735257477092,27.515388178932476,18.960054545170806,5.422639708573235,22.14536160747244,20.191465061524536,24.728930312159612,20.248161140359734,13.250738403614905,19.50200571140157,10.314540774465682,25.42461763434196,27.174693465820727,17.101908451171433,23.269097005451147,26.922599645676904,20.860639141598817,Dwarka,5.422639708573235
28.72123558264575,77.12339278310537,rohini,22.079043170729094,22.27076874512768,11.57857982437115,5.8023680807146825,7.235052933188089,25.898253936190777,18.492575677134493,12.690329565079068,20.819274959356186,25.73310407924988,7.092238462938535,16.223851545269177,23.334916741196732,20.521449024110407,22.82351071094951,19.099688088659402,2.870855606247608,13.5063839560061,8.755905589908519,23.26853739719176,18.960720637064917,10.139236002872774,20.686442935408706,16.995597531833933,11.083659891631223,Pitampura,2.870855606247608
28.50894926678956,77.20104273408651,FREEDOM FIGHTER GATE NUMBER 3 NAVSARI ,4.910790248900874,5.725154289393781,16.7346453166032,19.26008316791997,30.23044493183286,14.010399697411433,11.182064070413116,16.62088489269471,14.45426827545892,7.456822427475093,21.767498146423435,17.742981469344716,1.8124071845366663,4.498859109023148,6.65861896402702,6.536018859308779,21.92145987935768,13.712532020619394,16.731766743341723,7.188240514159186,17.371690275092522,15.926220455147284,7.717236327240354,20.23242900887516,18.788080238502474,Saket,1.8124071845366663
28.60725684540481,77.0814923197031,A1/47 Ground Floor Vijay Enclave Dari Palam Road.new Delhi 110045,11.611213169989153,16.687852122663827,1.7407717843306458,8.128362203082363,15.992538713383885,24.214836868247914,5.957949460707746,15.509479776582994,20.81483838503373,20.561331400445983,15.388976945793127,3.853164090165917,15.295620338915532,13.248580776128785,17.7855858014153,13.314495433334674,11.098519104975122,13.470017857184386,5.57374337966311,18.485820780834693,21.20353440846009,11.775626019854272,16.380777436828748,21.556231165189043,15.986997429004326,Janakpuri,1.7407717843306458
28.60726184929353,77.08150338381529,A1/47 Ground Floor Vijay Enclave Dabri Showroom New Delhi 110045,11.610995152250448,16.687076185944104,1.7398695272928204,8.127315745480143,15.992153393333219,24.213864441823194,5.958152070885137,15.50827304147619,20.813750944560265,20.56057728758239,15.387818008562391,3.85437874265693,15.29509179894782,13.247906305309392,17.784779494441562,13.313663268463882,11.097539700579668,13.46884808926977,5.572584201741841,18.48500351731282,21.202371652022432,11.774412017855658,16.379885887119965,21.55502566735596,15.985782934033548,Janakpuri,1.7398695272928204
28.60725507932638,77.08148293197155,a1/47 ground floor vijay enclave dabri new delhi -110045,11.611616704239438,16.68861849014837,1.7412797721004212,8.129016862537554,15.992593208750147,24.2157078505927,5.958040452123201,15.51040676291861,20.815757371705573,20.56208508433641,15.389766272019111,3.852254046727679,15.296234612551709,13.249286871119201,17.786369520215185,13.31529364560025,11.099103326593251,13.470955058494168,5.574533064619086,18.486610670971274,21.204471236316035,11.776539736533108,16.381607784067903,21.55715928692639,15.987894784007173,Janakpuri,1.7412797721004212
28.51078680449503,77.20227789133787,A1 Block Shop No.11 Near Karnataka Restaurant Neb Sarai,4.957270183917611,5.491175969438964,16.662474069485725,19.118014990953316,30.10660796253409,13.805401956880413,11.195005121617646,16.39908090139912,14.21971725191239,7.277724163058047,21.567687385691006,17.74094583995669,1.5822311934760176,4.298859789121466,6.431963484596454,6.318052996995357,21.76464713455772,13.496379666599616,16.607175389379034,6.967421691960887,17.134452232700887,15.730353419214268,7.480023777245285,19.99621752441612,18.570568311957082,Saket,1.5822311934760176
28.51321382543553,77.23511885851622,C1 shiv market tigri near mother dairy,8.024261661446415,3.928134125690559,18.789220723140218,20.351213816610173,31.521956678316865,10.9457650889617,14.03826546882216,15.906297882811286,12.195385370081095,4.203114430046789,21.66368568071594,20.448431513169073,3.0559396127593814,5.2814525933611005,4.323088146012861,6.485091665468486,22.73244890567833,13.275236295636553,18.123537049105718,4.602864095985444,15.424113085995286,16.014235524961073,6.108540795660822,18.60448115100476,18.19455451366414,Saket,3.0559396127593814
28.65463916010149,77.27500230073929,11/8 Geeta Colony Delhi-31,18.681057169695784,12.333419618632034,18.628556675645708,14.636463081175691,23.77365634711551,10.568391520692064,20.289904227635052,4.365310776701084,5.364430853013303,13.771410580748057,9.691373043360842,23.40866201514805,15.937628862812424,13.798872430316674,11.928644838962896,11.610165560100214,14.691920421878464,6.2442925509324425,14.981458178152264,11.852557940982626,2.4533979231580716,8.212161040299616,10.156420959708871,2.5213772065180806,5.4555616336636055,Preet Vihar,2.4533979231580716
28.4866140112668,77.31059856712818,bye pass road opposite adani cng pump,15.871309112766488,9.825891276736735,26.454142656877654,27.14813288845321,38.327628452716745,9.481203706778466,21.982317224387145,20.422504630853705,13.763304532743062,6.12322716120772,26.795603808440195,28.383871448759947,11.000795113473846,12.856763465863096,9.072358162215181,13.299787396727178,29.13035820074173,18.53783550126931,25.285207106235546,8.586895042611436,17.28806712066544,21.78129669341885,11.170445601759363,20.90964474735552,22.71883492787018,Okhla,6.12322716120772
28.65492631212845,77.27571744471788,11/24 Main Road Geeta Colony Near Police Station,18.749969589168263,12.384197745764094,18.703226639684896,14.70234216612084,23.822077038030805,10.563948875513262,20.365896067319706,4.433896368171148,5.369772703002733,13.804404474657177,9.730450397934652,23.484770968009236,15.99595397004052,13.863006803589695,11.973672689642502,11.675125624511262,14.748010722989536,6.321031014551459,15.05383760825807,11.8936962960963,2.4172822975606665,8.283119958015833,10.20837409075499,2.457090099289277,5.503982314870302,Preet Vihar,2.4172822975606665
28.5088193386694,77.251289896667,226 8/A block G1 Ratiya Marg Sangam Vihar,9.664258383108583,4.569799306299642,20.32310996681472,21.622273511960284,32.818774295225936,10.03784493776635,15.690453197149715,16.515644233692335,11.981476092570643,3.249031745029334,22.486471710283016,22.08642883752463,4.7016686137851815,6.735754455527212,4.512363767793515,7.642615608742631,23.898777039356634,14.05345711773781,19.496261174223392,4.527725466957067,15.363880187265812,16.96747931798893,6.595928555002754,18.69993480181697,18.832102908114273,Okhla,3.249031745029334
28.71025988050392,77.17675331979989,Main Light Old Monastery Main Red Light,20.77461755220304,18.986361687046866,13.109368462423946,6.749270844303748,12.507119939156738,21.274653762496378,18.69686582646224,7.963602667993003,16.05365209846011,22.064136315378963,1.7594220942139258,18.314367075205123,20.860002412726384,18.03135693400179,19.309939212101153,16.23505236937389,4.603148845738352,9.585711072317142,9.230237794032698,19.638088492773086,13.855741763399855,6.634440690987442,17.123299007503523,11.679088390450753,6.012904180501841,Model Town,1.7594220942139258
28.52335615336092,77.19517070800066,Lado Sarai,4.024299581740098,5.0829451755424255,15.165895803773829,17.560499302122118,28.546729647284728,13.82505351032209,9.98818749724481,15.164541163240017,13.654361289399182,7.667870602503542,20.15397945162491,16.452517983716223,1.1238376494704574,2.93570350333178,6.200843865669132,5.085847620586988,20.220827505720468,12.207432468335227,15.047280004013494,6.838570831353919,16.370068415186388,14.29950473963133,6.799304175660537,19.062717046978236,17.28699276783975,Saket,1.1238376494704574
28.52333700558388,77.19515729695559,Lado Sarai,4.023058248518932,5.085208054715755,15.166529569814617,17.561960308871758,28.547984497536078,13.827077940835084,9.98774775884021,15.166911376843204,13.656789600206118,7.669403912581563,20.156098610177413,16.452348699913294,1.1253822458561025,2.938018844587317,6.202997220995087,5.088261745381249,20.222458154468633,12.209755387361465,15.048534124921385,6.840650024570341,16.37255889537749,14.301594852287298,6.801750491050872,19.065213813602565,17.289312105653632,Saket,1.1253822458561025
28.52333199770316,77.19516400247812,Lado Sarai,4.02373105586368,5.084965468607863,15.167384769297824,17.562726354933528,28.548785168847473,13.826685402841493,9.98856130434303,15.167305714137228,13.656714766701208,7.668813121210655,20.156660392338484,16.453187682485595,1.1247956607377052,2.9384605699042394,6.202678400363623,5.08860895910319,20.22318764835953,12.210191130744866,15.049334892770702,6.840287171706088,16.372615283657193,14.302170511937168,6.801703527663779,19.065387687630455,17.28975070574275,Saket,1.1247956607377052
28.74114192563856,77.1514768525958,Cw-580 S.G.t.n Delhi-42,24.09074162485237,23.060284518801495,14.642051936557625,8.390099441268152,9.304901268424812,25.470735391386622,21.169212831070237,12.178514829078678,20.228002098421836,26.232873959594873,5.777731297218966,19.50786201509376,24.682905077175622,21.842333115100594,23.44067918334467,20.166851428134823,5.297573385936098,13.751902438788477,11.336600695000234,23.794098207748714,17.86879575397823,10.64221264050323,21.257303818191566,15.366412802069012,10.144966286705499,Pitampura,5.297573385936098
28.49890072520457,77.23803408443928,C 133 Sangam Vihar Near Beer Bazar,8.690310535522464,5.504452716690086,20.058377028774217,21.86429610535372,33.01222377411184,11.737131626840686,14.914566898288598,17.50717806980996,13.496203571999086,4.938328409789419,23.28043193212389,21.429893374390637,4.187613032895949,6.728011217076214,5.762891800956132,8.073229522233476,24.29032238937091,14.890843553774575,19.573890316714778,5.928710999489348,16.810336070426168,17.624351697139367,7.666120591205557,20.06371193962747,19.800198354266794,Saket,4.187613032895949
28.85395556873318,77.08877954632044,U15 Pana Udhyan Near Post Office Narela,37.1820885438097,36.989080828802905,25.803578684525814,20.871050718110766,12.043998188315543,39.07084886840591,33.126988575885,25.958784897766712,33.784625647954854,40.184420159235785,19.498069758500204,29.414317796178157,38.39421850966187,35.56293928892008,37.39111021519829,34.00676100670879,18.00164285932227,27.702071076054807,23.736114038806384,37.74699372978887,31.03323189366952,24.574309857138527,35.20880638952867,27.975561544071386,23.774368754060752,Rohini,12.043998188315543
28.51847011704478,77.1994823589921,Buzz By Spacetime,4.493931143057868,5.074791110432072,15.84986585743379,18.224958710267263,29.22495735403502,13.659448322956363,10.584902918315022,15.607663632930445,13.753291023409721,7.331342508580792,20.704662740698126,17.080525422917578,0.9659882044937963,3.439775282378248,6.11981726350387,5.515051652342566,20.867748084391227,12.680308159599797,15.725738081475251,6.71584716158173,16.568230204881587,14.860372364648116,6.936743418077738,19.34725831433528,17.758851355773597,Saket,0.9659882044937963
28.6474768751716,77.03565403819084,15 a enclave extension Chand vihar,17.90293031642821,22.678849152405686,5.829944392112751,9.127933941635773,11.514272387762764,29.5978233584506,11.936246532491877,19.01811813245686,25.631467291886576,26.57541559863879,16.666496246381183,6.239886976810371,21.577431694926027,19.4083672938855,23.710158734670777,19.218514504998154,10.88827562808551,17.757463111562934,8.45399847100473,24.38262990460671,25.33673739737365,15.157045416028105,22.10860022194531,24.890575782272553,18.75607447050722,Janakpuri,5.829944392112751
28.64747952327432,77.03568890690804,15a Deep enclave extension Chand vihar ,17.900957878218414,22.676016498358447,5.827117673335853,9.124574198864071,11.513382478013998,29.594648312394103,11.9347057617466,19.014704848341893,25.628158424157583,26.572587942839228,16.663238935318876,6.239627659798171,21.57498465491038,19.405716752565734,23.70727128956719,19.21563671038563,10.88518513205968,17.754106576222785,8.45062227553436,24.379720373535896,25.333343282358047,15.153634937570967,22.10560031948542,24.88716223286917,18.752672371678663,Janakpuri,5.827117673335853
28.74292307758902,77.14990306645632,C W 53 Sanjay Ghandi Transport nagar,24.290829160828466,23.301117938512327,14.757933310376998,8.53603045589934,9.134408455282388,25.72059470424184,21.326063091459275,12.428978139518925,20.477201448569517,26.479006544079787,6.026182619331294,19.59648152586325,24.909894263029233,22.069270475011155,23.684679167312954,20.400473871035338,5.432484654201132,13.998556279059711,11.491133590560876,24.039548143901058,18.11204462090111,10.8825739512985,21.50161648386899,15.597243851580266,10.393559955617812,Pitampura,5.432484654201132
28.74296482067706,77.14986819773914,C W 53 Sanjay Ghandi Transport Nagar,24.295526394272443,23.30669144513472,14.76076985244934,8.539562560011609,9.130652906549386,25.726319229313766,21.32980537941881,12.434724051675596,20.48290648238727,26.484686542062278,6.031868486142579,19.598693697331925,24.915175712342865,22.074551456985297,23.69031704686555,20.405897343944623,5.43580706970932,14.004247025598042,11.494842135146888,24.045214852955848,18.11759400040432,10.888140336496244,21.507260763414436,15.602489992093968,10.399248658370595,Pitampura,5.43580706970932
28.84930166017475,77.08759300410748,Nirala fire brigade station Narela,36.69261648668992,36.56094294303885,25.28591897635772,20.382480301997283,11.514313844718597,38.724715630101954,32.61387397927588,25.584783150580243,33.43986425420574,39.77508043858163,19.121580517432843,28.885690367276503,37.936107212530395,35.10658730921696,36.97305425510316,33.563106662552265,17.52742813006464,27.294270162178996,23.24007301330475,37.33458860071603,30.717523064368546,24.150195092736,34.79210956623632,27.689351892262646,23.413034863252186,Rohini,11.514313844718597
28.61102146842545,77.08443034440279,"Plot No.1, Main Dabri Palam Road",11.777814009068994,16.59532747495641,1.2535591031715232,7.621329117897505,15.626367132728879,24.006109710584543,6.282579886024591,15.096651524362438,20.526640238489872,20.478976438816783,14.890936442270178,4.301470350373942,15.326493748392979,13.210549258243939,17.676176072597112,13.193109762493693,10.59619665598092,13.109785062645996,5.07636794057403,18.37013400673576,20.84900901213828,11.341913894662104,16.2236953549603,21.14512405638261,15.535398509694886,Janakpuri,1.2535591031715232
28.74404690152572,77.14309260249138,4 A Main Bawaba Road  Near Under Pass samaypur Badhli,24.435699653206076,23.671124798855796,14.613928085912798,8.500725705169005,8.462925679835676,26.260667868561402,21.306684417686306,12.952341858795013,21.02964886247263,26.897655482093516,6.595129666496116,19.3700323414401,25.187014810228856,22.34723089159338,24.08215584738609,20.719876369794928,5.381719159449365,14.428090835451869,11.47565937182231,24.45137800145598,18.71226679410378,11.257400674387805,21.902774586603993,16.238009609627287,10.95692385059062,Pitampura,5.381719159449365
28.73545755782544,77.19730474054813,Main Road Near Buradi Road Near Buradi Police Station,23.835131478436388,21.188508735356347,16.539658663346227,10.146176351204739,13.814971050451517,22.201821914911505,22.078704511687203,9.38227379353676,16.915600484196364,23.93200430080861,3.4501704129471684,21.726359813161533,23.474946708489544,20.690454758291096,21.349139627126632,18.75035390101295,7.679737179815171,11.713365318151126,12.67499050949103,21.58418852311306,14.154128531685505,9.312155211707724,19.181575366658688,11.275426867239117,7.0801431690975685,Model Town,3.4501704129471684
28.73520737503785,77.1975253522396,A 1 Block Main Sant Nagar Road Near Dadoda Dariy Main Road Buradi,23.81158654509987,21.157102170020686,16.532364912936718,10.14077960995782,13.839504870760189,22.166713060467988,22.062875597039632,9.34876886663515,16.88050171844554,23.89889295739615,3.4248432474211734,21.720614106829164,23.4463252772888,20.66236511991576,21.316873688328048,18.721183769153416,7.681958069128708,11.682447814144275,12.664808624729815,21.551486369371943,14.119084083535823,9.285871800852066,19.149513348111384,11.241430668609814,7.046227085113713,Model Town,3.4248432474211734
28.50122489460641,77.29068115353584,Prahlad Pur,13.603317313590868,7.301153339663294,23.930066561728648,24.643866033350722,35.832492040201245,8.470867719945465,19.605644332057008,18.213193623911405,12.057152665503764,3.705693167340179,24.51996223264626,25.948053003946203,8.613423567461599,10.344498342731494,6.595309475018336,10.767451123844523,26.6712056242349,16.187684961385322,22.754983698346205,6.158109743496363,15.604121008675468,19.381514726089627,8.731671098252866,19.179059134350947,20.528221675867645,Okhla,3.705693167340179
28.50137781420096,77.29071769863367,Prahlad Pur,13.603589388847517,7.2914316567565995,23.923480553185875,24.63331208346264,35.82166403768388,8.453883893611557,19.603729600122193,18.19826136117524,12.04004196598677,3.6922647257776937,24.50565819692602,25.94470868892596,8.611731839598079,10.338754832762554,6.583592234610093,10.75848531334694,26.659421577184,16.174062774143113,22.74582295877303,6.145256968172811,15.587023298751827,19.368609701964672,8.719183639630659,19.16208677177804,20.51318387804994,Okhla,3.6922647257776937
28.62773164562429,77.03227948397398,L 183 MOHAN GARDEN,16.5238956743332,22.000473239997703,5.457694196817824,10.228418553477447,13.733646593160842,29.36578307516542,10.343223587663198,19.582027537371776,25.694059828316885,25.876617148228856,17.910462002922777,4.182321949790446,20.531004342451645,18.556792249457445,23.090485899837084,18.610573039787816,12.397126232460046,18.004266795569187,8.918488226254247,23.786650626737682,25.705374174928444,15.7113562758833,21.63766053700878,25.566967831214903,19.57476382635873,Dwarka,4.182321949790446
28.51263432696765,77.23777022212744,Shop 55 Dda Market Near Ambedkar Park Tigri,8.290251114403269,3.977998525914349,19.029316194389576,20.542602708525244,31.71928911868994,10.775359237659563,14.303797110472766,15.980429511619283,12.131221973938745,4.007742509723547,21.776757260650953,20.71011232381431,3.3189448509574375,5.500527416165365,4.296512725925959,6.646223361507177,22.905567521395575,13.376455661279959,18.33307477169653,4.535638328960347,15.38749934315847,16.147755976168433,6.145117529817387,18.595007112400875,18.274731236172844,Saket,3.3189448509574375
28.50109967126665,77.28972796350718,Surajkund Road Pulpalpur,13.514577342783056,7.246790833621323,23.86089010527428,24.59378466885827,35.78396956052408,8.52188034347213,19.521563816269015,18.19647369188278,12.074455258282121,3.6762041923532904,24.497008542647176,25.86778046219547,8.528881029633819,10.27222457578613,6.552831636333328,10.70903541895299,26.62870085106565,16.15884858413611,22.69738311523028,6.123645301104468,15.620946787249727,19.346959600040915,8.69431973763007,19.192412507751598,20.512586069710636,Okhla,3.6762041923532904
28.50217658713221,77.2500678151846,Sangamon Vihar,9.709226383022047,5.258427649249688,20.69706974272947,22.16977350396453,33.35623390509751,10.641680389892132,15.84354259803631,17.235053875440144,12.7154902872568,3.903618519214803,23.17368192168394,22.299967890286798,4.91932389015247,7.169634367917979,5.252383604900315,8.221760137435506,24.490643239953254,14.744700271917662,19.99055132539012,5.2759544867484225,16.10677484102404,17.622521191189122,7.317597159850094,19.447653429331204,19.548822420608204,Okhla,3.903618519214803
28.78398550521012,77.09661059081554,Gram Sabha Colony Village Naya Bans Delhi,29.39185835820903,29.637974385610477,18.04355941520314,13.090045209808688,5.484076095295765,32.59929575104309,25.330751028901886,19.283572030915607,27.373457355912947,33.007240221687326,12.93569961458745,21.900382697894507,30.7848536070101,27.97071680739036,30.136184682815212,26.522415342811883,10.317776949735528,20.607344907484816,15.927639286052074,30.547268157266767,25.021952889507123,17.328024493408222,27.97549331967024,22.412041813363352,17.30027254560595,Rohini,5.484076095295765
28.563934,77.075813,Delhi,8.806490959048793,16.0023334220697,6.55091458626009,12.674819927239502,20.708797215038754,24.444571083222147,2.5138795730389236,18.23965035356136,21.96696808720314,19.62886567330882,19.41126922178629,4.275957162265019,13.506715382926656,12.245905848083343,17.21539610224463,13.109628645000573,15.744894948087893,15.6728135961976,9.835604000076682,17.948893102593605,23.08902027256356,14.896157380885121,16.34244440945124,24.124510235823802,19.20929330656134,IGI Airport,2.5138795730389236
28.56605322594456,77.17161856591702,Qtr no. 874 Rkpuram sector 6,4.930593475226121,6.839382482590167,10.27284517925001,12.296634213334471,23.27678473406206,15.08559671074136,7.0797988269991015,11.545183466095965,12.956343807500918,10.668266168558656,15.554346693598225,12.603527752847734,5.74668790506194,3.3416684421795595,7.999483162683597,3.7504316899380363,15.017292060773869,8.504740664775989,9.778933016091784,8.723312184091446,14.69462517436878,9.729526110736929,6.983135582223602,16.569513981161535,13.350943212193087,Hauz Khas,3.3416684421795595
28.6546218015009,77.27482125163078,11/5 GEETA COLONY OPP RAMLILA GROUND GATE NO 1,18.66838743230139,12.32650281789566,18.610852809684953,14.619118856809248,23.75868635901377,10.575026767918965,20.273983809393464,4.347736644105912,5.368988784572538,13.769265998862139,9.678015033709228,23.391217007307212,15.928476346351577,13.78787652770146,11.923334787110903,11.598898439404076,14.675788151615986,6.227401621617893,14.963690210007645,11.848298823477268,2.466471178852165,8.194436024375289,10.149177700728105,2.532605512734403,5.440638525531033,Preet Vihar,2.466471178852165
28.50041049827376,77.29044243693352,shop 10A suraj kund road phaladpur,13.598018308836236,7.350439481304713,23.961766315958076,24.697401746451796,35.88750651942193,8.563090322695878,19.612011208804883,18.29140749167744,12.148437527742248,3.7758262893364427,24.594552158413297,25.962091381876753,8.618922317991297,10.371856866389477,6.655651841678106,10.812413972525682,26.731578032407562,16.25844468562014,22.800826973719,6.224788479499472,15.695314536992857,19.448207289164696,8.796188921283994,19.269428126738354,20.607034349872535,Okhla,3.7758262893364427
28.49857160123662,77.23726529628038,Sangam Vihar,8.63153900854719,5.542437850742374,20.028576940428778,21.85854996355498,33.00294705149496,11.817079246102493,14.862454392400355,17.54066975643764,13.560482721425116,5.016962363083282,23.302543505033807,21.381997048434695,4.158127875648982,6.717696226840312,5.815806074090913,8.082608110365623,24.29166643187032,14.916787677037247,19.560504707975873,5.989083013784883,16.869892889410224,17.640265826475762,7.707831206518904,20.117885844683293,19.832045615851648,Saket,4.158127875648982
28.658061,77.065414,Delhi,17.186290426354958,20.853519941139346,4.576078913705672,6.027808654700152,10.193575243853699,27.22458784460602,11.81894152912749,16.08993738208865,23.017012761663157,24.73443558015812,13.533230065488548,7.575347503413435,20.262780711372375,17.857001558543633,21.801321379010524,17.357321360929028,7.79831188808439,15.055861965678345,5.795763443109353,22.438479231117174,22.49822781014977,12.263587517850425,20.044956693807983,21.883588202774185,15.705821941130793,Janakpuri,4.576078913705672
28.59605990040668,76.99035320430994,main gurgaon road durga vihar near machhli market deenpur najafgarh new delhi,17.85365819429999,24.824092898785423,9.937116458956988,15.52311346021426,18.230985164112383,32.893568292184305,11.588064437421101,24.355558672987886,29.749855302158334,28.560396106812313,23.216537088287364,5.450763737263324,22.568801021527186,21.129221102801132,26.004948967236775,21.6860092531425,17.79278655347729,22.443394384610638,13.857784537868987,26.731737519228165,30.18196336148305,20.535552523155182,24.879881338781843,30.398073441206385,24.58888460468014,Dwarka,5.450763737263324
28.58047173635645,77.07723062485456,Lal Bahadur Shastri Marg,9.744633590935402,16.167365717390563,4.720761580638621,10.940154131330244,18.89254796707556,24.316088758752613,3.49690445464512,17.150623524732843,21.47756325884945,19.921008542479587,17.87374628323864,3.312165858414913,14.085304117675667,12.486902481208597,17.347128903425528,13.048852361524819,13.982867315889045,14.750248941896785,8.170441189664682,18.074083875724295,22.33345395553109,13.645262354808917,16.259500428867703,23.12308853963583,17.951592242420165,Dwarka,3.312165858414913
28.63919387115699,77.18271855264902,Rajendra Nagar,13.058029462838858,11.480362298473729,9.46142270212191,6.465003060637996,17.37058789482096,15.921279619615873,12.263077604451333,5.013439373938421,11.414524682803604,14.94400602602067,7.349900834210795,14.336089926972091,12.964809601612503,10.12780755156018,12.02190365514349,8.43676562859583,8.064687227016964,3.4249693000249097,5.927132658790327,12.480329219410129,10.980030214385916,1.622832384852454,9.896760918942622,11.057430583412945,5.858369715287773,Karol Bagh,1.622832384852454
28.64863026470088,77.16149691492319,Patel Nagar Mandir Wali Gali,13.822052040623545,13.454479406868602,7.782362639282403,4.152643523662909,15.179907677440719,18.242059136829496,11.902786640617608,6.7662614108272505,13.705914810434761,17.047397087206125,6.96714101950112,12.907484486742467,14.488174875927976,11.65977922262978,14.093001425412478,10.217892009283515,6.051508958172187,5.714099166924859,3.9045061737039966,14.59355043940651,13.071529697426204,2.892112643326646,12.018353130058568,12.749018684841642,6.932695933997399,Karol Bagh,2.892112643326646
28.6815277114423,77.06255357712509,"h.no-106, Ext-3 , Nangloi Delhi",19.61055869991789,22.688635837831153,7.073176032050749,6.3325194645730365,7.570107776032378,28.50893435408992,14.407174645675395,16.60643134961717,24.024375953568352,26.52856888018776,13.037273160229036,10.074283418093419,22.419363209774804,19.902720412286797,23.56478945914664,19.202225242292993,6.997291887897431,16.03653335399444,7.25175957439332,24.168615155643522,23.131566775359385,12.948263056411582,21.696547445478146,22.10813146020765,15.856719740338548,Punjabi Bagh,6.3325194645730365
28.5610142755133,77.25686687976122,C26 East Of Kailash,10.83739194867989,2.2617943765361272,17.841307882036908,17.54649762468366,28.65378638156503,6.838588289403775,15.329859245490365,10.897273522040939,6.544687345001617,3.719225774274195,17.11839527784525,20.879051399914207,6.371358145496148,5.692777119748152,1.4012353648204232,4.628439582653831,19.37390621893116,8.763969678574766,15.974879286324391,1.3492024542213232,9.700531624900137,11.98342544412471,1.5363245155571843,12.916689441971814,13.223587436858534,Kalkaji,1.3492024542213232
28.65383889620444,77.27700155228376,A/31 Krishna Nagar Extension East Delhi 110031,18.736754091879696,12.306111862399513,18.803002700283475,14.840331920339617,23.98796390077696,10.398793013925562,20.40708454623524,4.564511789937763,5.21359872667765,13.686334768209182,9.902293174428277,23.56907122929681,15.940086168781933,13.828489420816885,11.881046533458715,11.644253150045566,14.905192129393686,6.387457047655774,15.168167615129695,11.79220409047717,2.24412955927521,8.404391022246452,10.133806778174534,2.4995445639033895,5.669842762620345,Preet Vihar,2.24412955927521
28.65382300855053,77.27698680013418,A/31 Krishna Nagar Extension East Delhi 110051,18.734475444376592,12.303991271302401,18.801256677496223,14.839105236632498,23.987458073338434,10.39788709367897,20.404926372762834,4.563177047348109,5.21240929864518,13.684529802795177,9.902118489212494,23.567180862726225,15.937871352127631,13.826224242714673,11.879015686988518,11.641982942564885,14.904392870805433,6.385444227273406,15.16658742812763,11.790240693881143,2.2441899091797666,8.402907504734786,10.13166684265436,2.5017796494263957,5.669344172224087,Preet Vihar,2.2441899091797666
28.63318644508736,77.00214084237814,Sho.No.1 Nangloi Road Near Airforce Camp Najafgarh New Delhi,19.129635524952214,24.946711771172385,8.454144506172877,12.719522618875612,13.967887745399944,32.36895204140073,12.828287582959236,22.411641779236465,28.676109349449188,28.812009289487523,20.297171942217155,6.261147034500895,23.337726520015718,21.456084589300918,26.049748014407687,21.578450835810248,14.516987663210509,20.94120768893053,11.75277935426592,26.750437776978817,28.61531607347102,18.53772812180877,24.625314949013585,28.351203362879033,22.275121481548403,Dwarka,6.261147034500895
28.59003263719439,77.08137799054384,"Wz810A, NEAR UNION BANK, PALAM VILLAGE",10.168884696863596,16.04572091133205,3.5985209332584245,9.807103505427488,17.88628893229486,23.981763228627752,4.178474323193452,16.291636206154546,20.93942392869975,19.85816756141031,16.79922911687453,3.4617906137670427,14.236323610817557,12.44310128253697,17.19789676333387,12.813609924327933,12.84577223250401,13.991380981425863,7.059539616883779,17.916925264705316,21.642096264165993,12.712419104170259,15.985706437401193,22.297058419873917,17.003896605442204,Dwarka,3.4617906137670427
28.7076236233025,77.10388071835041,"B-5/35,SECTOR-4",20.941877359690864,22.05920703580003,9.660291438461462,4.791956993375157,6.551582337337188,26.483044857502193,16.84179798741037,13.593472325938693,21.574572478311953,25.6853314796193,8.75664415962438,14.03249660094773,22.697179708346113,19.943148838363495,22.7279121180728,18.736732035747643,3.0218198246007404,13.885295141408987,7.456363532032281,23.23200882951339,20.060709324049423,10.50979336078337,20.656112549472795,18.44686382766571,12.307503712738061,Pitampura,3.0218198246007404
28.7076874353322,77.10390217602253,"B-5/35 ,sector-4 rohini",20.948287272247775,22.06365112733839,9.66763278951399,4.797364069879107,6.548028941429421,26.48540265073975,16.848938971282504,13.594556595668505,21.57634670908005,25.68941290391202,8.75482567371274,14.039834150013828,22.702619321305182,19.948421637207158,22.732077032634567,18.74148681498115,3.0227933014891333,13.887960204901217,7.462756352311223,23.236030706132148,20.06135835285003,10.512286093009067,20.660077959182516,18.446262047372727,12.307482181212405,Pitampura,3.0227933014891333
28.6898438408071,77.30951830744743,219 Janta Flat Gtb Enclave Delhi,23.843430345110583,17.179872285146747,22.915450572924744,18.060476133346903,25.546572116874177,13.334453038302582,25.2793543047617,8.586311507040303,9.039114539332207,18.03673359900812,11.424739085338244,27.91892370780033,20.951462389988595,18.919470669965484,16.618417447714,16.742801897813024,17.312026083692626,11.14027805712883,19.028319630247477,16.424946031353347,5.554144943575183,12.3176894897935,15.049481373096425,2.6886380910214505,8.37523384592537,Shahdara,2.6886380910214505
28.607048,77.108787,Delhi,10.185716039467334,14.263800776103565,2.631385735437831,7.099110588879679,16.630394066157024,21.58774805190064,5.718769896411929,13.058205128050654,18.15095405120044,18.156982237408197,13.643684364560896,6.351103380363765,13.247618160026917,10.981524766678469,15.321428930823096,10.830226777910845,10.216448941568403,10.878574308606021,4.1507190019217335,16.007452085869712,18.593702327876528,9.439331395651495,13.824797692926204,19.084772062740566,13.727024796627576,Janakpuri,2.631385735437831
28.51316256337103,77.2352422401309,Tigri,8.037062266652377,3.932757977542995,18.802115962990637,20.362383490865305,31.533368411108825,10.93933302396967,14.051542061278589,15.912356267008294,12.19465327581024,4.1951104526706695,21.671541339230146,20.461766474201422,3.0692723738727365,5.293606067462061,4.324006784703384,6.494934517652071,22.74288815683906,13.282521022726435,18.13539753243236,4.6017532648420865,15.424808353149363,16.022976129077357,6.112669244583047,18.606547473642475,18.200904042259406,Saket,3.0692723738727365
28.50295119369054,77.3019890114665,H.No.199 Badi Chaupal Wali Gali Badarpur New Delhi 110044,14.65679158866831,7.9856328970573065,24.748924752482036,25.237545108597015,36.401544615767286,7.900642184522277,20.602008068331315,18.422282423010678,11.880155242604474,4.183435077734398,24.793651985856464,26.897279734365366,9.62328107247048,11.214297336913907,7.155361799924008,11.479987475743663,27.17398608028752,16.543640114699876,23.43857917405054,6.6348843322996025,15.420182582812041,19.798553836174786,9.215740247312947,19.028710106415524,20.720445777648912,Okhla,4.183435077734398
28.60502155505179,77.07247037440538,MAHAVEER ENCLAVE PART2 GALI NO 31 B484,11.981779838975818,17.410404135702798,2.4003279092133223,8.829374499983327,16.129572312065783,25.045010290347967,6.05780207398573,16.421559612982616,21.700127884969206,21.26916078914819,16.195694322414184,2.9568317599977387,15.866725396353752,13.91309794000588,18.525348303338937,14.071568449523237,11.733077854251926,14.382874076107516,6.390047849716044,19.23163968076825,22.114833031909818,12.679830809814401,17.16934862802648,22.46885495398995,16.879548408266754,Janakpuri,2.4003279092133223
28.59987349519535,77.06503864377737,RZC_195 GALI 1 MADHU VIHAR SECTOR 3 DWARKA,12.071787688081237,17.89809268259701,3.3068999752874038,9.722887027524607,16.647443059987044,25.684751580073602,5.936163893408948,17.303042274944588,22.446264285062405,21.731469871579097,17.1166714290202,2.0499110305001405,16.167257241784736,14.333343171989984,19.034784504346742,14.613229863144976,12.594941242932657,15.216034292810212,7.313470527882781,19.748516732179002,22.93746431151839,13.578489141188888,17.75057320376752,23.347831958524612,17.7901187134903,Dwarka,2.0499110305001405
28.566029,77.284478,Delhi,13.555628464650686,4.881846981470279,20.182213844088704,19.260101284875926,30.17568049439454,4.089453234286313,18.04985804267987,11.335876149763944,4.946608143436368,4.069227075668054,17.778665271578134,23.466337532116977,8.898888684070856,8.445799642267968,3.7308287638607505,7.27455654121034,20.776834243188315,9.837909805290945,17.988496729562836,3.1424475700192818,8.45701846697462,13.214393948835754,4.04516309075062,11.980602448132815,13.596660115472082,Kalkaji,3.1424475700192818
28.59035264368872,77.08150003105402,70/1 Main Dabri Palam Road NEAR Union Bank,10.18611655661337,16.044597281668008,3.561410538917882,9.76992471497509,17.852657918004144,23.973058746000632,4.205404954901789,16.264940187611266,20.92387288319103,19.858733737381776,16.764477358385513,3.471501390240837,14.244328597206385,12.444957209755723,17.195762184709224,12.809015109078635,12.808347414786006,13.96841910758838,7.023429665282389,17.91447530615854,21.6211900545329,12.683154126091788,15.97948096559733,22.271375728978345,16.973932107373116,Dwarka,3.471501390240837
28.672056,77.078453,Delhi,17.989004483523278,20.82695391532312,5.651187019361134,4.6406607967616065,8.862738834137447,26.65689039700204,13.053168209217176,14.91988951443048,22.216730265252984,24.661256205321752,11.800572877428355,9.438037288020967,20.633138542722833,18.083881256297154,21.69580121227751,17.343956540821047,5.910748028476654,14.223827607064807,5.379443440404433,22.29722882482798,21.42015419166298,11.197991882061922,19.822364847023156,20.541664388819825,14.30577447005685,Punjabi Bagh,4.6406607967616065
28.58952303882528,77.0797348022461,"WZ, 725/A, G/F , near Main Palam Gol Chakar, oppo to AXIS Bank",10.241395614057954,16.18336443597814,3.6852424973271285,9.92967542918331,17.921449484884214,24.1366824128951,4.200698508436041,16.460370544820254,21.104951596120618,19.99109779345656,16.946955146918793,3.306164792234402,14.345810551046196,12.572557343126325,17.338149216517007,12.95997837512392,12.96057142575844,14.161528525602769,7.197390163654365,18.057965933691218,21.811819289486845,12.87803923252972,16.13564932903444,22.466496188243006,17.168257710237008,Dwarka,3.306164792234402
28.72764163520087,77.20731843262911,A-101 GALI NO. 5 RAMESH TYAGI COLONY JHARODA MAJRA PART-II BURARI,23.180037649089275,20.16468790527363,16.5590824569548,10.26823991359888,14.902247904918063,20.935034337948824,21.750833597142922,8.254171479872351,15.651260365680232,22.812733969665963,2.890356184676562,21.792239258428783,22.58842806318206,19.83208102845708,20.279012378569814,17.842214840573952,8.098204179543346,10.729565422487244,12.598981832228763,20.48956981196893,12.854549446563736,8.573002724457782,18.124217034201695,9.972194554219245,5.93178580059232,Model Town,2.890356184676562
28.74191506513835,77.10393134504557,Rohini,24.664357096635097,25.218637347097122,13.43752601233546,8.375360053945421,4.698461936284086,28.836550827343107,20.654136065012608,15.580640084021272,23.723955973995167,28.704803580100844,9.67835522519987,17.591398339049494,26.16972397931935,23.373431248548155,25.788715105117635,22.01234671920092,5.743578634955413,16.484647664373806,11.19560474632244,26.24025459172852,21.742685565923452,13.120217236537785,23.65738878767294,19.578239032063102,13.862140035973963,Rohini,4.698461936284086
28.5898813182369,77.081069201231,810 A PALAM VILLAGE,10.177921145011615,16.06976903496239,3.6204401672309414,9.835561932967211,17.898900162125823,24.010319524172218,4.176591321362764,16.326135396029684,20.971174735881,19.881067009244052,16.831640712120993,3.432879556030403,14.253658520564768,12.465124774665515,17.222600523812606,12.839859175517395,12.872946744621233,14.0253955677156,7.090434806652574,17.941829379962336,21.67563047485953,12.74687681917984,16.01290433637153,22.331480805841665,17.038273167513402,Dwarka,3.432879556030403
28.72764369326007,77.20729529857634,A-101 GALI NO. 5 RAMESH TYAGI COLONY JHARODA MAJRA PART-II BURARI,23.17975382957877,20.16525710680232,16.55765578385332,10.266640013937385,14.899985003700888,20.936473796940366,21.74994718074389,8.255004816382652,15.652681745052087,22.81359002725137,2.8895155998948967,21.790767138268166,22.588650011396236,19.83222966346055,20.27971400295277,17.842476912631124,8.096260834202349,10.729986163835282,12.597664901502123,20.490345368907313,12.856224997247692,8.572806286506339,18.124876626042774,9.97413478059976,5.932661094580738,Model Town,2.8895155998948967
28.58989839314962,77.08189968019724,"Wz-52, Palam Village, Adil Bagh",10.12268603788988,15.99264396708114,3.6047333267591357,9.798065853577244,17.908050459513728,23.929711833377834,4.143051375591847,16.25299481825434,20.89034240707018,19.80516182298668,16.77743729416563,3.513625978526127,14.18492457785989,12.390220181480315,17.14482913158726,12.760729376424761,12.83999588276825,13.948261516026957,7.043385105715033,17.86386839345625,21.596963559187774,12.67774542444752,15.933076023465615,22.25705394340337,16.970432889320957,Dwarka,3.513625978526127
28.66079186743067,77.08482798188925,Sharma Glass & V Fitness Gym,16.591663261015597,19.5404399985207,4.334293320659392,4.112376567636344,10.23280517746962,25.579893489548372,11.724013070158817,14.203300344371234,21.25862213347523,23.391418539063977,11.675483202935467,8.52665458050008,19.261969953338475,16.734736054261198,20.433467273197692,16.049855169584806,6.100041598267927,13.274439905278152,4.167084284961908,21.046736093002703,20.639814347542785,10.397081314251487,18.596755103279275,19.971625388976133,13.788157289957068,Punjabi Bagh,4.112376567636344
28.54153760709891,77.26296119391918,Kalkaji,10.811632426628181,2.489615262283899,19.29712477335658,19.499346588482236,30.661756460257536,6.963796360514657,16.000468364285126,13.142559646012588,8.178212151186706,1.5575443332934986,19.354393101768387,21.921259675284553,5.822710493604868,6.202075187855491,1.4358763177703904,5.907574670795427,21.45226112276512,10.975878829222872,17.753240791509437,0.9239820273229155,11.552392411808432,14.145379528704682,3.496562980971359,14.914003078125647,15.46868841278749,Kalkaji,0.9239820273229155
28.72020971924586,77.28130247443914,"House-763, Street -16, Phase -6 Shiv Vihar",25.059437374709574,19.55157870240734,21.814894149213067,16.188201407389702,22.157654503061377,17.176644760473465,25.409718570746332,8.683932520897327,12.368506304653224,21.076241945048753,8.727321359073658,27.019792022117347,22.95096034880619,20.58021786543823,19.217553343578864,18.381756916803383,14.776503268362726,11.705561586250182,17.77246321607719,19.16390316557781,8.85650262018741,11.638755627495442,17.363250154804344,5.2258589260573665,7.326057509498581,Shahdara,5.2258589260573665
28.67118913077511,77.05827109515667,K1 Near Narayan Dharm Khata Chok Nangloi,18.79888544579194,22.285446423592223,6.192043666459841,6.602100239080066,8.6983669573214,28.416715044052317,13.419361451503413,16.867068064711773,24.067921325093,26.15269687970993,13.713540052092892,8.875483813587943,21.811869366572772,19.366954576149393,23.204621169412242,18.78950308091869,7.74548198263155,16.07700452090122,6.997532500924456,23.828338982047203,23.35282166789508,13.117150405733508,21.398578700013704,22.51161057861204,16.276948053815126,Janakpuri,6.192043666459841
28.64818097391025,77.02425364404918,Shop No 3main Nangloi Najafgarh Road Chanchal Park,18.698276993359897,23.694389669211496,6.855804355224612,10.187033916231824,11.686230983645016,30.686981680568376,12.621038923525397,20.12550141122991,26.742014967887638,27.589102239856196,17.671820158802824,6.587279619085047,22.497311339389558,20.38070426010292,24.73834252899701,20.24535506907206,11.827674186851738,18.8722511574766,9.569219104164771,25.415811086812234,26.450882039707636,16.266728680693795,23.16237620997604,25.98683781909454,19.839944236006545,Dwarka,6.587279619085047
28.62114024759087,77.06898115575314,RZ11 SHOP 1 INDRA PARK UTTAM NAGAR NEW DELHI DELHI 59,13.579494249284462,18.44013743269195,1.8387973848268981,7.700094297956949,14.313707897981317,25.70975542067605,7.83043421335165,16.218816471522818,22.070419398566646,22.329084270740637,15.295849250648539,3.9319610278772026,17.206869093263613,15.084448791346267,19.507389753580746,15.01777711285357,10.414122891723224,14.46371663627114,5.702437702279825,20.195547769953706,22.19430031717183,12.380308932737874,18.008293858847008,22.25136558667201,16.4261498613738,Janakpuri,1.8387973848268981
28.79268956201481,77.13957589119673,Shop No 816 Seed Farm Road Alipur,29.854510814764502,28.8338729123031,19.650792164091673,13.807075829159055,9.419964920942162,30.650981001687928,26.578366917983974,17.567088817303688,25.36498548873552,31.906128336944263,11.121278826651205,24.099873618391126,30.52996785238493,27.68949032753569,29.165896518606687,25.99746053362503,10.708842524565844,19.43762824204135,16.78704646856739,29.48804852553525,22.64825608663685,16.435619190956867,26.979173376304868,19.68059170144803,15.3624084125693,Rohini,9.419964920942162
28.53893009772926,77.2627204656601,Kalkaji,10.741488798694439,2.5717661576682915,19.412588386165545,19.695428747059037,30.865747655768175,7.1243512509128815,16.009458760833333,13.418468862463246,8.45590895065227,1.3657482384965034,19.61821645709192,21.975017347021353,5.712422775412446,6.22651533852939,1.612387167640247,6.032925393802369,21.672258132716642,11.231361578598147,17.920112533404012,1.1833962885523115,11.837913091459425,14.386211598167062,3.729128462226729,15.20373590619465,15.744838792033221,Kalkaji,1.1833962885523115
28.82078722702293,77.17312227934599,Bakhtawarpur,32.99841322768975,30.95624765607325,23.628562171720134,17.483868450331904,13.862989810187248,31.544252206489574,30.273029245904663,19.13148898396336,26.306264312255568,33.69076766377874,13.072720107197691,28.290229079478916,33.10713170621824,30.29141267946551,31.125572412819324,28.42611618186737,14.3736199873479,21.472427900318806,20.43932161661515,31.3557296449336,23.219032106003247,18.859226137736407,28.957929285557512,19.877580023542627,16.811654945351723,Model Town,13.072720107197691
28.82096934943933,77.17318966984749,Bakhtawarpur,33.019003972451195,30.974703848524577,23.6498277042356,17.50513384029484,13.879967612447661,31.55898819257011,30.29425760285001,19.148949160884055,26.32137960450281,33.70824432790415,13.091733963094672,28.311307654302013,33.12663623968696,30.311017029684084,31.143596050376267,28.445373758971616,14.394897744744762,21.490979900038116,20.460562018220305,31.373496143064408,23.23305130316437,18.878789348441938,28.97606117699185,19.890510455642023,16.828994741484422,Model Town,13.091733963094672
28.64931493661807,77.02805869281292,NAJAB GARH NAGLOI ROAD TILANGPUR KOTLA,18.54272850108888,23.426835330056694,6.5792357826955845,9.796805172213174,11.46946924108893,30.36647856055858,12.511171437609761,19.749184825144784,26.396181432829856,27.322839174539226,17.27995389135906,6.598631246643382,22.282692698259158,20.13800029619195,24.46294580167412,19.97060402526372,11.439838850566819,18.51571587570323,9.208214388878627,25.13723088579798,26.083468424884092,15.89268575031242,22.86986068465097,25.604032402772678,19.453351876629306,Janakpuri,6.5792357826955845
28.53656905763209,77.27583043277264,Okhla,11.977245529441388,3.8581377622119706,20.667308911846217,20.77043613032039,31.90909866377636,6.204731915979443,17.31275403451737,14.025408629089737,8.327104219082152,0.6910425032472952,20.335221388082346,23.279175438910315,6.895101278002733,7.5336931504886895,2.7887356767589244,7.276194056146767,22.654134760468082,12.031641452860091,19.079769852748313,2.162867909960686,11.820063594206239,15.271456634399307,4.711948394074005,15.302368169760559,16.342285653810258,Okhla,0.6910425032472952
28.53657789395864,77.27583479136229,Okhla,11.977778278901317,3.858202972675167,20.667235260969683,20.77003844459734,31.908654662285514,6.203792832202656,17.313051802437094,14.0246115537674,8.326051823513405,0.6921129266188917,20.334486409052708,23.27932434830278,6.895709949345421,7.533924884860744,2.7885989220420164,7.276110150178308,22.65362592637618,12.030983555413703,19.07949758162092,2.1625676223756427,11.819025598516527,15.270862426970304,4.711515402162727,15.301353339751467,16.341478634138873,Okhla,0.6921129266188917
28.62213853386618,76.98818530887365,"Rz-9, Sultan Garden, Main Nangloi Road,",19.495069965303117,25.798148717315662,9.723106065636015,14.417735047268737,15.641413953176274,33.47141012747247,13.150884736493863,23.929800827290855,29.952125812390648,29.62667499475322,22.039877608369906,6.5582139456432635,23.932883989807326,22.216078649389527,26.933750661460213,22.501372573570418,16.30972965894069,22.32784031380236,13.26435682909956,27.646228841321737,30.041155110782437,20.058377092214997,25.61339040639075,29.90897068497428,23.889010915399176,Dwarka,6.5582139456432635
28.65477538088445,77.20082547515631,8810 Shidipura Raja Lane New Rohtak road,15.190301784446836,12.392853985774803,11.620309273785573,7.481965566905519,17.574197928584386,15.378371579221058,14.731801863622167,2.8803554942126155,10.448623586079576,15.490948050892337,5.584903903435252,16.641404964577,14.496929188182115,11.717421795820469,12.711180117541428,9.779034648659058,8.15170906496681,3.016313682478196,7.8025114984237565,13.052604242945135,9.326857426729244,1.0199152254079569,10.525084381687716,8.85659323725103,3.3841339283842946,Karol Bagh,1.0199152254079569
28.63446829359126,77.03949596732855,"K-5/32 B, Mohan  garden, Uttam Nagar",16.569076201297754,21.676435568791568,4.917299446935095,9.269023756963358,12.887002292518886,28.85195686716388,10.518399642725521,18.77577866628485,25.062652151739623,25.565929684644654,16.9368850732552,4.75372690301875,20.39041965226491,18.312694355314964,22.74015026629261,18.24906273972631,11.381509858292677,17.297657670684398,8.110768706222988,23.426080536341836,24.96689500782661,14.901680234939352,21.218364190929854,24.733584642422592,18.69710713587016,Dwarka,4.75372690301875
28.86154062915086,77.0862277597189,Gali No.14 Gautam Colony  SAFIABAD ROAD Narela,38.055752297356214,37.86212120171229,26.64726306409319,21.745021892305502,12.801469971595932,39.89849564166648,33.97888580393082,26.806222771174557,34.61168515778019,41.0500338517154,20.347864646653832,30.216121159621814,39.273349488048126,36.44195781296774,38.2604828072162,34.883989310832156,18.87990472189049,28.567415365218974,24.605974746682648,38.6140178563774,31.838136314511605,25.446305295280776,36.07768544275027,28.755796228815807,24.614060610103586,Rohini,12.801469971595932
28.6165624890359,77.0080990344286,shop no 8 nangli sakrawati more pillar no 70 najafgarh delhi,17.54412648242007,23.758098124123872,7.80216819637762,12.895092165985348,15.50712512007385,31.452016137445913,11.20577086281305,22.128724230698143,27.987284508697737,27.588171188069712,20.577234203916966,4.59228452294492,21.921535754882147,20.18028368624354,24.893517699330975,20.462463620431596,15.027848707422022,20.42811513932912,11.494194697616292,25.606109760141628,28.157992344846967,18.26813012872664,23.57874371819336,28.138447399934684,22.193890082576118,Dwarka,4.59228452294492
28.58457618522067,77.08777271211147,RZ- 686 F-10 RAJ NAGAR PART 1 PALAM COLONY NEAR GANGA CHOWK GALI NO 6 NEW DELHI 45,9.29863452805351,15.278372757069953,4.150219701459279,10.108521134409703,18.57980679393344,23.312789586558793,3.3736631700375197,16.030220752775236,20.39302161397504,19.07169469059872,16.87508760985469,4.163526876019491,13.391008601506735,11.646128369401538,16.44175929195535,12.090829531947978,13.189451616626675,13.624535941933315,7.260338870457895,17.164278021545293,21.214321190874465,12.544770957467328,15.283259980826907,21.998468063568986,16.85479203370656,IGI Airport,3.3736631700375197
28.59024430673254,77.07306448370218,Palam Village Gold Gym,10.766937401757376,16.831166661469815,3.8025467264246116,10.17230859071152,17.770939870407773,24.792427116057564,4.609658559482591,17.00939081354374,21.744455963250484,20.633405792006187,17.321691657058956,2.6504973377487744,14.951116708167167,13.210901840936327,17.98841341622118,13.614652594878025,13.159104321828481,14.752660278192627,7.528138203911773,18.708900548866428,22.419723198564405,13.389918568286424,16.791594291152727,23.02740638762195,17.66588876840219,Dwarka,2.6504973377487744
28.8595556642813,77.08764933049679,"Sanjay Colony, Khasra No .37/10/2,Gali No 9 Main Safiabad Road Nerela",37.81444156411797,37.604763026177885,26.426108239258934,21.503405962108857,12.6191778326736,39.63854254541093,33.75311002730851,26.545690416859433,34.351757049345586,40.790778371987585,20.087374231097865,30.015730380305076,39.02136108062228,36.189576348443914,38.00199492082322,34.629017194370704,18.632803836483035,28.30814074399692,24.36803578547549,38.355018237404344,31.579984974824193,25.188609520476774,35.81908352210005,28.500414729504552,24.353584280847535,Rohini,12.6191778326736
28.8595227769702,77.08763290196657,"Sanjay Colony .khasra No 37 /10/2,Gali No 9 Main Road Safiabad Nerela",37.811113119427844,37.602027158132614,26.4224522767104,21.500082322490044,12.615243409279103,39.636522137285965,33.74951268274615,26.543415652023032,34.34974166725466,40.78821347176455,20.08506158322701,30.011890464332293,39.01834668151934,36.18657760482864,37.99935032063699,34.62613701996342,18.629621036255717,28.30557775270955,24.364634676112733,38.35242439908926,31.578205636576907,25.18589800130436,35.81644949850619,28.49886811594587,24.3514111495477,Rohini,12.615243409279103
28.73813897403738,77.18463364988565,Main Gali Pandit Enclave,23.942972178362226,21.74773662126055,16.00920708122032,9.578460038208027,12.554781807155194,23.162578952250538,21.851525499966822,10.141666137338962,17.877056464892693,24.622094142204393,3.830487826638504,21.134133297086855,23.852113071329164,21.041018701775748,21.97205132841222,19.16803227020885,6.890538513718528,12.26335417098622,12.25972213641768,22.241827032455145,15.2246075022266,9.608795610621463,19.79201169504965,12.447791305229012,7.894477656549,Model Town,3.830487826638504
28.49855745801715,77.23728306591512,Sangam Vihar,8.633701406226278,5.543966381522588,20.03091929449936,21.860777729172188,33.00520396471723,11.816875415193394,14.864699627002487,17.542308591742444,13.561196885808993,5.016871366321815,23.30440706714301,21.384279625134123,4.160469569124058,6.719957872190827,5.816925481782431,8.084665104825437,24.293824866740273,14.918579757504673,19.562789582392565,5.989946026686029,16.870792771523096,17.64223128433529,7.709271410356755,20.11897266298026,19.83372024169934,Saket,4.160469569124058
28.58442338635851,77.07323983311653,E.949.ram Phal Chowk Sec 7,10.325473972169458,16.647662860355414,4.402963324410936,10.72710620932062,18.417122003920596,24.72797519324375,4.083874900339202,17.283523386254625,21.801646328070472,20.41939508514483,17.791180222371665,2.7932698102534665,14.630596242955717,12.986590180966187,17.819753578672923,13.491215617227224,13.736622258251575,14.950904899472787,8.028160851934844,18.544603967123937,22.577087294395753,13.718515809090684,16.690668664957844,23.280824950825917,18.012157497181732,Dwarka,2.7932698102534665
28.50966460513837,77.23235115408897,Devili,7.830956139043601,4.351607754325435,18.842301613050516,20.55049527651759,31.704634282016247,11.39717739246324,13.926329455838527,16.295223333155967,12.67133617774207,4.63153864035576,22.00345130867382,20.37928787960507,3.008567959852536,5.426688165403276,4.790494257851693,6.75994854184697,22.970899127265152,13.633421433305609,18.27777866794369,5.08009001471517,15.89225636938765,16.32554759811733,6.538104353705725,19.060036718708034,18.576239218415214,Saket,3.008567959852536
28.63399186917349,77.0420091971755,Vikrant Chok Mohan Garden Dwarka,16.36504012479632,21.433003007429885,4.667112689420917,9.069219086541112,12.910406337636571,28.60116774207369,10.33822648789485,18.53961474196325,24.81306555970402,25.32312906835743,16.744410119399948,4.674424523636541,20.16256865912595,18.07543435165174,22.49507853983009,18.003658109178204,11.220443941629249,17.0515159420993,7.873244183677664,23.180409793894725,24.723533927698554,14.665671583167237,20.97005351737279,24.501779070987478,18.47335719628276,Janakpuri,4.667112689420917
28.62797384520549,77.03846566379069,K45mohan Garden Uttam Nagar Near Pipal Chock,16.114053371637436,21.459580868775024,4.862365811860924,9.680289773789331,13.61608905538887,28.78223945875498,9.98945357296133,18.982027543272874,25.09428382990174,25.340151346828,17.369211183814485,4.056227058728207,20.048438677617128,18.038698501734412,22.542655443174926,18.058866456333092,11.91101352651223,17.40001896198582,8.320536232844676,23.2362463008494,25.10107437999662,15.11211405373288,21.072518388541546,24.970273142633907,18.98788146171651,Dwarka,4.056227058728207
28.70103313079566,77.10905704647303,B5/165 Sector 3 Rohini,20.11386519734002,21.169929371506846,9.04033506822042,3.912497853943521,7.428918673805861,25.650981663564806,16.12895136262754,12.83542118298863,20.77239000387026,24.79972108876949,8.255140754279102,13.586168451150298,21.81704038245034,19.05914847677443,21.841196024263823,17.84697629472244,2.3104527386185527,13.041354814161714,6.6318100780929665,22.347315656814416,19.329185700899327,9.674553721999429,19.772377690448717,17.813898131678943,11.631359619003266,Pitampura,2.3104527386185527
28.85754863834036,77.10655756294727,Plot No.62  Opp. Radha Swami Satsang Byas,37.321331768625214,36.71230999748387,26.266675356604104,21.03918212692565,12.977074377061053,38.400798388663226,33.51454235157456,25.431670934923723,33.11580905016326,39.802897806193926,19.005356677140018,30.10142070014195,38.29742145565291,35.45834682383333,37.05867645786345,33.82465489548713,18.07032692222813,27.33308493874005,23.960274187583607,37.38427207339522,30.254491402487325,24.300291952107962,34.87215581461776,27.09537999139203,23.19739228339406,Rohini,12.977074377061053
28.8583993166849,77.08806741982698,Gali No 7 Gautam Colony Safiyabad Road Narela,37.68078957702849,37.47052034297075,26.29753709499464,21.369718404984166,12.504372838412635,39.51057938797948,33.62317651015514,26.414874954203587,34.223859602118,40.657503479516315,19.956191304534872,29.893907788806146,38.88648978695289,36.0547040180701,37.86822039962316,34.494285511952306,18.49827641639496,28.17488081418158,24.235078558592534,38.221552688682685,31.455262372053404,25.054481404305182,35.68537081432324,28.379252460856197,24.223841782793627,Rohini,12.504372838412635
28.85144275414444,77.07009963691235,Om Vihar Near Bakhnear,37.26418781118334,37.49519567971022,25.58226688001606,20.9925111393148,11.42375577175625,39.957929658820866,32.95876255498545,26.743477637135133,34.68088392444693,40.788074931684434,20.285135356377946,28.933195543068443,38.71599787829984,35.89932088479407,37.95172216600444,34.42550696083268,18.250598634902946,28.326792976659416,23.780029799779452,38.33686291605556,32.039987214599584,25.1196270973388,35.77862891309608,29.08448391205061,24.616076436362743,Rohini,11.42375577175625
28.85197339563505,77.06705298274755,"Viill. Lumpur, Near Govt.Primary School Narela",37.38804184269204,37.67929812229996,25.66284137345033,21.12819176337474,11.451900303914567,40.19001553515129,33.04510526591458,26.965578828783144,34.914721187195944,40.984618574839836,20.509814548290993,28.96943696782109,38.87445878768816,36.06037958035982,38.14301956419483,34.598323916125366,18.40658062007885,28.528492382181263,23.902607016575583,38.53195649715962,32.286857846194984,25.312058453925367,35.97151582711734,29.342839453191118,24.84559905948942,Rohini,11.451900303914567
28.67062903513303,77.07906994968653,"W-198 P V C Market,Jwala Puri Near Sai Mandir Guru Harkishan Nagar Paschim Vihar",17.819610922393718,20.677197165555192,5.484984144019581,4.572008647651005,9.031271322234243,26.53570131611139,12.886913173649294,14.842228939969889,22.110470002477406,24.514006755400082,11.79323958221827,9.30943183423827,20.47055009857285,17.924815006962213,21.549477017651324,17.192944693150288,5.933052952788036,14.117124269623968,5.2356248168169115,22.152575861517658,21.336198413845093,11.108255541429138,19.68096699414084,20.483647681075833,14.252230577648122,Punjabi Bagh,4.572008647651005
28.53991944498318,77.13111687451601,Mahipal Pur,2.8172671826987576,10.550845721031791,10.049296266494382,14.373247952968349,24.404768919011744,19.341226082587063,3.5376433780129535,16.153741061843967,17.753934078147484,13.916700640317119,19.300546773700198,10.137153037171121,7.570666744413082,6.820141890319622,11.786559149173833,8.280209092888073,17.422403606775767,13.173023042635306,11.44036083795269,12.512740081758414,19.6019277254783,13.75176346125085,11.365259454082882,21.420504222534504,17.747643653992377,Vasant Kunj,2.8172671826987576
28.53991738323911,77.1311343088746,Mahipal Pur,2.815776372580293,10.549170163722208,10.050220866334788,14.373537471104157,24.405495424740486,19.339591233722473,3.5392238335144097,16.152904388017884,17.752502501598606,13.91498548456423,19.30022665490335,10.138680491880734,7.568955983874694,6.818494911585752,11.784883635603753,8.278708758545177,17.42262261444856,13.172120536580822,11.4407205271836,12.511061294999273,19.60066879237869,13.751248724634957,11.36368317671598,21.419438973971197,17.746961219891492,Vasant Kunj,2.815776372580293
28.54080304586994,77.1300795301795,K- II BLOCK MAHIPAL PUR EXTENSION NEAR MATA CHOWK MAHIPALPUR NEW DELHI - 110037,2.9575098957164294,10.64347828967248,9.917659588710563,14.271803990383999,24.280873058371146,19.423748851891357,3.400458855727036,16.136388058749393,17.80262994050742,14.02515989496833,19.239734851347777,9.997843452519817,7.691937143736326,6.905955463302382,11.879123442791856,8.339448319679807,17.32506729379462,13.162050511338466,11.33499111923861,12.606201745849713,19.628522502397857,13.7064238825788,11.436665137177814,21.42555315763176,17.716311512361585,Vasant Kunj,2.9575098957164294
28.6624408246031,77.18486733734608,9911 Opp Sarai Rohilla Station,15.631580812702639,13.72659765375307,10.490559450970736,5.800667422905733,15.818831017156384,17.135342922929976,14.428875066383094,4.486947416986836,12.223732383177664,16.98933315355651,4.764657072538489,15.648632892907921,15.484386435355788,12.657222393237758,14.143999869729404,10.870740223412483,6.389445335204574,4.635317078577957,6.5137505494880035,14.532916361793937,11.01507179556553,1.3115918732105964,11.970417762417691,10.23644195742207,4.220136009392248,Karol Bagh,1.3115918732105964
28.65690399151094,77.27568056434393,559 Main Patpar Ganj Road Jheel Khuranja,18.918245779921417,12.593655449553284,18.743955513512212,14.67667673661221,23.72250031641962,10.760785107847573,20.482120787557136,4.4286853521459335,5.577884873001197,14.02421539085521,9.604263577238342,23.547494174478725,16.194072835876284,14.04770232933227,12.188549254376577,11.857497452617185,14.676841678139128,6.411504899220304,15.071893699318775,12.111019647370359,2.5616126635115983,8.291296208112792,10.416428640849258,2.2752639773128194,5.407972244742768,Shahdara,2.2752639773128194
28.64650178035373,77.11360272020102,ca-58 Tagore garden,14.127781858527836,16.37546346307511,3.7181909646889633,2.7845886159409847,12.725330927566914,22.377616725235594,10.128534638200927,11.438211502710269,18.145342212617642,20.20744904296199,10.131214855870082,8.951820429867428,16.324458894858797,13.707379837413177,17.242431988285624,12.896189841359735,5.85869061667188,10.198711551953359,0.9410642281325085,17.84622190597957,17.73013875987295,7.566631469745028,15.381454510763248,17.378919940802373,11.372631938496653,Rajouri Garden,0.9410642281325085
28.84304580709918,77.08898775279523,"Shop No 2373 , Bawana Road Narela Delhi",35.983939640759246,35.87002596769952,24.59056450697243,19.673747178704907,10.883531366056458,38.088436728567444,31.91387773873943,24.928683188086595,32.805133517338845,39.09451077950612,18.46481553492035,28.217035339691336,37.232423596186315,34.40351709884819,36.28754021077662,32.86494223848006,16.819910202988893,26.615256560609332,22.53213657424326,36.652296519090335,30.107173602627448,23.46196346100003,34.10744115858283,27.10575154006405,22.76674194738524,Rohini,10.883531366056458
28.64042474044376,77.06393323838711,Vikas Puri,15.604500698971709,19.895989916216244,3.109486526581862,6.835703372636971,12.139167090654066,26.7292332697282,10.005427063589906,16.328947316316192,22.78305816275616,23.792722727125064,14.524156412232132,5.651406257293319,18.97937577679336,16.70871083535079,20.906404341484713,16.42045261121094,9.131142830358865,14.942082735931384,5.681107538748119,21.570983402832937,22.569445263450252,12.455497635497847,19.26977667300705,22.270222419321023,16.222362328176366,Janakpuri,3.109486526581862
28.7689102127566,77.07462586462498,Flat No 21 BLK A-1 Pkt-4  Sector-34 Rohini,28.259397045405585,29.28317123615642,16.397216922447466,12.172714043865195,2.7979208493217747,32.96553674471988,23.781513004537292,19.686440759749782,27.83222404691105,32.80977824435358,13.627018070777662,19.857729865962302,30.07416200991994,27.306715035087134,29.8820335512783,26.028987327999054,9.806304012580023,20.627057509034895,14.799116249338619,30.34593607668044,25.758483432161967,17.258926196456418,27.76237004693232,23.432505214564763,17.89901029513945,Rohini,2.7979208493217747
28.62497824147482,77.05583464354277,"G-1 / 370 &371, G-1 Block, Dal Mill Road, Uttam Nagar",14.721355976856517,19.78141921357894,3.1387129567576517,8.41531931551386,13.835220547335636,27.055265138328664,8.779701739798169,17.376334361237582,23.378547514463495,23.668048502168848,16.095184928231216,3.7798487579531566,18.481770886027974,16.40242803756679,20.8534312891766,16.365135669213196,10.906083017377885,15.71735816091138,6.754332683713631,21.543087800528312,23.433307998498236,13.516889844330485,19.360446294035196,23.388693473482558,17.47669205688538,Janakpuri,3.1387129567576517
28.76964082648282,77.09337450563908,Sec. 29 Rohini,27.893023668639398,28.39484256346736,16.43702589540273,11.6208512934425,4.240969272240672,31.684948496122985,23.742339097782388,18.369099097816992,26.501719128852862,31.831341637422724,12.157126788472693,20.275363202667958,29.412581418579084,26.611696957013496,28.93411617245194,25.22272051704721,8.960692563033048,19.509709211072586,14.412328312494179,29.3675402515934,24.29971349492401,16.18227596095929,26.788114138311,21.856604527466054,16.485564760377738,Rohini,4.240969272240672
28.7696328914457,77.09340065717697,Rohini Sector 29,27.891620287124532,28.39280420213961,16.43622862329818,11.61930665873162,4.24266226956825,31.682505913760487,23.741387751702057,18.366639642377393,26.499236960972073,31.82919912994716,12.154552707359484,20.27508580497242,29.410805283098703,26.609886724552236,28.932010828616335,25.220782332246017,8.95881586693902,19.5074422961899,14.410967230717311,29.36540108269986,24.297130695733856,16.180063403749273,26.785983575838966,21.85394876435178,16.483026015031452,Rohini,4.24266226956825
28.76961349468573,77.09349788725376,Rohini Sector 29,27.887502386469237,28.386199995354428,16.434390969973062,11.614648715428311,4.2495599140169675,31.674208344872117,23.738976310448486,18.358267497521833,26.490762754116805,31.822171332866102,12.145651270899176,20.27515144380449,29.40524423752534,26.604191714845992,28.92513496540156,25.2145802487265,8.952860966274676,19.49989957407826,14.407012470833848,29.358387036137994,24.28818646282651,16.172747653160382,26.779004846025703,21.844622633511257,16.47429246384954,Rohini,4.2495599140169675
28.73342315163342,77.00436741113663,कंझावला चौक तिरंगा मार्केट,27.440304492473352,30.760919888969383,14.833330296988553,13.84416748593139,5.384228813934583,36.221216817320546,21.804396908208833,23.651078517123622,31.494125758216068,34.58364510112406,18.72954867620947,16.230930766549903,30.48401027891551,27.992328622591256,31.61354804307727,27.281135064028696,13.121469237037246,23.610997191954517,15.300474277620769,32.203288578412945,30.15469893409199,20.32771984748535,29.702841696345576,28.543734658490127,22.42666262455894,Rohini,5.384228813934583
28.73387119477921,77.0047901943326,कंझावला रोड तिरंगा मार्केट,27.460573642380776,30.763599605810025,14.85246808359984,13.834726780084182,5.328974038172939,36.21034104567624,21.83183505706451,23.630778271359183,31.47881774792035,34.58481580267508,18.697499082107907,16.26892418379034,30.49529877945169,28.000638937559902,31.614371968239517,27.284589619524944,13.097957542122899,23.59877677204989,15.302558016489243,32.20322601163345,30.132791391613015,20.313088365435053,29.70142546187015,28.515224173987114,22.401170047304454,Rohini,5.328974038172939
28.63868186294558,77.06523846834898,"D Block, Vikaspuri",15.372625048044915,19.687408592445045,2.8863317631927323,6.817398258915073,12.340765152131487,26.55176186748436,9.77932366643759,16.224581027996518,22.628797742189835,23.584348656883453,14.510398664134293,5.509586682712979,18.75437625649539,16.49019092534642,20.701490704549105,16.214145496490236,9.173715377510502,14.803387884707284,5.565307079033135,21.36768285954479,22.44412639167275,12.350467728004032,19.073314324024174,22.17802854014734,16.14865369782198,Janakpuri,2.8863317631927323
28.63590873597842,77.07322273403406,BEHIND BANDHAN BANK,14.685981337911178,18.86024796683491,2.109653741461408,6.327919385510406,12.724633382527653,25.717234034894457,9.240722068789093,15.493465017067132,21.814572145710898,22.756889107664744,14.009565339793976,5.548967156087884,17.97446895623355,15.683837246288077,19.870043348178985,15.384176088197398,8.86867286087732,14.011374191838527,4.82595029146345,20.534758697619452,21.671960706995105,11.620554094530647,18.23637032382443,21.469993872847798,15.485428668038042,Janakpuri,2.109653741461408
28.64059864407234,77.06595093011855,F Block Vikas Puri New Delhi,15.510408401702668,19.737334007401028,2.978306062065473,6.652950563360574,12.13322799998745,26.546393703595815,9.956038423455134,16.131105261956915,22.591308295606627,23.633718944389862,14.343420399861499,5.733663095912383,18.84847714220684,16.56422848104173,20.74369088372105,16.259380648309012,8.975133957643965,14.746910958791982,5.483587818141009,21.40662168128187,22.37242974633748,12.257647467420176,19.09935126589841,22.072857777966675,16.026859652434307,Janakpuri,2.978306062065473
28.60681149835527,76.98793049901724,Hhjjk,18.62258068567149,25.333893525281898,9.891972459278248,15.141673411495445,17.208458924534327,33.25029675497316,12.30527858076367,24.283888904039916,29.948321640886363,29.112272828486716,22.824790147313543,5.900488010224812,23.233799776397845,21.679078705312,26.497883664041794,22.125561238813397,17.258687342597145,22.498177224115135,13.683595946017284,27.21975921483604,30.237992017794863,20.43440778105029,25.291237969949012,30.308088589907722,24.402032537401585,Dwarka,5.900488010224812
28.66956178577951,77.29855846613646,7/333a Jwala Nagar Shahdara East Delhi,21.43279475081178,14.685184457081416,21.238663692645567,16.845115410770298,25.22091226512507,11.303744665775875,23.12071126303338,6.823612807906888,6.678070874043583,15.626954637280889,10.95455280577862,26.110918623464666,18.460334626548487,16.45918330803968,14.135381265636841,14.292471152638386,16.50441098188675,9.039726562442375,17.47893096084326,13.956378466535535,3.137489174788361,10.686329758038513,12.553632524761278,1.0398791982976001,7.218858813996428,Shahdara,1.0398791982976001
28.58446195410766,77.24786203354597,LAXMAN CHAMBER SHOP NO 6  BHOGAL ROAD JAUNGPURA,11.335668122429835,4.108518699781957,16.17096064069175,15.174747021451607,26.171413912227898,7.779778994349451,14.777454817446406,8.159015049388792,5.359448730315009,6.459747818942335,14.369939532727395,19.727721275919222,7.790784993244048,6.079148086128691,3.913141353144368,4.165772813370476,16.81921524732168,6.050699355385434,13.869168233922013,4.085309555764114,7.847168242320353,9.335205503263069,1.9209762463293756,10.704351223170246,10.485445421728835,Lajpat Nagar,1.9209762463293756
28.72000184028267,77.28954758495094,Mony Tyre House Loni Road Ghaziabad Plumber 59,25.448328340264343,19.71599763953072,22.50342483982028,16.93586243133981,22.95649922905197,16.967557713785098,25.96023580036539,9.150500448078883,12.286413077656642,21.09870396068024,9.512507269248191,27.69480647520336,23.197516934486195,20.88227936532359,19.33382313784319,18.68014265785999,15.564615367161867,12.138808199226029,18.468675593558327,19.249870277402522,8.746404964820687,12.245093057680984,17.53127717536254,5.148806758172961,7.9326367284136445,Shahdara,5.148806758172961
28.50217982817568,77.25017443299294,H17/242 Near Fitness Club Sangam Vihar,9.719205748191754,5.260285321504894,20.704811680599292,22.175166422345157,33.36183193100632,10.634164761568673,15.853044425143535,17.235864856167748,12.711585527538698,3.8973021765366274,23.175810092071572,22.309115049709202,4.92813905513965,7.176466835650956,5.251794891395449,8.22640687513269,24.49521751621447,14.746653445186384,19.996780079984006,5.273924488668724,16.10358231133588,17.625596836876333,7.3182145349567955,19.445267868172486,19.549770947290384,Okhla,3.8973021765366274
28.60901084096932,77.04938426613808,"Plot No 2, Opp to Balaji Dharam Kanta, Matiala",13.881113527560831,19.676354101940177,4.014426403933581,10.020160317986374,15.625988559005158,27.339991326034482,7.6752936643531395,18.419999086747698,23.947465498914525,23.523388310988352,17.63493184504077,1.9092050367067885,18.00093041334986,16.14070308470462,20.800754416633506,16.35687776301256,12.655430339141438,16.521768233797907,8.014891524840447,21.509984974473102,24.262998063507283,14.611957704588791,19.463842951739153,24.46514319535747,18.713393119705135,Dwarka,1.9092050367067885
28.54372064335854,77.25058011710644,A 121 DOUBLE STORY KALKAJI,9.673800779574224,1.2717325073971013,18.11634187307209,18.50703834594493,29.694255288296564,7.957701758878123,14.77303196862598,12.662873667324275,8.498430124384742,2.6356438361646104,18.73354729266881,20.69027237407215,4.798581632820082,4.971015982450203,0.6354182366762539,4.746026218304678,20.554698558917366,10.305951151085178,16.673166453876814,0.9946113563537896,11.712862782369113,13.365819688462798,2.7646574800308623,14.93174049967598,14.98502864882602,Nehru Place,0.6354182366762539
28.543693252601,77.2505697235465,A 121 DOUBLE STORY KALKAJI,9.672139233547615,1.2720564353552561,18.11691506437027,18.508666674818393,29.695955906301467,7.959795106476157,14.772309600673044,12.6657233964126,8.501570280509904,2.6348368598460565,18.736154833819466,20.690086931439083,4.796317080851003,4.970397557770472,0.6385579424403286,4.746855376752292,20.55664816298175,10.308510287195586,16.67441091516687,0.9972303331566527,11.716067631878849,13.368118951331013,2.767327278276743,14.934943542044396,14.987862837204617,Nehru Place,0.6385579424403286
28.53890889101775,77.26274628192186,193 SHUBHA KHAND GIRI NAGER,10.743631658970648,2.575032777332096,19.415928559250954,19.698871800028375,30.86917950644471,7.123338113047156,16.012246749896654,13.42135513535048,8.457170034308907,1.3622970833697203,19.621297573237754,21.978082117156948,5.714182192367448,6.229434355123485,1.6158345325431898,6.036306718008559,21.675647866611623,11.234531472278848,17.92356019159952,1.1864446392097772,11.839510237892503,14.389499495641921,3.732447337429714,15.205635233259443,15.747721076116859,Kalkaji,1.1864446392097772
28.72309998789446,77.12872803211212,Plot No 31 Sec 13 Rohini,22.220645728971956,22.193434194995255,11.940344226257439,6.010857223090999,7.625334711074307,25.639332368440513,18.769002240472076,12.389540623875304,20.53041380081754,25.613572654033685,6.652442573305694,16.65359799473541,23.354725771618476,20.532156946553314,22.718867860171105,19.063369412041684,2.9660550329209934,13.31902779807474,8.985602007010675,23.14983739693711,18.60237335739613,9.972947941934935,20.5707394148282,16.569253051084413,10.719304263373608,Pitampura,2.9660550329209934
28.72318231380674,77.12844036519527,Plot No.31 Sec 13 Rohini,22.232876380486204,22.21503057386852,11.93962235155688,6.01878142474443,7.595918761275427,25.66645241834413,18.773882776308252,12.417476781417054,20.558175613381124,25.636675224288346,6.681949617842482,16.648023667773415,23.372530333660052,20.550304699338227,22.74143795567926,19.08338368948417,2.9784729198535325,13.344117909792564,8.992758895451864,23.172891834003774,18.63133128739227,9.997291480344114,20.593666005641712,16.59875312528527,10.748295589803098,Pitampura,2.9784729198535325
28.67529827031634,77.2908940538764,Shop No 9 DDA Market Shahdara,21.442441920199133,15.002116592128434,20.688684370086886,16.11158365844156,24.298454743835805,12.114376177159734,22.860306278857465,6.281773205858931,7.314749890879445,16.160060307308235,10.034129281062635,25.628625822496506,18.678568942759906,16.568961167451736,14.5229892902818,14.381396867440756,15.66034089398404,8.725322103146837,16.868612722506924,14.388928731125562,3.781608050176128,10.097189260139604,12.841693220611152,0.2563745286464959,6.430029792910683,Shahdara,0.2563745286464959
28.64796500764551,77.07215990871191,S B I ENCLAVE H Block  VIKASPURI,15.884919666717138,19.670511163643006,3.275666889933114,5.746132609654656,11.382005689735292,26.222998256460883,10.55957228635395,15.458268323395037,22.13499487853816,23.559055596515318,13.417004409674977,6.716233184643914,18.994414248213726,16.617308591441283,20.63955070333424,16.17762385236405,7.972234943392994,14.224030527347635,4.911154490125501,21.286544589499236,21.77738104439199,11.595014621086976,18.924009879367134,21.349877167210884,15.248641559442767,Janakpuri,3.275666889933114
28.64802561947587,77.07223735749722,S B Enclave,15.88694238551422,19.66805313137228,3.27812255806021,5.736479605162124,11.376343656309503,26.21805402903,10.564142516637478,15.450321825086052,22.128871794842258,23.556479576011874,13.407166559000178,6.725342095282212,18.994059592946673,16.616070639478334,20.636720547865433,16.175076399587784,7.962110190880104,14.217400665097525,4.904493183691348,21.283554047189384,21.770044592677888,11.587206608267286,18.920519779231082,21.3414799695114,15.239840800612955,Janakpuri,3.27812255806021
28.67040105416928,77.30299215763807,Vivek Vihar Phase 2 DDA Market,21.789626491009024,14.947342995566325,21.680850203769655,17.278136752853577,25.593818640877917,11.300528587142594,23.534868976615137,7.266116399928567,6.809027161425929,15.793060051597934,11.32809847785658,26.550164721003227,18.755327184457318,16.79028157487272,14.369830405321764,14.631351505536884,16.913474833718105,9.466444899554965,17.921094778044,14.17173733029674,3.3023686971862194,11.128674595002984,12.829220558907837,1.4135062750710503,7.63998617059691,Shahdara,1.4135062750710503
28.67046959559504,77.3031272739172,Vivek Vihar Phase 2 DDA Market,21.80410449088554,14.959799944219593,21.695510554821258,17.29137834419525,25.603574839964775,11.305386172772394,23.550080501632994,7.2806398793372855,6.8181725793001835,15.802984496940617,11.337957879047536,26.56511432121637,18.76853869939561,16.80427832445671,14.381600874312952,14.645510216736813,16.925143105694993,9.481652721594815,17.935394131768362,14.183015415621966,3.312839280327963,11.143037243498233,12.842016355531088,1.424299111253629,7.6524291385616205,Shahdara,1.424299111253629
28.49803386291216,77.30246510356665,C-150 main mathura road near jaitpur mod near axis bank,14.801960893510762,8.377050728324663,25.08466021599404,25.671982387672504,36.84555838521545,8.411521413969592,20.810398320712224,18.946494878648753,12.42874984735236,4.6314911073763225,25.308801568030344,27.147006398233813,9.818359351073253,11.51695957540497,7.59014411609103,11.863536263360482,27.637436881674837,17.041194992888432,23.838728458143663,7.093353238342865,15.968475296799067,20.283244508101006,9.676830278670606,19.577379292624826,21.24747049483164,Okhla,4.6314911073763225
28.629953,77.09085,Delhi,13.248431963325155,17.04764906765806,0.9436390896387746,5.535888998728475,13.698014237951984,23.880655816947037,8.249473092102141,13.917976156269109,20.025858246777833,20.94274414715758,13.015072490390347,6.073232797832729,16.286453163168883,13.928764529962326,18.04570655979272,13.564794082081642,8.437825095869952,12.283999485802452,3.3537672676278425,18.706334751486285,19.984628972375834,10.064159836885192,16.396737552381165,19.937808552657202,14.080249362602478,Janakpuri,0.9436390896387746
28.6017591938281,77.03332655131817,Metro View Apartments Sector 13 B Dwarka,14.58396495391061,20.914074046267416,5.769866029129899,11.734318581956082,16.57183719222117,28.783231770875226,8.249228986411145,20.155227871974688,25.53067840708174,24.718814540531245,19.373954064271427,1.6384526022843502,18.97791179591543,17.29483340565646,22.066978448495476,17.673522706921126,14.293438783807105,18.202343535938947,9.77765937824669,22.785673860732214,25.939882747515384,16.358946030444386,20.82976079941342,26.202664878570875,20.473215318291235,Dwarka,1.6384526022843502
28.59949022855074,77.03106444329023,Metro View Apartments Sector 13 B Dwarka,14.617793330378435,21.056731674268253,6.073129491845458,12.065487781148896,16.85289230958924,28.97397548943226,8.27545177995519,20.442536535535005,25.76143568933091,24.849809594798554,19.70132571637037,1.6737858816834172,19.063628991718755,17.420864534099344,22.215753385741156,17.83686902825407,14.628661464908852,18.46667810064577,10.09103521629179,22.93636705679746,26.201556664973296,16.653446866100083,21.003281040517436,26.490735951520335,20.77813244800595,Dwarka,1.6737858816834172
28.6133873133694,76.96497313678265,"131, Gopal Nagar P Block, Najafgarh",20.939135464727993,27.68767768201759,12.026543212695339,16.882370958769407,17.56281745906183,35.56537017684451,14.63760295223244,26.328508105260564,32.189551089477156,31.4690583668884,24.505098545451617,8.256786080326188,25.582737782437476,24.036072667108467,28.849393710742145,24.468559294514414,18.758213022746727,24.652555022760346,15.673721813615757,29.57044764797466,32.38194424727296,22.46176725973373,27.62631230537901,32.32409016106759,26.330354187023314,Dwarka,8.256786080326188
28.59797039475405,77.03961465507746,Vidyut Appratment Plot 2 Sec 12 Dwarka,13.83972359942913,20.20738997843859,5.404208090220471,11.552980331725607,16.918591684973546,28.125896596584063,7.506131719435834,19.705414304164456,24.935932943257747,24.00362525773034,19.140425050100436,0.9026278778112368,18.24014336968314,16.576171420012567,21.36530736294938,16.985192046113184,14.20932070815335,17.683430780800524,9.451978667585404,22.08564882596846,25.412616525949957,15.937285150564938,20.15204213023843,25.754051126746813,20.094094676229695,Dwarka,0.9026278778112368
28.59794978868286,77.03965153545143,VIDYUT APARTMENT PLOT 2 SEC 12 DWARKA,13.835464574698864,20.20330197498953,5.40220439778087,11.551926674739114,16.9205222055837,28.12207303399076,7.501885317432304,19.70276945414871,24.932458774920967,23.99949149727249,19.139020843449906,0.8984846199242925,18.235898179643886,16.572021450821534,21.361245697696198,16.981204846733068,14.20880206794817,17.680396681303904,9.450114056059283,22.081595718111497,25.40952156242298,15.934813875696001,20.148110883473375,25.751401313535744,20.091852896862598,Dwarka,0.8984846199242925
28.52085188918789,77.22883678972721,"House 549,Gali 19,DDA Flats,Madangir",7.322723673563872,3.2111712083529094,17.774644033034352,19.306408162061523,30.47495917673467,10.996332330961604,13.184826040048048,15.05070132099987,11.77951325485179,4.473047820533117,20.71936320462739,19.53575681029826,2.210059225516674,4.237611781824341,3.859031529676622,5.472277955198634,21.70009468486505,12.360457216335666,17.076101825505354,4.285321420966207,14.898493638490809,15.035308786091077,5.392361935599563,17.982278761056303,17.32245017266383,Saket,2.210059225516674
28.52209091969186,77.21116103231907,Saket K Block Gate No. 3,5.5909637566624335,3.9743426995192173,16.379624497953987,18.344067311029345,29.439511038277107,12.456285244833747,11.501943892072164,15.028876680204835,12.698118639103079,6.13780577100278,20.36635397703645,17.910983662900097,0.5199257368744685,3.223142498432659,4.959411927500573,5.017182773298132,20.879408821368724,12.177752002407603,15.965173211716854,5.532631127560277,15.608775495812315,14.569046931979686,5.954235241554605,18.491828860634953,17.233667324549202,Saket,0.5199257368744685
28.75855293384176,77.19410385936497,shri Rama dhram KAnta ,26.31812018705452,23.769662213065033,18.39598576854462,11.96567008843196,13.452708296538795,24.524684683723155,24.302022916603445,11.916028768988838,19.251562826946845,26.475113002858603,5.9994936767647955,23.48051128788179,26.054053800420117,23.264103657751516,23.917024082990725,21.333927340604795,9.159225054605555,14.298527084623668,14.69169131002942,24.141235681986267,16.328939562545557,11.863380952652514,21.753645114467442,13.216026167791805,9.597912814964227,Model Town,5.9994936767647955
28.758442125387,77.19396002590656,shri Rama dhram KAnta ,26.30385159243311,23.760124368282742,18.37790375213441,11.94763358550683,13.43780665602773,24.52157004688826,24.285315539751405,11.908428978441435,19.24812563301061,26.46742572489924,5.987074097786209,23.46216935755287,26.04240707757933,23.252143619029468,23.90832432445977,21.32266410632023,9.140717532726589,14.288524385049561,14.674166165898159,24.133019853938688,16.327603384349775,11.850702327027237,21.744715673748395,13.217067998155938,9.59063327398756,Model Town,5.987074097786209
28.50476290816401,77.27836143225431,GODOWN NO 731 MB ROAD LAL KUA,12.347520191042852,6.209482125096176,22.71566599869338,23.56944783819998,34.76882165311312,8.693401855125366,18.33914654307746,17.480765167875052,11.766063670747752,2.9387834686200063,23.711535450570505,24.686373280566254,7.347002955865963,9.1155314294581,5.62361172991415,9.633098857638133,25.663901796117333,15.325127615283119,21.619726555082128,5.277130616687989,15.293126943225534,18.45581176771588,7.800064936879023,18.81364379293381,19.80497920817532,Okhla,2.9387834686200063
28.67066,77.021072,Delhi,20.797980765509056,25.221891950319506,8.473343372458839,10.228727323715015,9.41256417862118,31.767227474918215,14.877696708334605,20.477233587245696,27.552970796214563,29.115693664556364,17.247329066761257,9.067944576449907,24.335493207505685,22.07321883184994,26.208815265047416,21.73533486454623,11.21764897905038,19.579664948433017,10.343131006373685,26.861682324349815,26.943873035574825,16.700949931906155,24.510150311511378,26.141267839460976,19.905923261867674,Janakpuri,8.473343372458839
28.57711557309058,77.23936513066292,C84 A LAJPAT NAGAR,10.185738107979615,3.1936867159010442,15.612440320247794,15.07542377382432,26.17877224139374,8.48911617189249,13.807427249903137,8.838194035093924,6.498819032200676,6.119134326580536,14.862538273313033,18.953846369219622,6.6686612293656555,4.919603786127921,3.294882329413732,3.0722548358210306,16.908606062333714,6.439355134277887,13.560877425923579,3.6573709548919844,8.997924098519475,9.567187974943659,1.1086725123812597,11.781795841337102,11.150661902138058,Lajpat Nagar,1.1086725123812597
28.67566566996118,77.20210086554289,Ghantaghar Roshanara Road,17.452494473985258,14.59531151718536,12.654919742970465,7.469913145786547,16.396448790074164,16.799248309452775,16.606968308604063,3.5006433024645927,11.645815175447009,17.540115219346973,3.322487572222321,17.84492098549195,16.81459353114915,14.041460387441209,14.83878171737272,12.085451383008353,7.20501933277106,5.113436888449501,8.633183718925459,15.133030534101671,9.846357328267567,2.8596785793280257,12.654647730781477,8.480504383615099,2.2363725206135165,Civil Lines,2.2363725206135165
28.667867,77.019649,Delhi,20.64430648341238,25.173990492337474,8.387799708000534,10.367132227956393,9.752422518646775,31.790993889850103,14.686668757721618,20.594026268380006,27.613411605601883,29.069484692885784,17.453079338338455,8.80871201951299,24.233835125853492,21.996163569364235,26.17059661776357,21.691633140028312,11.434849262423255,19.6490593181698,10.387073805072484,26.827687229131076,27.04664844461012,16.803287904914548,24.49051125516654,26.286263543770517,20.05757567241176,Janakpuri,8.387799708000534
28.60333990482361,77.03492447733879,Pkt 2  Sector 13,14.563204928543428,20.81525660816659,5.558778160050134,11.502091590079454,16.376964584765425,28.649791449563835,8.237328835684606,19.953908035845323,25.369155610851184,24.62781764192704,19.144315034232726,1.6526502076274845,18.91958069284569,17.208340619316413,21.963701670090742,17.560526160458004,14.058455587603929,18.01747740728377,9.558313194211355,22.68096487100374,25.756479764769264,16.152698816233638,20.709122541501635,26.000602531761526,20.25939634991234,Dwarka,1.6526502076274845
28.672056,77.078453,Delhi ,17.989004483523278,20.82695391532312,5.651187019361134,4.6406607967616065,8.862738834137447,26.65689039700204,13.053168209217176,14.91988951443048,22.216730265252984,24.661256205321752,11.800572877428355,9.438037288020967,20.633138542722833,18.083881256297154,21.69580121227751,17.343956540821047,5.910748028476654,14.223827607064807,5.379443440404433,22.29722882482798,21.42015419166298,11.197991882061922,19.822364847023156,20.541664388819825,14.30577447005685,Punjabi Bagh,4.6406607967616065
28.65416782894261,77.27410141378641,Geeta Colony,18.584881295879192,12.258145153476228,18.532162455629123,14.55501690433253,23.7183197685764,10.564084531631062,20.187611821527362,4.279933488921727,5.347964533578006,13.718159002628568,9.649869540182713,23.309190800317335,15.853295479866645,13.707908637861909,11.860415260221037,11.518308143729167,14.625461976599741,6.1426146858874935,14.889282294128643,11.789152987304957,2.494603843594041,8.122537933429095,10.07979977037423,2.613440840048406,5.401118518571417,Preet Vihar,2.494603843594041
28.65420784215701,77.27400753647089,Geeta Colony,18.582550995144025,12.25983387873352,18.524033186601095,14.545407192381695,23.70813682412723,10.572384627038835,20.182296127131888,4.270552213050112,5.3555358581398425,13.722552455250622,9.639829943187504,23.30175307958656,15.853534275562993,13.70686275863567,11.863069376820174,11.51706894994641,14.615355441613199,6.136089947450479,14.88054217101008,11.79240902407975,2.5046769260055197,8.113519958716289,10.081297316481505,2.614857164414024,5.390938919874875,Preet Vihar,2.5046769260055197
28.71580800710845,77.16421768069267,BC BLOCK EAST SHALIMAR BAGH,21.295846270451996,19.983935273809035,12.8305337712796,6.398731044716261,11.147318334621108,22.5664417850774,18.82168055072182,9.24579002431021,17.36519475328848,23.159378646432422,3.124787552397651,17.95224899987029,21.670996909060914,18.832203870243543,20.362226009654428,17.11780344211984,3.783202900383086,10.681716156363516,9.128432443519666,20.718263433703704,15.216617385560715,7.567926404552743,18.179177377844187,13.040702943733434,7.359021588250847,Model Town,3.124787552397651
28.62277128705622,77.28353407233953,D-371 Ganesh Nagar Pandav Nagar Complex,16.715503258362336,9.356907495214145,19.105160306910747,16.222329757076903,26.243626860896875,7.112324382271915,19.388439608876848,6.387985425220113,1.8256354519287785,10.276406178237657,12.640641812863521,23.437617537452685,13.260713289288997,11.529401242125761,8.744547712670144,9.472328535239477,16.894570388117035,6.594953625811935,15.907457076947548,8.551112596043275,2.373455693313367,9.603105225100778,7.28580611140202,5.688077503225647,8.2735006447741,Mayur Vihar,1.8256354519287785
28.6438653892908,77.28519335389137,c-81 radhey shyam park gali no 4,18.446224754456296,11.545046024868121,19.419146252992896,15.794252731588738,25.204597395564875,9.04855114724498,20.540338827963783,5.5293392413191675,3.9214911615252035,12.626715883919465,11.200650442192547,24.04685582915506,15.331609683778193,13.39228577976779,11.012953498145302,11.249696785222449,16.0368196563862,6.8243674289876175,15.916531607496843,10.858719660778108,1.0113253030864202,9.244673995271771,9.413459339864417,3.338185029133958,6.909617307340726,Preet Vihar,1.0113253030864202
28.62886730079556,77.30016175657511,C17A Mandawali,18.395211839077852,10.77360831528497,20.741755789647907,17.58338823004271,27.286244552635612,6.932044224010879,21.147208432225327,7.4644102472578195,2.207760198892006,11.217894036283363,13.379331034769775,25.14521820864978,14.769862520992657,13.173060784831073,10.041969368236582,11.158050371454106,18.03566970484971,8.151058937308049,17.443763375440593,9.755944221167244,1.4858157835151793,10.966089658077525,8.791754067688817,5.102761514576002,9.053216815526277,Preet Vihar,1.4858157835151793
28.60398896083165,77.03531976789236,phase 2 pocket 1 sector 13,14.576019632845505,20.799634610055325,5.496392414217149,11.426452737085198,16.300460080547538,28.620634689722,8.253854114953588,19.895807325026873,25.328622689854264,24.61504627128734,19.070667624358933,1.683712802527882,18.918943650064595,17.197461002958992,21.94636078883777,17.539596823059043,13.979169732546966,17.966998506922145,9.491179403929028,22.663062667599576,25.706538666079116,16.092261416753338,20.685136936108055,25.942086763349465,20.195066965760233,Dwarka,1.683712802527882
28.73121230693786,77.27320689707994,A-217 thana road kamal  vihar karawal nagar delhi ,25.762259477401983,20.60484847937145,21.792271335102207,15.941267421748986,21.224755636103147,18.566048533308624,25.77615729022876,9.332067627607032,13.684284930078222,22.284831778789005,8.307935087557697,27.031859272458806,23.886998328690026,21.43856281219261,20.329331694019096,19.252076354209937,14.279606627267341,12.382187059324902,17.736158850886095,20.309807329088365,10.203638098661282,11.926103046738437,18.417564903361054,6.577965307014111,7.679979147226232,Shahdara,6.577965307014111
28.73119731301762,77.2731864452362,A 217 Thank Road Kamal Vihar Krawal  Nagar,25.759870848206354,20.602877560251,21.78968646597863,15.938748210082661,21.222931175145657,18.56500075141533,25.773590590699367,9.329682997152702,13.682943328430934,22.283164560031494,8.305478192998317,27.02927004283379,23.88485093287254,21.43632659869641,20.327463894461566,19.24985780071622,14.277237571973169,12.379806171080366,17.73357447173234,20.30800600674183,10.202427871387018,11.923527609442855,18.415600770543332,6.576811943833953,7.6774399364106305,Shahdara,6.576811943833953
28.68055587477546,77.292713932693,1/2724 Ram Nagar Ahinsa Vatika,22.01129768539973,15.61230789753584,21.032270038672113,16.323752702502144,24.274291359052526,12.629321476903433,23.3463882078654,6.6644260739278645,7.892313352240976,16.76070393144351,10.030561340624235,26.00918519860208,19.281824553236792,17.15858809778725,15.13378392052905,14.968433474303042,15.758615629777776,9.206920941835554,17.176226230625595,14.998254150629208,4.349584109365898,10.43208261321703,13.450939965619986,0.8440567812728035,6.6204050278128115,Shahdara,0.8440567812728035
28.667181,77.019737,Delhi,20.58001374050889,25.126572868362697,8.334708438293022,10.359871681853946,9.820241616097151,31.757183369447986,14.617642658129505,20.580857920819533,27.587345336594684,29.022307355702146,17.462805295181838,8.733262052199422,24.177285858234004,21.94371949161685,26.124914976674557,21.645050159285727,11.448203999835558,19.62515435861836,10.358370913073358,26.782768923307383,27.030034780655722,16.78691156693339,24.448317339992183,26.279760130908283,20.052905242850336,Janakpuri,8.334708438293022
28.69134175627767,77.31631435453892,RWA Pocket A GTB Enclave,24.397586716755,17.60753331123112,23.596343201241833,18.73933743612781,26.14540406673236,13.436924558749801,25.91501686716923,9.256648085434577,9.330769307208874,18.340844606056894,12.059529278780136,28.594683883799274,21.421613942016446,19.43666870166224,17.01118581528245,17.26892596176408,17.967995152249436,11.778942559840717,19.711464142915545,16.793785269545708,5.9126274567292585,12.99777359246951,15.494445416519326,3.3087575943448058,9.05720650268089,Shahdara,3.3087575943448058
28.69132587430969,77.31632005423307,RWA Pocket A GTB Enclave,24.396606040093914,17.606178804074197,23.596292499364953,18.73965700612702,26.146380630746144,13.435123817065858,25.91444744305717,9.256407431423153,9.32917482330572,18.33925350851891,12.06029794255884,28.594517394970858,21.420363159088716,19.43555990060648,17.0097550612518,17.267849105404505,17.968609717897998,11.778404546514627,19.711513606159496,16.79230702245217,5.911166030692875,12.997702168344562,15.493135290110217,3.3081589611346036,9.057434555464198,Shahdara,3.3081589611346036
28.667874,77.02029,Delhi,20.605202774780945,25.12127047604994,8.338767093683764,10.304588822690548,9.728833175495877,31.732413691653008,14.654006609798808,20.531657309233722,27.55278804393244,29.016622963231654,17.392110950519577,8.791395903108826,24.187248473026727,21.946550430862654,26.116938512872025,21.638465179604363,11.37460407792478,19.588013152475224,10.327104247150189,26.773635948139955,26.98455512132221,16.74117796791629,24.435158651690436,26.223725683499048,19.99507479976301,Janakpuri,8.338767093683764
28.61501258676651,77.33817301690578,"Mayur Vihar 3rd Pocket B 8, Sector C,Gharoli",20.61000227627201,12.214953452886878,24.45092784495908,21.570720211779303,31.277898808917264,5.057835665921761,24.157374296708145,11.48080596791049,4.286120143893435,11.311093800249104,17.269056232549765,28.63663684882447,16.3213583108161,15.329448469226337,11.188527708225216,13.596745311080436,22.050581282899262,11.997352944749675,21.309176154632475,10.674575396530335,5.125034642881942,14.947074297524892,10.669663097260738,8.100115003499335,12.994875049174043,Mayur Vihar,4.286120143893435
28.61491575390583,77.33798056840897,Mayur Vihar Phase 3rd Pocket DI Sector C Gharoli,20.588351074448454,12.193485747615574,24.432503295459757,21.555701167544665,31.2665671592039,5.042979314306419,24.13638120419845,11.467896022545483,4.266017792422711,11.291643945287161,17.259945433597718,28.616980347884713,16.299928545381356,15.30780272555838,11.16726354357621,13.575246830017964,22.037911312216675,11.980447864464779,21.292145508061388,10.65353160946933,5.115889868801009,14.931982216071612,10.64801086999083,8.097693763859604,12.984607074635122,Mayur Vihar,4.266017792422711
28.51558746742186,77.20515087246895,155 Ignu Road Saidul Ajab,5.0948288095987815,4.904458326678547,16.464461088416876,18.741640632415365,29.772707315100536,13.30559267752211,11.220705827421925,15.827051455041182,13.629553145991476,6.860119545702865,21.047459936507654,17.720252342463393,1.0010907651455188,3.7920210704598647,5.870328876895988,5.75856572664815,21.350413011962235,12.938133090569771,16.27623020045108,6.42428482283995,16.533025217791664,15.220999711584263,6.878898676644318,19.39379282977644,18.008348796237602,Saket,1.0010907651455188
28.60851605176423,77.33986649662256,A 106 new mig mayur vihar phase 3,20.414446669298922,11.927749363505926,24.649959162591017,21.94101727960818,31.773752348057794,4.406952965654637,24.13305217808937,11.935737673097574,4.410747939386972,10.819536111139648,17.82795559453191,28.74729931874491,16.02046529152298,15.148290005619629,10.862854003511623,13.486578065812893,22.506704872563795,12.290763399502042,21.588081641952297,10.31783952269568,5.697192759276003,15.318432835743403,10.481660697626484,8.785028219208833,13.526564018705725,Noida Sector 18,4.406952965654637
28.60873504263385,77.33991142362356,A 106 new mig mayur vihar phase 3,20.429483905028114,11.945034017301483,24.652853102623656,21.937706472659208,31.765543139008493,4.431474452684443,24.143166268639877,11.928862389750421,4.41452978166278,10.841626770353745,17.816873701410884,28.753202952867756,16.038227642510087,15.162809515101065,10.881087547393282,13.499001797437646,22.500048512856054,12.290002029296001,21.588128907814582,10.336829668879606,5.684909220886175,15.314931243663189,10.49616882613972,8.76742928833235,13.51657791936477,Mayur Vihar,4.41452978166278
28.61255435836378,77.33939073979855,"Pocket _A2, Mayur Vihar Phase 3rd Delhi",20.58261745953026,12.147293123208158,24.58005756496079,21.762497462369407,31.51366242377516,4.823440139216761,24.199903204193436,11.700701764211503,4.374925330612156,11.154392379189222,17.52460663017419,28.73245152416108,16.24910083076123,15.306951608090806,11.104163868922981,13.602695236762106,22.2724533452043,12.159332208877633,21.467745870334866,10.576725402951467,5.381669042299226,15.138279570963471,10.64254678517348,8.391022204896453,13.241113034118465,Mayur Vihar,4.374925330612156
28.72090509636677,77.13658522814512,Plot No 48 SECTOR 13,21.905299128028503,21.616110072835323,11.993672989956515,5.853988127207167,8.426790465667697,24.904691572809426,18.659152134364398,11.63320084215098,19.77783285526907,24.9928376949039,5.848340923207557,16.830271806919797,22.88350016617674,20.052621624419505,22.11388166761887,18.532048617997074,2.736232845972642,12.645811223539637,8.83202017035429,22.531041103219046,17.81508167864812,9.324509834076906,19.95633259881337,15.76548902888217,9.931581992588246,Pitampura,2.736232845972642
28.72091362316113,77.1365587413311,Plot No 48 SECTOR 13 ROHINI,21.906445152892847,21.61814310073972,11.993518056825412,5.854461779343445,8.42404067509502,24.907244804197344,18.659588307573422,11.635817221577152,19.78044140535015,24.99501862545593,5.851090436921069,16.82972141094924,22.885177116034782,20.05432243086695,22.116007840632573,18.533922269286805,2.7367669103220806,12.64815348489337,8.832543106655093,22.5332137292755,17.817795215331525,9.326758130350226,19.958488099268795,15.768240176101216,9.934295175346865,Pitampura,2.7367669103220806
28.61458257754497,77.33746189624071,B8 Mayur Vihar Phase 3,20.52608475926529,12.130761463567646,24.38314808327796,21.517546314015352,31.239941011767396,4.995362225996097,24.07764978430084,11.436483010753387,4.210853469182575,11.232606101846693,17.2401657926439,28.563323857499142,16.237225204820803,15.245650497965029,11.104721991942075,13.51418012432382,22.00716577522487,11.936229400729834,21.2474661520108,10.591300818421393,5.096332103646491,14.893627097470423,10.585702199438701,8.09796948993105,12.961345878989746,Mayur Vihar,4.210853469182575
28.68196244659618,77.05489955842495,METRO PILLAR NO 432 NANGLOI,20.004095941142328,23.2907142797583,7.410184402488977,7.072710243253646,7.50033785400275,29.204887009322135,14.660694931077098,17.350707599902535,24.745566944978176,27.14174303231648,13.761084955403867,10.029923861963399,22.93231707962762,20.448980462771193,24.18282676843826,19.799413375672927,7.713877262004606,16.75509977902975,7.8895587047229405,24.793749230668123,23.873861967269544,13.683475808206548,22.335009466659617,22.856104079417932,16.604602805630165,Punjabi Bagh,7.072710243253646
28.60860317721865,77.33818843960762,Mayur Vihar,20.273336120959243,11.797890129368994,24.485862656698156,21.782219800226006,31.62662745065009,4.368728574186462,23.976408016985747,11.78487743450077,4.246735839771441,10.72953852317518,17.691299703828363,28.584416824764496,15.893318436966387,15.00507558745021,10.738794188439394,13.335987487653394,22.355144873993876,12.128556292392952,21.42513022648475,10.198959713058686,5.566485606696787,15.159991808823563,10.33847222044071,8.685468430354014,13.3856922122409,Mayur Vihar,4.246735839771441
28.74439436439225,77.14290115982294,"39/7 , main Bawana road samaypur Delhi",24.475118835248825,23.713990531060997,14.642974390590286,8.5349587373457,8.441658686412229,26.3016881449868,21.340888204648078,12.99373711607905,21.070237348561754,26.940525519393628,6.6347806682322,19.39462313400661,25.2290594988329,22.389300557823624,24.12506355028094,20.762427624198967,5.415972341378984,14.470890633322124,11.510370657360152,24.494266226651575,18.75060676258082,11.300297725065144,21.945679524129613,16.27298126887339,10.996981775667384,Pitampura,5.415972341378984
28.58745900768985,77.03715842217207,Plot No.3 Sec 18 Phase 2 Dwarka,13.387938909073245,20.155450575070844,6.253579929676845,12.547060008051181,18.105621948245517,28.265166099922915,7.052694600293345,20.34260907679791,25.26366983607615,23.898434562825873,20.067933362079625,1.005751146268407,17.968882699880556,16.46545696433856,21.336237072775972,17.02735812472654,15.274325711340259,18.197870356902502,10.305611274092826,22.063205860862134,25.895273321419857,16.629528160494726,20.229462154223057,26.38386388649927,20.84087333475526,Dwarka,1.005751146268407
28.58746901735239,77.03715674579145,Plot No.3 Sec 18 Dwarka,13.388660048612042,20.155849390402476,6.253027586015369,12.546367402960664,18.104532025114956,28.2654010663586,7.0533853860403495,20.34234169622672,25.263723088176494,23.89888487892843,20.067334848026007,1.0053210391975338,17.969466428980407,16.46590054542087,21.336617345072266,17.027666871391506,15.273540471075966,18.197727676043538,10.305081658518866,22.063581215279637,25.895173068841736,16.62919561857249,20.22974484346343,26.38361069820765,20.840487154774458,Dwarka,1.0053210391975338
28.54274811984107,77.12898183614016,Mahipalpur Near Canara Bank,3.176531887801744,10.735436303533275,9.676376827760398,14.052908858335796,24.042598328533135,19.493424430154707,3.2016643637425823,16.030786276054883,17.8079815901227,14.150591052959594,19.070264854294102,9.787040406690123,7.8492337211961996,6.985897703017554,11.970581579388298,8.367054416843006,17.110432167402923,13.06701994369082,11.112234880899,12.699353750892469,19.594501726468152,13.559229746074323,11.485926870967067,21.355109975710345,17.589157355277468,Vasant Kunj,3.176531887801744
28.67365834025771,77.31070585548878,B-30/4A Jhilmil Industrial Area,22.564125291428365,15.601233622025205,22.50028901409455,18.036940557337868,26.182561352719993,11.534335503754972,24.364196842604972,8.081569427583398,7.29221508868624,16.301650465921117,11.929904532433188,27.37993826442137,19.452085499161324,17.535133691209676,14.984490316385251,15.386774781259808,17.598766891856286,10.301368000703786,18.726182435999934,14.758420201366446,3.8827466992108373,11.937077388899574,13.504123473514348,2.1176006172887862,8.367633650350683,Shahdara,2.1176006172887862
28.61378966064736,77.03272305428982,"60, Suraj Vihar, Opp NSIT",15.45453124076047,21.386516829493182,5.451212638421541,10.977627326395975,15.256528862554905,29.03018424971616,9.17381376157059,19.85075167855904,25.57748055129175,25.23135105012268,18.664456066635168,2.7380107108814706,19.669779590508494,17.842920719882216,22.51172598514693,18.06727403236859,13.379316090571098,18.06494973648208,9.28910332997993,23.22100108449058,25.802788302579096,16.008617995216333,21.17002720103986,25.881227239175978,20.021079596204228,Dwarka,2.7380107108814706
28.52356766242075,77.15564232319593,Masoodpur Market Ops Vasant Kunj,0.19102965131443447,8.570608727978975,12.784518261065376,16.440917328219726,26.91097379787755,17.44906258678581,6.535211462310406,16.451109133646575,16.611296554984047,11.512897459565574,20.468036175362865,13.14307437590889,4.979529115025403,5.206881712866111,9.775954212273964,7.192372264835067,19.37592736020074,13.400899190743246,13.624196033442185,10.466385677744276,18.91178088703713,14.679273242492794,9.851834758793867,21.170631134986568,18.314135253005453,Vasant Kunj,0.19102965131443447
28.676536,77.108154,Delhi,17.488085222786516,19.115439524142406,6.391674233773918,1.9186044721158362,9.540419576240552,24.297025257185062,13.404403922257195,12.129875303809113,19.66726355964526,22.85203111662295,8.89969167676039,11.177934914592027,19.446617490066046,16.745380287568153,19.877177605627846,15.704406551486107,3.2371757180006493,11.71578816000641,4.021819924590327,20.429354078178246,18.66169666483327,8.52542332292009,17.887159653852844,17.64567895730623,11.399034031851107,Punjabi Bagh,1.9186044721158362
28.70112341431914,77.18369487673044,A 1 Mahendro Enclave,19.852387275692585,17.81050044820875,12.850922288109697,6.6681436703940795,13.514710669837836,20.07179673333558,18.066882344916763,6.754511284193744,14.862351864468083,20.8571633020913,1.040537675616311,18.097268440016006,19.76649123807064,16.94668793231884,18.115373053293425,15.11127734916951,5.04768882655887,8.384775728724986,8.865848094268165,18.43545880989505,12.739592000976693,5.51834347576104,15.928587984571221,10.715141272922565,4.865125285714478,Model Town,1.040537675616311
28.70116782084445,77.18365263193846,A1 Mahindra Enclave,19.856670516010556,17.81645128106247,12.85130626425922,6.667298387682525,13.508966833407971,20.0782123183731,18.069422577040203,6.760936326985072,14.868735424003756,20.863373616754963,1.0425462419917328,18.09751435464712,19.771864047263907,16.951993564360308,18.12147311120839,15.1168440409329,5.0440827558183905,8.390917709010475,8.866686557576733,18.441628458723468,12.745679237261216,5.523767045060844,15.934687395101466,10.720495400021457,4.871305135688895,Model Town,1.0425462419917328
28.62528842977601,77.05602172762156,"G-1/269 & 270, Near Komal Property Dealer",14.735672647546581,19.779793268557842,3.1245288595968574,8.380387956931157,13.800655803877445,27.045127296664287,8.80083321087378,17.351555390381858,23.36285075990444,23.666930794381503,16.060962947295128,3.8178576967741495,18.488091848315587,16.404441520110723,20.850624174287926,16.361903367522302,10.868422546211571,15.697539450148977,6.7269490469630835,21.539818758797146,23.412390212542594,13.491460142063927,19.35455751095581,23.362930402160032,17.448117946098105,Janakpuri,3.1245288595968574
28.62309531407382,77.03973099589348,Mohan Garden,15.64311586112875,21.12842176382444,4.693721980799304,9.842524275862386,14.13937878415665,28.546984274366004,9.484574030257251,18.958502718343794,24.93324347530527,25.00139891951496,17.536148764895554,3.5004332393538613,19.63979417154881,17.673058973610956,22.223566504817992,17.747555220242752,12.174003919604731,17.297770676490803,8.323483067564306,22.92184441642739,25.01691056946499,15.096627119166316,20.788734966364615,24.9665960219196,19.032494958545463,Dwarka,3.5004332393538613
28.62313681064963,77.03971825540066,Mohan Garden,15.647235754150628,21.13137628670375,4.695097000306118,9.841187930229816,14.134939407991435,28.549136870315564,9.4889640330994,18.958823481023998,24.9347580552502,25.004423609690598,17.53482632475483,3.5051938279341885,19.643399735745085,17.676298248050276,22.226420775550924,17.75033359305935,12.171826754200326,17.298760283510944,8.323487684168994,22.924660175974612,25.017767902160266,15.09686113090684,20.791286815163854,24.96676309709812,19.03223071120427,Dwarka,3.5051938279341885
28.6231288644981,77.0397075265646,Mohan Garden,15.647363998535544,21.131992672549732,4.69611813842477,9.842541781449476,14.135938278233313,28.549983277338153,9.488920957701579,18.960022679723394,24.93575102817983,25.00501686949,17.536179552348234,3.504507318970405,19.64377611415528,17.676817023495232,22.22706927217779,17.75100567113286,12.173196056027901,17.299854094910927,8.324728018018831,22.92532072363429,25.018884581041675,15.098072163887858,20.792025974499662,24.96798302888152,19.03350190351691,Dwarka,3.504507318970405
28.69310552206259,77.10390854626894,Best Enclave Pitampura,19.375277018684088,20.78470381062125,8.072194577204966,3.4245378331036,7.781748897591626,25.588741624556544,15.227978782943248,12.995421572113472,20.804410103752932,24.470563204007757,8.840956764622225,12.572896062431797,21.259910838425977,18.53354247255558,21.501402543354672,17.413097576734977,2.786742980656763,12.962839051974095,5.900342053052402,22.030296550325374,19.52551879491314,9.644701394982558,19.46788379384711,18.1840879551795,11.953998782046853,Pitampura,2.786742980656763
28.71585270144264,77.17565394937992,A 200 Shop No 1majlish Park,21.382170120020525,19.6102344049339,13.513271122073906,7.11184180899449,12.20213289365188,21.803912500789142,19.226741801184854,8.509565044727324,16.568079218054372,22.67288505249918,2.15145281718697,18.69251584306846,21.49078536509828,18.661836523373303,19.92681138458729,16.865834696661903,4.7480132932528,10.198625961549437,9.686165138925343,20.250194683627342,14.295484348854991,7.265072327365555,17.740042166476954,12.008218715059899,6.4974270964697896,Model Town,2.15145281718697
28.59645789839488,77.03811161220074,Dwarka,13.860785914028956,20.303863595007456,5.615241741277091,11.77510953966461,17.100744063172318,28.254535067079093,7.520700791733187,19.8996652995354,25.09188213258208,24.091827936045824,19.35987342318354,0.9099263591564929,18.297444740343543,16.66153245058926,21.46587697610588,17.096289684129875,14.432430235493902,17.862930147381828,9.665328165414012,22.1874717073225,25.58921897360151,16.1369016223227,20.26968740829373,25.948070070063725,20.299652251072786,Dwarka,0.9099263591564929
28.73828037780635,77.00668718665838,144/22 Ground Floor Village Kanjhawala,27.78101687260699,30.958405778474557,15.168358679961836,13.941298911614494,5.011344858158692,36.29874792512855,22.199826533061596,23.643120027811865,31.53153923666267,34.767761121745124,18.60743368020572,16.700935836458278,30.753157939573878,28.237420844265987,31.795058080301704,27.48574477502303,13.087835650160951,23.678477353154808,15.497262565488878,32.37709164773197,30.129951385879583,20.374056214886505,29.86529642605457,28.45460213167163,22.368848292491165,Rohini,5.011344858158692
28.72255251892893,77.10318200290202,Shop No.34 Jagdamba Market Near Hero Showroom Rithala,22.57410695862501,23.4503613909935,11.292208755197494,6.343267467137802,5.44319986620068,27.522937798431794,18.500162545211857,14.428656406348706,22.51441467610826,27.018323973813867,9.040841336155435,15.541705923325829,24.22559388112735,21.45155412730013,24.07618144898538,20.175794420730988,4.041856982807873,15.004916629196183,9.090723152433801,24.55758906957181,20.78696244372338,11.616127356605087,21.97538178766358,18.920496461700722,12.933606981554293,Pitampura,4.041856982807873
28.73939866615283,77.18527402728796,Gopal Chowk Samta Vihar,24.08979040829797,21.868659296197297,16.159154843198515,9.728111500476954,12.60369846905462,23.238225848241854,22.004806999898793,10.240737336685543,17.951982069073065,24.731527394718835,3.9536949641421497,21.281735551386838,23.98611557512897,21.176369677438128,22.087558822354918,19.299026050780483,7.031024141732396,12.383227216379987,12.412295580453634,22.35417065935837,15.279849077541247,9.744870406366397,19.908368649774342,12.478207932553127,7.985696031115421,Model Town,3.9536949641421497
28.84929490586535,77.08764296025038,Narela Fire Brigade Station Narela,36.69101728251033,36.55829189005322,25.285164513013427,20.38085038457664,11.514871189729465,38.72119047775679,32.612943035541846,25.58150529292216,33.43632457312224,39.77219415048076,19.1183183663595,28.885631219134545,37.933901390608554,35.104351291571625,36.97027309835438,33.560672230195614,17.525493417651848,27.29135805186202,23.238625370111972,37.331738020541216,30.713749626891996,24.147482046235496,34.78931034964412,27.68537022208095,23.40963369768649,Rohini,11.514871189729465
28.48000964686251,77.18440230935812,Chaterpur,5.770594815316437,9.272356469599124,18.3835822245261,21.788162267134904,32.45253802056641,17.12559126076465,11.822740600229547,20.097664989615076,17.99207586002921,10.352956828812129,24.989448301349704,18.38858093140745,5.401746061936192,7.866819888426859,10.112271742895084,10.012476173733239,24.61718153953886,17.137772598391297,19.065130279137925,10.56837059189336,20.965269076709163,19.12386584600049,11.312059348530541,23.836550376114538,22.21639838652077,Saket,5.401746061936192
28.48024982887947,77.18431212008,Chaterpur,5.743163409884079,9.255518703530802,18.356135508012443,21.76007877144938,32.424494182084956,17.11697325623241,11.797456440139266,20.073599036885405,17.975968893933175,10.34580143654663,24.96307683264962,18.36399485353283,5.380857663895866,7.84235531599582,10.097613349837049,9.98882732855295,24.58922898852263,17.1131479653474,19.03700658669073,10.555068954507304,20.946945020141104,19.097468218111363,11.293521873273317,23.816195984446313,22.191694695938747,Saket,5.380857663895866
28.60699369939222,77.07435294985771,Dabri Dwarka Rd,12.026761157907846,17.32029496624072,2.114305782066949,8.543898351723472,15.930349187115013,24.897626003254256,6.178299725978805,16.17370280077638,21.512127653179586,21.186408789800957,15.911668927553078,3.2256292123685633,15.84115057713491,13.848603832627147,18.427076150638346,13.964076642058856,11.451586672688137,14.159094920514976,6.10787945472809,19.13045495324938,21.89453472145938,12.422708452683308,17.045780549539824,22.221817227376892,16.614353843575003,Janakpuri,2.114305782066949
28.59129882094637,77.03422542661428,"Plot no. 3, Sector 18A",13.856855008813433,20.529872359523075,6.239498465757362,12.445752510419544,17.71385586662959,28.58131268431319,7.515769023536356,20.45334531779935,25.510599135570942,24.289231374833026,20.014825899407658,1.1530566909746325,18.40092941914813,16.85512593323387,21.7042956928597,17.371694202542052,15.116615319868405,18.364899887101373,10.295073747260636,22.42951042386637,26.078674851306104,16.71138492283896,20.56393446540684,26.499681243966297,20.895573826259426,Dwarka,1.1530566909746325
28.68967060710325,77.31408711522818,1249 Art Of Scissor Salon Janta Flat Gtb Enclave,24.115202527484563,17.346666553129076,23.330579019302352,18.50023959027649,25.982067669500708,13.268847011652428,25.630302633937532,8.981615101063525,9.102214291909865,18.11088448683967,11.868607285584735,28.322784346346637,21.152234072410458,19.15907105696396,16.758218379005243,16.989934820631838,17.758100613166697,11.494756683171277,19.451882185462782,16.546609517956217,5.664446105537801,12.731021297358119,15.22971523505856,3.0237102492536914,8.811134055010605,Shahdara,3.0237102492536914
28.61239571353434,77.05437920987606,"T-255, Solanki Rd",13.790158915771478,19.35377161437961,3.429160843010306,9.405938738358037,15.235586330842501,26.920020518021815,7.673886009350989,17.84660196507718,23.46145834592976,23.21504946181566,17.019000942907134,2.4004618777619346,17.79047939585044,15.859664722539305,20.464500128833414,16.003838239927415,12.055225422590903,15.985398417554377,7.4089862236921284,21.168890557306806,23.726382550083017,14.029483989225895,19.084522495481032,23.889202927974868,18.11619336602761,Dwarka,2.4004618777619346
28.52981258547142,77.24529448896646,S375 Greater Kailash Part.2,8.938542404153035,2.1648859875099142,18.47627640453223,19.384195903335943,30.588443609776572,9.105485477292051,14.492517186695318,14.12968429869622,10.098982932111861,2.7283532292883277,20.079824653470588,20.65936480024832,3.8261300300721164,4.922780382493344,2.25564188947672,5.400700957817125,21.583004997513545,11.646757895670142,17.369448025632458,2.5084791551564614,13.340824116924088,14.577355730037043,4.218337586330533,16.55871340224181,16.441821265430885,Greater Kailash,2.1648859875099142
28.67390690529835,77.1863130480051,A-800/34 shastri nagar,16.910152479906184,14.86317213933117,11.218512107921308,5.918128783939532,15.190039670441726,17.814063034111907,15.565734711132782,4.721760151823862,12.76756162558952,18.032362086055922,3.486149036454006,16.440015221851148,16.730931569906577,13.90979682199766,15.22875150976793,12.088427255143053,5.850736884714181,5.570202516538868,7.173016612535068,15.587606251677318,11.21895266296019,2.487645283558057,13.045747239288225,10.018022179615448,3.7860543534706843,Karol Bagh,2.487645283558057
28.72327375429761,77.15798623859882,House No 7 Gali No 8 Shalimar Village Max Hospital,22.106057256268347,20.980006940491453,13.189001124204637,6.788316915889491,10.312588466332313,23.585091067134403,19.42050435490316,10.265531204150838,18.376201310917402,24.17648265876233,4.046473971127285,18.224825628229638,22.606213358853335,19.765910027529685,21.371308640197263,18.081645911296135,3.8886115355588005,11.702373781265862,9.639743745391101,21.732976296183327,16.181635171169084,8.56121330044987,19.18964411991688,13.916760499725191,8.34601667993302,Pitampura,3.8886115355588005
28.72328169285734,77.15797014534473,House No 7 Gali No 8 Shalimar Village Max Hospital,22.106912257272924,20.98141470387566,13.188940426899146,6.788376739402578,10.310833894631442,23.586816896124756,19.420891156874397,10.267251020412148,18.377947831587985,24.177994498836416,4.048273873359499,18.224590463389088,22.607406125265225,19.767100056705445,21.372776358447073,18.082933986219903,3.8882701582692367,11.703911915905332,9.639996210852342,21.73447426900485,16.183429386917926,8.562620344867222,19.191119508276834,13.918550981019122,8.347794663309756,Pitampura,3.8882701582692367
28.72357571316398,77.15756446123123,House Number 7 Gali Number 8 Shalimar Village Max Hospital Nearby,22.13894314409789,21.026592999848926,13.196434447169427,6.799342286659434,10.263678963377574,23.63782361985867,19.440689519685318,10.318190483211117,18.429152699663398,24.225354776902893,4.099010260821908,18.227091057833114,22.647705471568667,19.80733830416743,21.41923095797869,18.125448989366024,3.8879799741994927,11.751804775691712,9.65621642854601,21.781553855541606,16.234521512590224,8.607804431530907,19.237735196719058,13.967824057207894,8.399105146100348,Pitampura,3.8879799741994927
28.75227105510931,77.1492301672697,"Shop No,2, Shakti Complax Main G T Karnal Road Behind Libas Pur",25.331263162546012,24.29247855326725,15.686262080801677,9.523968912326115,9.045601216589608,26.54528074909014,22.3250434891026,13.290413373872301,21.285122761384674,27.437653189415894,6.84222163098593,20.460483948921794,25.93844300671345,23.09791911020968,24.65917060771728,21.41615303651095,6.409212622781816,14.955022250561933,12.489529555076118,25.00395529311138,18.8260048025311,11.877698372117724,22.474340320528807,16.19025776228685,11.198152811648333,Pitampura,6.409212622781816
28.75221344301833,77.1492201089859,"Shop No,2, Shakti Complax Main G T Karnal Road Behind Libas Pur",25.32487613649138,24.286854212370002,15.679967659309703,9.51751405888947,9.04439991780598,26.541052214935046,22.318576480806897,13.285849902682449,21.281005459115413,27.432337900012687,6.837881256712211,20.454426058878184,25.932400166762164,23.09187395815775,24.653708016769322,21.41026963352307,6.402771252749,14.949702715408508,12.483061123136183,24.998585546961895,18.822559180207797,11.872015340681866,22.468891515635402,16.187630892838413,11.193988934059176,Pitampura,6.402771252749
28.75818171035923,77.18465309590101,"Block 8A/151, Aaskar Public School Turn Koshik Enclave 60 Futa Road Saroop Nagar Burari",26.15584389280063,23.91538782368705,17.85754100997011,11.443205584298754,12.53098370511217,24.986421646802057,23.93007758218718,12.182402779338409,19.702814206148865,26.71947919088727,6.02154129807302,22.8913943911667,26.072339744149158,23.264345107218514,24.109120626736868,21.379713367165245,8.546854094836553,14.429012450641938,14.236753641958622,24.359209262458076,16.869779632825516,11.833681205858461,21.934841692914272,13.84896285105309,9.887986681244564,Model Town,6.02154129807302
28.7970886218244,77.13694766163826,Alipur,30.356102375554425,29.380724613710978,20.06110502766846,14.27239272519375,9.46565840997303,31.19673533507988,27.027025399563538,18.118671052597776,25.91044499119949,32.45726893650965,11.673389412356189,24.459075892077482,31.063009216523106,28.22242227133559,29.71539584890529,26.537200919393065,11.183407148949833,19.987848403278612,17.25034061629563,30.038613503526886,23.183281821109794,16.979816328791898,27.52870961687176,20.199813557833096,15.912344206935389,Rohini,9.46565840997303
28.6428146395193,77.06961952149868,Vikas Puri,15.522982309773445,19.563132105906053,2.9251989814797534,6.220948750812463,11.920633884462404,26.2779006568118,10.077463192391523,15.74988127539907,22.276794377099623,23.457473064998688,13.910353531724345,6.092302116343726,18.76095298454107,16.436991551077487,20.55523546433812,16.077992113057284,8.546662855200836,14.40901417630873,5.121563224569021,21.21219509606998,22.0144437390722,11.877979269418164,18.883209697325057,21.67937253965242,15.61926092643013,Janakpuri,2.9251989814797534
28.68201539121426,77.07928419113159,Udyog Nagar,18.973022724593957,21.514826457478932,6.735977670962684,4.769067809607882,7.815325237030553,27.069995509832527,14.135407705637098,15.010580671326446,22.510714836535993,25.31955382470186,11.429712284190773,10.512570718662548,21.476840197487284,18.881935860313433,22.346899229537893,18.04912798232433,5.410400228344196,14.537301060382324,6.062841770896668,22.930761809341675,21.54318258708392,11.393035442787848,20.426163173912006,20.47967140362696,14.227832002862963,Punjabi Bagh,4.769067809607882
28.68202215635795,77.07929190248251,Udyog Nagar,18.973427682616688,21.51480116966236,6.736631398122506,4.7685769145995565,7.814817860768757,27.069668975324056,14.136044561974712,15.009985629128488,22.510280589649508,25.31949012122069,11.428812877103184,10.513518674052902,21.477017800686845,18.882053002462655,22.346829659557823,18.04912778433071,5.409456998414618,14.53689736168305,6.062868523506006,22.930671400560826,21.542603491455715,11.39253712392608,20.42604176260585,20.47895320958364,14.227111808271948,Punjabi Bagh,4.7685769145995565
28.68189450096378,77.07939181476831,Udyog Nagar,18.956576339599756,21.497951951743158,6.721348212579575,4.755020088860727,7.831199629291922,27.05452367139428,14.120603534092623,14.997716240559972,22.49611193841767,25.30278012362533,11.422441342390572,10.503041677128506,21.459801317069477,18.86488064936354,22.33014291434544,18.03219958204294,5.4044405794377095,14.522430853033633,6.045866184825436,22.91407131878211,21.53011754126873,11.379058113875578,20.40958285050939,20.46859189126616,14.216787551705885,Punjabi Bagh,4.755020088860727
28.73251618177427,77.19066124409436,Gali No 1 Pragati Enlceve,23.40547064370864,21.002691350438905,15.873990726054535,9.466847892013464,13.214228854458709,22.31048680189478,21.50926103204605,9.32525215388063,17.02439777109752,23.832525279800716,3.1173383753630093,21.047620064695447,23.182597158516455,20.38241460367391,21.20408728391883,18.47892936268113,6.960821749996736,11.516114656195313,12.038041906952298,21.462175344371573,14.367031176870201,8.964140670380917,19.027677936464368,11.608691470479696,7.062200777188947,Model Town,3.1173383753630093
28.6375875105807,77.06483043730259,Gulmohar Apartment BLOCK,15.294948189114463,19.660101800559637,2.8405264325590034,6.912900331567024,12.45950530895033,26.55579459541389,9.679357696801326,16.279216688489587,22.651292263530973,23.55717962045262,14.606525989371493,5.3816161313008894,18.701736223442676,16.449241426767635,20.678558370024884,16.189763952986286,9.287702639021555,14.83717953000033,5.615568730246809,21.346586032442918,22.486084635039962,12.405090826294314,19.05972941242969,22.23898677708705,16.21928928283042,Janakpuri,2.8405264325590034
28.5184,77.1993,NCR,4.477490784964146,5.093357183470523,15.843282365084361,18.225117148538427,29.22331845780251,13.678888889050757,10.571650862373286,15.618755079275138,13.771081197389007,7.350305835400399,20.71197054456252,17.06864260620023,0.9842489212534962,3.4479285250507603,6.1389364248034415,5.526053465173261,20.86955498683299,12.690408062287514,15.724033077345453,6.7351612190149,16.584717832102015,14.86716371385267,6.953843898131255,19.362261903842786,17.76907628099328,Saket,0.9842489212534962
28.7392228687251,77.19594519585371,Burari,24.224504449011405,21.624851869306543,16.777633558084293,10.3666677142516,13.64193047640503,22.622362601621834,22.401567996989744,9.821039853835014,17.336850867887364,24.371154966247037,3.8566735930997824,21.94656319661696,23.89872806452535,21.11123375177941,21.787606787488997,19.177171525640478,7.816930019526947,12.14813142014405,12.944345317537875,22.023224090938317,14.553697236768768,9.722321904923668,19.619650609946365,11.638173972135462,7.517818498362242,Model Town,3.8566735930997824
28.60900995794486,77.29366075247526,Shashi Garden Street Number 4,16.562835006696165,8.615287137953487,20.145713133243895,17.682908327927944,27.90987226917917,5.293550864712506,19.800484809946976,8.11009627470344,0.1208168523823823,8.923137843055805,14.432661719610694,24.251310206967073,12.672501093722609,11.287120402915873,7.813087970368516,9.39882949275036,18.522430185534112,7.917342186049075,17.153983760264357,7.490913091614038,3.6158503060595026,11.105517027107284,6.743174821047636,7.2075701601503415,10.06881430383154,Mayur Vihar,0.1208168523823823
28.71733260239172,77.12925139814615,"plot no.1/1 agroha kunj,sector-13,rohini delhi",21.577651761378274,21.60918026422708,11.35611117739277,5.373173907345059,7.939268579721715,25.181784600951016,18.14312453524187,11.973600355316131,20.10186780038201,25.052216284387924,6.43325659719062,16.12144891789821,22.73234405917226,19.912343548332515,22.148897262145333,18.460359211108937,2.323226718850975,12.801331426378809,8.350199847084086,22.587846942755732,18.253237085804535,9.439376582652741,20.006820950164087,16.3194991560523,10.379389902032893,Pitampura,2.323226718850975
28.64217170846775,77.31475599110126,175 Patparganj Industrial Area,20.434989598861712,12.800727648245035,22.264726834556267,18.669403070591148,27.86914882272557,8.011720670669554,23.04273319747015,8.38766716216415,4.116967002787899,13.031735735550471,13.707527402601682,26.8179500778156,16.814613514216393,15.222355123597149,12.033123802549882,13.193929229711184,18.810847776821124,9.642870938965974,18.800926159838685,11.712351903954723,1.9098981374539192,12.134615116709949,10.840037048514665,4.313490780174826,9.557842816836946,Preet Vihar,1.9098981374539192
28.71839995288276,77.12888695299624,Sector 13,21.699581857237725,21.729922978757042,11.454593849825208,5.489641324615556,7.854699732381036,25.2857101729946,18.25481084455761,12.070452889459347,20.201219683804748,25.17041516746271,6.494912659720195,16.206278047717664,22.856093514017193,20.03598252065791,22.26807857548703,18.582860601937476,2.4454839224014466,12.913590390410873,8.465619693006337,22.706099413805294,18.33973779163775,9.553608286033272,20.1252743151481,16.388969739335014,10.463519274800536,Pitampura,2.4454839224014466
28.71860754099656,77.12950821965931,Popular Apartment Sector13 Rohini,21.715757583753177,21.720187771422214,11.497529880052632,5.516226225954277,7.899135566072482,25.254622185587046,18.287066447623804,12.034123850760643,20.166561494183174,25.155683039362902,6.441592117113474,16.25658140049506,22.857832680323273,20.036702361308976,22.25511245505463,18.578028613001266,2.461167948868978,12.89079174769575,8.493573842603741,22.691472117529276,18.296935085280758,9.533295596971866,20.111010687472863,16.338262372426303,10.41958352476893,Pitampura,2.461167948868978
28.72983021125202,77.28758856654167,A-06 indrapuri Loni gzb,26.2923551940423,20.730611067898117,22.889266361232025,17.155236014472283,22.635339465447622,18.076227242746825,26.605843094886584,9.912484632118254,13.38698064791061,22.175659491571764,9.585339452984444,28.110166440133217,24.161308265476105,21.804106143956915,20.373083616662157,19.604653605483122,15.597770164920231,12.937167143947056,18.838557528836198,20.30273039340063,9.849894850254291,12.807757689980862,18.54339561019216,6.242912665938471,8.50274469328686,Shahdara,6.242912665938471
28.66132642070619,77.00685784220695,Pocket D LOKNAYAK PURAM Bakkarwara,20.92513696898675,25.88299695777986,9.034061637921731,11.646659120207781,10.924747584944539,32.738128622881014,14.80937772070803,21.809282067509322,28.674521748337803,29.77951610386163,18.841495068654716,8.593525339952611,24.73438460378776,22.600271175836173,26.913497581366734,22.422191164236768,12.841272148104089,20.744094974176754,11.43840601102917,27.584908334552654,28.222499795591364,17.988404113532404,25.30158214298603,27.56140578665613,21.350281320081766,Dwarka,8.593525339952611
28.71492117347571,77.12679985910654,"Sec Ye or- 9, Rohini",21.339671815520866,21.497125189495293,11.021134479610213,5.095838012918953,7.853863791828007,25.193428317402997,17.841740649772024,12.02362182346032,20.137489289061975,24.966939482525177,6.615007398871899,15.769510636426698,22.56112449353335,19.746555853879133,22.054297727646727,18.323028734922946,2.1041987324990843,12.765871217130988,8.065908586295006,22.502357303723524,18.344952725025674,9.391819965433728,19.91979448041569,16.47151336979201,10.483329926360305,Pitampura,2.1041987324990843
28.71448686924872,77.11733534932135,"Sector-9, Rohini, Delhi-110085",21.426567230080526,21.94015298913295,10.690858259725303,5.115466564182752,7.089177193189545,25.88295263491808,17.681821847699457,12.78414935696435,20.86861928757731,25.468184613864896,7.518543181574517,15.28565552033932,22.851848688036654,20.05544597449933,22.537046328224964,18.708323827256276,2.4612132630303014,13.383701369750014,8.018058697810568,23.005013509773264,19.15571202856218,9.996528909074415,20.421527572940537,17.347459760497607,11.314945793648967,Pitampura,2.4612132630303014
28.74327142608703,77.12404020130634,"Ground Floor Khasra No_34/22, Village Samayapur",24.5013673377038,24.387034103910462,13.951233803797274,8.249480581518261,6.619730938641002,27.497676161629816,20.93325237458154,14.182787686910107,22.318427235616696,27.750304932524557,8.031089405554342,18.45348553478522,25.625972561150185,22.799475033868962,24.878635964401553,21.2992873280967,5.250273021328792,15.367548467764935,11.206869354345528,25.289923767013786,20.169041229689345,12.07283339687267,22.717752456257507,17.851233358762215,12.325014091758343,Pitampura,5.250273021328792
28.73109206151703,77.11751136928797,"C_1/106, Sector 11,Rohini",23.24640651613323,23.5063795770282,12.482787114942555,6.941589045803645,6.287114035236989,27.047602210555617,19.5220475226721,13.797838444083014,21.93937115323031,26.96117154269426,7.983339392804544,16.957214381495394,24.56253700156253,21.751578657080227,24.054943421867783,20.33634136196574,4.094114727192214,14.705834503171785,9.861151572798551,24.496703359080886,19.991932966673666,11.348356442694918,21.91522312126706,17.90174792070393,12.10853979412927,Pitampura,4.094114727192214
28.73105942765037,77.1174181625247,"C_1/106, Sector 11,Rohini",23.244216349073263,23.507823055738793,12.477148862550749,6.93906357764206,6.279695336846081,27.05205579170774,19.517638512132997,13.802901095410798,21.944305540069074,26.9633038956502,7.990452226146502,16.950166920437315,24.562366076773408,21.751581341566638,24.056835847898196,20.3371289657345,4.093907432608678,14.709088391563485,9.857943625166696,24.49882697004599,19.9980113400125,11.35128021135449,21.917304060503458,17.90895139399649,12.114598261556,Pitampura,4.093907432608678
28.59461331810236,77.04744804650545,Sector 12 Dwarka New Delhi,13.002847904579605,19.370499708177046,4.972206615831135,11.279446722122064,17.23413476484218,27.32731885094429,6.67674636531855,19.115771141969727,24.195496169456657,23.161067154332457,18.78741913637278,0.3131934735517513,17.3891661766094,15.731911627597892,20.531839373401287,16.162430285365666,14.035881022976344,17.023065662925692,9.02497370253073,21.253308066125065,24.73878337981018,15.382615148541305,19.337354940168698,25.161207240431207,19.57986717857476,Dwarka,0.3131934735517513
28.59702251129847,77.04891186207533,"Pocket -2,Sector -12, Dwarka",13.052412049893798,19.305810211723227,4.697156311179838,10.985964824378504,16.959768211014797,27.212154588584358,6.74477675442509,18.887267368705512,24.035583315476714,23.108748499558864,18.504806087370618,0.6167843385230497,17.38397641364325,15.684772534800576,20.460745374473635,16.075025430439165,13.73527679519052,16.821167907570253,8.752482415779111,21.18023895592818,24.54347665271385,15.142611178314086,19.239524802674875,24.934283755409357,19.329283476494748,Dwarka,0.6167843385230497
28.60149573968367,77.03861117362976,Sector 13 Dwarka Delhi,14.152438671640944,20.411286605883138,5.310685673883861,11.36137186173523,16.53853866281056,28.267495474088463,7.829500323265249,19.67293137721502,25.01616001595604,24.220788075185933,18.977840613574404,1.2696059274070566,18.505635281802707,16.799702060062266,21.561786417365887,17.16372307822185,13.972703638835519,17.700854906203766,9.337890069331221,22.27975635294788,25.436895210212164,15.885338302718308,20.317165683040805,25.721189659401205,20.015337321549953,Dwarka,1.2696059274070566
28.60154283767975,77.03885190188885,Sector 13 Dwarka Delhi,14.136896744113445,20.39029829120262,5.287203425645727,11.340295380062617,16.53086837033114,28.244789998591855,7.814894715347604,19.648964381359498,24.99248102149004,24.20024966600329,18.955957773737573,1.2607592096542977,18.487218888569735,16.779444169090926,21.54054904272268,17.141968520697983,13.953392594556817,17.676787227203782,9.314828575444478,22.258440620438602,25.412839134193046,15.861503138399742,20.295032666880275,25.69723048651509,19.99179889616781,Dwarka,1.2607592096542977
28.56909438315762,77.24766489118338,M13 Lajpat Part 2 Delhi,10.406259525979454,2.4620552940151157,16.675779438463476,16.27636071110205,27.38385537614236,7.652177950339013,14.492337654547843,9.832911069984089,6.432424399466557,4.934809495044229,15.964666356579743,19.85708535926408,6.37786519497495,5.135731899998218,2.218506556293901,3.6842605328911544,18.11091346948764,7.569075886387931,14.726819492736475,2.484994889959175,9.292735626778514,10.74637837661247,0.4719854439232097,12.311479205425377,12.15705420831545,Lajpat Nagar,0.4719854439232097
28.65483951933438,77.27568794041872,11/24 MAIN ROAD GEETA COLONY,18.74068245794557,12.374126784025652,18.698517929309034,14.700523929274397,23.82376017757416,10.556744409216462,20.358274942733342,4.431339739470784,5.3617115134679825,13.79470406431509,9.733566586146377,23.479161055363928,15.985989883388262,13.853306098827014,11.963641755398315,11.665481431765189,14.748319459096255,6.314437252212206,15.050093926943052,11.883739096601584,2.413604965559904,8.279860199187235,10.198306716287071,2.466809494244979,5.5056309308652445,Preet Vihar,2.413604965559904
28.60128909697632,77.08398409187794,Saparpan Kunj Plot No 21 Pocket 6 sector  1A nasirpur Dwarka,10.939079634966715,16.212367898638675,2.3219017635161263,8.578425722758782,16.68601586613613,23.872437920850686,5.2519305809434105,15.531062596435142,20.59129436680825,20.0721953612979,15.69626176813934,3.8465907680652722,14.707298638090755,12.722324557438677,17.32728021327724,12.875059235537707,11.595535031810622,13.383134119486002,5.902540304285446,18.033831787933792,21.095516820466678,11.856029753423334,15.978973050252819,21.56733440593952,16.109519625137914,Janakpuri,2.3219017635161263
28.59699690066414,77.04886894673109,Sector 12 Dwarka New Delhi,13.053950148295272,19.30903835909754,4.702219578631214,10.99090767665101,16.96279651145837,27.21601914228784,6.745962006002741,18.892187797728248,24.039934552669806,23.111816605500277,18.509843381113395,0.6123306122471117,17.38637064518169,15.687758030097942,20.464059025628757,16.078540541262715,13.740051246813394,16.825897875295933,8.757547479636333,21.183579155240597,24.548156454953084,15.14759390646826,19.243174585999018,24.93919607644044,19.334312621991394,Dwarka,0.6123306122471117
28.65401660239151,77.27702032774687,"12/144, Geeta Colony Rd",18.753093227023367,12.325494348655164,18.80852855458707,14.839893160195999,23.980843384170385,10.415499380762945,20.419142930819095,4.565243452710044,5.231641682720006,13.706137292768727,9.892544161093547,23.576568832739937,15.958704003518712,13.84607849313225,11.900747772680221,11.661631806077521,14.900625740580246,6.396848738559383,15.171635767066483,11.81201452215204,2.2548217314438896,8.406745370574505,10.153082156211058,2.4812390589674145,5.662687817453899,Preet Vihar,2.2548217314438896
28.5106123915167,77.2005582600832,Igno Road Freedom Fighter,4.8038827811014055,5.615992477236794,16.564754139154996,19.071072869058096,30.044800238643006,13.961982767859938,11.054223857092175,16.44701958407117,14.341796962898458,7.443694798414173,21.58113049233086,17.60662734272393,1.653210830192533,4.313217620121166,6.5707234688800265,6.359490685554558,21.730921021087436,13.53419720269017,16.545864591901793,7.1129240453100175,17.24033901740853,15.738745600827974,7.587129494642719,20.08539777687892,18.610605811973233,Saket,1.653210830192533
28.4990648448301,77.23230924457312,Devli Village Band Roadw,8.15750506455762,5.521235387460156,19.64038893767545,21.57379597682072,32.70017024747444,12.140545178468912,14.402795782517428,17.473733566349594,13.718613811975255,5.330534844956523,23.164790877167743,20.93314667395456,3.7827681536848923,6.420957077114507,5.896514994251386,7.883510994686588,24.04121588245945,14.804806586188658,19.24080080239248,6.126079366312751,16.98715424331447,17.468932828291717,7.704337536121647,20.192055340810597,19.75390428351949,Saket,3.7827681536848923
28.50948194094707,77.24941536784172,Sangam Vihar,9.470874226367307,4.452303314526957,20.133741845989313,21.458169710280956,32.65287396244357,10.121956730067708,15.493181983165618,16.42072694347343,11.97896629453778,3.3195004606889498,22.369869990067652,21.889262027084904,4.504242833450986,6.550776328388029,4.442502511138866,7.484298524305637,23.74568687136205,13.938855477608518,19.32183615103478,4.488831184301524,15.345467736401444,16.8354084925465,6.502881377873532,18.66473905844446,18.73494933810747,Okhla,3.3195004606889498
28.68968295994052,77.30970706790686,219 Janta Flit Gtb Enclave110093,23.84139032907806,17.170927588351102,22.926968449961613,18.07647964572939,25.569008759085726,13.314482030452371,25.283768042210976,8.595132032355602,9.024427053210406,18.022828800682518,11.445547044224506,27.92895562961589,20.94461891002843,18.91512697760684,16.60792500477808,16.738942283879737,17.331218522438533,11.144866941153778,19.041094656844,16.413459347057557,5.541508318326932,12.328893688638317,15.041294343022486,2.6905255435789566,8.39024715297711,Shahdara,2.6905255435789566
28.53889121875491,77.26274762302637,Subhs Khand 193 Kalakali,10.743469217573866,2.575958406386583,19.41697908399524,19.700405505471938,30.87075590849881,7.124203428012109,16.012614193376912,13.423295653932863,8.458948279751333,1.3608990230246143,19.623187960395086,21.97873887017388,5.7137577319497685,6.229931820262772,1.617344422115598,6.037443190021571,21.67731511292263,11.236384892707576,17.924924325577376,1.1883457830531166,11.841368664177894,14.391279410374624,3.734200361171566,15.20755016141864,15.749662299843878,Kalkaji,1.1883457830531166
28.5436911909308,77.25054055452347,A 121 DOUBLE STORY KALKAJI,9.669309505686208,1.269554685950448,18.1145267168104,18.506967221350582,29.694317438501134,7.96251873014591,14.769494940788139,12.665505231616446,8.5032119964457,2.637103377946832,18.735529032948225,20.687396305294573,4.793663387040532,4.967601084233545,0.6391101810581613,4.744603881184998,20.55523774735529,10.307814145994204,16.67241993049675,0.9996639318167537,11.717339916388475,13.367084593983794,2.7667987842126904,14.935880948380317,14.987614952305782,Nehru Place,0.6391101810581613
28.65467770206884,77.2008066996932,8810 SCHID PURA RAJARAM KROLBAGH,15.17939299103687,12.383035699185697,11.61516209865611,7.4824993258986465,17.579241946469367,15.373240469010758,14.722500151692623,2.88280345166317,10.445017573015587,15.482121555685334,5.595448223684895,16.63520109918159,14.486147497252988,11.70654965994873,12.701880875501624,9.76838720360579,8.156409985742306,3.0079441193585694,7.798817949640127,13.043614551811341,9.326958206843678,1.014817796621076,10.515813708563146,8.860962979748155,3.393205972876163,Karol Bagh,1.014817796621076
28.57139433243315,77.25524716079235,34 Apna Bazar Nehru Nagar,11.179883498622061,3.02476110710451,17.28565389984901,16.65636869454212,27.70963565146814,6.909620148734602,15.255417238668809,9.739320127931428,5.734624091187814,4.842511107932174,15.987015767189616,20.561082200934376,7.054655401474946,5.915157725343698,2.4758535475859826,4.443191420142857,18.385902583373827,7.670079826974338,15.213820592233075,2.5141950593728284,8.716656252006752,10.935736562384644,1.2553519350885896,11.843314672094117,12.065114404157114,Lajpat Nagar,1.2553519350885896
28.58959752100563,77.07969523966312,"wz,725/a,G/F, near main palam gol chakkar,oppo to Axis Bank",10.249977818005647,16.189406828565758,3.6779809383406405,9.924049123493136,17.912745857182397,24.14123830790032,4.209823667677371,16.46008564333553,21.107910637834696,19.99744964056215,16.94323243318126,3.30160712849207,14.353319151248023,12.579106088192626,17.34400945321537,12.965353968991709,12.954489253300814,14.16244341098219,7.192834020591638,18.063769213547396,21.81334320637999,12.876832216272678,16.140710292042513,22.466551133178488,17.1667735522209,Dwarka,3.30160712849207
28.73581151693886,77.26285725831985,D4/1 ankur vihar loni,25.78711732890591,20.972131082401052,21.262141570850652,15.279222765256385,20.17534795364936,19.355289400307264,25.52337052592517,9.404741053698064,14.37380106996033,22.818577913544537,7.593190752667436,26.514758096934756,24.129763158996546,21.613838049002204,20.75867619689094,19.44525860371008,13.466938633643219,12.442197244005456,17.209626695884005,20.776266018428935,10.951234993712447,11.67566258296403,18.79230035889119,7.362098162551522,7.548599569926306,Shahdara,7.362098162551522
28.72838253388985,77.26232517510653,"D-75 gali No150west ,karaval Nagar",25.014900288987505,20.145516228119114,20.738489094061617,14.8495935787484,20.20315245487142,18.59141760217103,24.849523214262966,8.612781041050491,13.580439415911245,21.99579803543646,7.204869773518228,25.983672534040984,23.314001213482157,20.807794182301446,19.93101324135078,18.635827112973043,13.173047787357701,11.656089865722922,16.682393935513005,19.949394272525943,10.179244237349605,10.993899578604756,17.965304617131718,6.613641910095659,6.812232902778046,Shahdara,6.613641910095659
28.70398392067462,77.2616670280695,F249 khajoori khas,22.555837377191754,17.444767666458787,19.26355310183949,13.799990064124287,20.63324114259989,16.085275533320168,22.78159621505272,6.131451866222962,10.978804402639032,19.290049968928326,6.638944426197615,24.447552477515387,20.66890900017848,18.209038243155945,17.218703710507334,16.02373510321211,12.654092527909937,9.176512611380712,15.236039554958554,17.235697417826202,7.679564700286769,9.011193720222701,15.262031487125487,4.29511840621241,4.697228630445246,Shahdara,4.29511840621241
28.70516227245425,77.26418126374483,"CN-45, Dayalpur Main Rd",22.786632278903426,17.607696745140284,19.541576841554207,14.072228822612443,20.83960544299282,16.112505377077774,23.046162988674887,6.3690900164527715,11.035406785928657,19.408175382845037,6.88405004345789,24.725331720064183,20.86023238792088,18.41465856218825,17.365545060218196,16.226442961627253,12.907739232831076,9.410097517233421,15.513971616625126,17.372393807576145,7.698620997962178,9.283460457509255,15.422949232440853,4.254406156529653,4.969240980610641,Shahdara,4.254406156529653
28.7007102268723,77.26413633674383,"C-196,gali No-7, Bhajanpura",22.34942125362539,17.117128895153446,19.308377365543905,13.935279534556505,20.958161356403718,15.656309601433325,22.690116747465126,5.94907443806541,10.56082592140846,18.913858839177582,6.893113927581686,24.473911299422035,20.382756939417348,17.94834860181907,16.871513130377203,15.757813360242654,12.876583690256403,8.98029101687198,15.294325264776058,16.877446312241183,7.247896522837289,8.97237045333094,14.931877340233715,3.8604086061774163,4.664875388503999,Shahdara,3.8604086061774163
28.54160829435677,77.26296320557594,"153, govindpuri",10.813202432619294,2.4874038790114863,19.29365532185894,19.493761445610755,30.65595643725051,6.95995159262226,15.999859527098945,13.134981987266123,8.170864015211233,1.5634518608471708,19.347097692011012,21.919428097555528,5.825456608187865,6.201164625270455,1.4312602581706537,5.903952672886613,21.446058452956688,10.968795944101565,17.748420030970216,0.9170168898665236,11.544776092898147,14.138657670988657,3.4901350134960722,14.906224447027205,15.461104111878525,Kalkaji,0.9170168898665236
28.62792175615682,77.0309229567647,jain road gali no 21 Dwarka more delhi,16.634034053149403,22.130294148099424,5.591668189286977,10.337432900852447,13.736238743901463,29.499636726785,10.444513874037034,19.70927805153692,25.827699697224045,26.00585016075607,18.01685339262439,4.246413612685847,20.65271395882841,18.68370376171007,23.221125631698968,18.741697052383927,12.488534080001143,18.136135342179735,9.044826725666615,23.91758158160359,25.836263370080825,15.838218953896808,21.770151218556286,25.692460138444208,19.69612748849745,Dwarka,4.246413612685847
28.7373390543108,77.19578962773085,Pepsi road Burari,24.015495677633528,21.422324930784235,16.60570689525505,10.199942506770075,13.64593019964626,22.457910355646757,22.205082837831586,9.629707971882503,17.171670034561476,24.17680858299501,3.6466731666562104,21.780768966526367,23.690129362394135,20.90210223994162,21.588555423589572,18.969347656057963,7.6795206296567935,11.944226671098093,12.762317850806884,21.82640732361727,14.40824066976863,9.512353068195937,19.419696970740375,11.520232419671679,7.330116016929183,Model Town,3.6466731666562104
28.50833645248458,77.33527824282646,"a,4 main road jaitpur Balaji Chowk Kalindi Kunj Road",17.802709455547507,10.433919753492258,27.268680994863704,27.15656655450114,38.19464328576806,7.004513100238947,23.592500309302128,19.375258996650572,11.937063967269708,6.559370574779829,25.837113711999113,29.750388629202043,12.700298357355466,13.973094592911119,9.389157088941488,13.878226814065762,28.831930448012493,17.934565917189314,25.610496693015172,8.733088929410906,15.315589181900469,21.29754900957952,11.164748818183003,18.93460644392978,21.586865579957657,Okhla,6.559370574779829
28.62808744044229,77.03130651265383,Jain road muskaan gardan gali 21 Dwarka,16.61974927466617,22.103333311044935,5.556749432124485,10.295709667724655,13.71136690842778,29.46702543066226,10.43447502127189,19.669376409550782,25.791819366894877,25.97943317051946,17.975157640315167,4.25091992390509,20.63188265419586,18.659223641299086,23.193356654509127,18.71341473562925,12.447653856617606,18.09829954329018,9.004698372810479,23.889507337545762,25.797802400484606,15.798212786459821,21.740191187380212,25.652107347773242,19.65506574769622,Dwarka,4.25091992390509
28.70349957807397,77.26085264235735,bhajanpura road Delhi,22.471200660918896,17.381293108367032,19.168098897569482,13.708674787189747,20.569597195836405,16.066994819728425,22.687732076210395,6.0452827818723955,10.951036973312585,19.24110148448767,6.56032018274762,24.351777855633713,20.59633031869128,18.13206295355315,17.16043862169388,15.9477148075478,12.571458112998593,9.091334830185529,15.140903306626708,17.18073738840137,7.6652752079155375,8.91573169957728,15.199293078180013,4.30327448479491,4.601848066686799,Shahdara,4.30327448479491
28.62216678711323,76.98819871991873,"RZ-9, Sultan Garden ,Near Reliance Smart Point, Nangloi Road, Najafgarh",19.49573029291603,25.79790274564662,9.721804832321945,14.415375864225899,15.638013985918347,33.47065158535947,13.151548471087498,23.928008328828287,29.950960534039947,29.626518439911386,22.0373783840086,6.558687526395644,23.93313972959274,22.21600048567749,26.933441980366347,22.500962769100845,16.307005906958526,22.326383537171004,13.262529492367934,27.645898293670665,30.039620578529263,20.05656546900443,25.612857588313357,29.90708029611995,23.88694574225449,Dwarka,6.558687526395644
28.6068088492264,76.98606066405773,rz-2 c block near sbi bank chawla stand,18.781681655413024,25.51034474793604,10.071946649765998,15.304305353620164,17.280453262282734,33.43150649808421,12.467790989092414,24.461754309127148,30.130847772337546,29.286971890014566,22.98550986070127,6.076011662878969,23.40163584153145,21.85354807879816,26.67505646570398,22.30444810342296,17.40800424047013,22.679373761586575,13.858442137682287,27.397144667865028,30.419052444984207,20.611445940674965,25.471056750793437,30.4850905461683,24.575195777104884,Dwarka,6.076011662878969
28.68162624764683,77.06253346055746,"h.no-106, ext-3 , scooter market",19.62120663691115,22.697267601475826,7.084130271090633,6.336831163123539,7.559031490580285,28.515427734741486,14.418270647151187,16.61021943731588,24.029866578859494,26.537006845645344,13.03703972371807,10.084784079118274,22.42912486647718,19.91212981893104,23.573150285991215,19.21094677751208,6.996578432580782,16.0421713009405,7.259890737510261,24.17684625693764,23.135592970298543,12.952947124024316,21.704528647647933,22.110516068022662,15.85905591153211,Punjabi Bagh,6.336831163123539
28.54898660505968,77.26740930229425,Okhla,11.4081828381522,2.804936101736626,19.320613477477227,19.2147989976152,30.334626292956433,6.21507514955845,16.37073746770202,12.459887704340927,7.247596387914201,2.0998789346225935,18.74314122186006,22.146724402684438,6.534502084471521,6.574557260732657,1.5741379635784223,5.961495414870434,21.061386226954077,10.425689713517638,17.589367931800385,0.8409114713384064,10.638821298870905,13.665424211828793,3.157000641743903,14.026742191252607,14.781507048234477,Kalkaji,0.8409114713384064
28.627159,77.374755,Delhi,24.392520683086115,15.911191441825489,28.014183822968132,24.727650035028255,33.88953760682123,7.869530515853815,27.96201322720478,14.462273312473151,8.054414257133807,14.599336286658241,19.660627052264612,32.32840267761854,19.998286356710928,19.119744898741377,14.83432467018955,17.412011982313917,24.893806034864873,15.433715826841325,24.716764162845337,14.272744107050855,7.926263755931414,18.152182511843776,14.454171577641743,9.838972687241263,15.612866584436828,Noida Sector 18,7.869530515853815
28.627159,77.374755,Noida electronic city Metro Station,24.392520683086115,15.911191441825489,28.014183822968132,24.727650035028255,33.88953760682123,7.869530515853815,27.96201322720478,14.462273312473151,8.054414257133807,14.599336286658241,19.660627052264612,32.32840267761854,19.998286356710928,19.119744898741377,14.83432467018955,17.412011982313917,24.893806034864873,15.433715826841325,24.716764162845337,14.272744107050855,7.926263755931414,18.152182511843776,14.454171577641743,9.838972687241263,15.612866584436828,Noida Sector 18,7.869530515853815
28.65286,77.307647,Delhi,20.706768801067007,13.42479986041156,21.729849001514733,17.824859721417283,26.744107978302093,9.298870686103768,22.94428470885763,7.556385576222849,4.973490693227649,13.982945463387226,12.525244196593338,26.416971378505714,17.35096313164487,15.575130415422578,12.751768751856094,13.475372908179159,17.793817429521166,9.187647062583892,18.142826314125553,12.49454331588688,1.7524018629764775,11.39250269311117,11.37411441082028,2.9461760782143815,8.484716126044932,Preet Vihar,1.7524018629764775
28.5011839392246,77.2907130047679,Prahlad Pur,13.607242110261778,7.306590431152808,23.93519907433059,24.649348035676454,35.837985138299814,8.47376117872295,19.610024518827277,18.218509695274488,12.061603451840277,3.711169207397232,24.525364936364472,25.952696434206082,8.617762427397851,10.349520369238745,6.60082403308863,10.772832635648507,26.676720698690044,16.193149183624307,22.760380212095274,6.163612522207222,15.608585594646385,19.387015992159434,8.737183073073655,19.183639860828297,20.53351974595287,Okhla,3.711169207397232
28.52347840447093,77.15759195387363,386/76 Masoodpur Market Ops B1 Vasant Kunj,0.3688537776443155,8.39380967942011,12.892631394142919,16.4853494823544,26.98920768602383,17.27058395657562,6.6998265523969724,16.37659901243043,16.461783671536768,11.323615739743957,20.444219876246326,13.304366203885154,4.789324691626285,5.054779075912812,9.597052029435304,7.05979145230576,19.409169317494545,13.326236299387404,13.680809588325836,10.285883658797063,18.782012315066737,14.64547842578781,9.692204536247656,21.06198508044947,18.253878404389322,Vasant Kunj,0.3688537776443155
28.5229994149741,77.15689726173878,Vasant Kunj,0.3285764651713285,8.47551363988176,12.902274271759802,16.525113400014874,27.014133816787698,17.351501971733,6.672279421379869,16.454049043671077,16.547974457307276,11.39526508962327,20.508429060146373,13.27960900920635,4.858724177857259,5.140908033310872,9.677845008505642,7.145685167318855,19.453475622410224,13.403683058537615,13.715380945882917,10.365879006498535,18.867778028623743,14.712573772033538,9.777723850474958,21.145565493015685,18.328066991398636,Vasant Kunj,0.3285764651713285
28.73380475280671,77.12195914238691,F7A/28 SECTOR-16 ROHINI,23.482781149290016,23.55449036357017,12.881733368846973,7.205099655709608,6.613367462243417,26.924618510950353,19.864667263248766,13.64312526346306,21.788875715415767,26.970766454232717,7.7040280344522225,17.41277309639591,24.696255321733414,21.87693613904513,24.078397552623375,20.42067745405483,4.2558172771262734,14.65683278294353,10.15263458809692,24.507311228761576,19.771664957167356,11.320961739208764,21.928870655839766,17.609191875465427,11.893417000832052,Pitampura,4.2558172771262734
28.52298056171446,77.15673599392176,Vasant Kunj,0.31622035001066867,8.491066834841345,12.895833700345955,16.524298622108635,27.010383697564286,17.36714061676352,6.660325804395064,16.462800016796898,16.56200503017665,11.411135074383953,20.513248902546565,13.267980957842257,4.87454310453627,5.155043237846859,9.693493538084153,7.1585679523122705,19.453611345104967,13.412437605276148,13.713520194405332,10.381593402711772,18.880515910990578,14.718176852761157,9.792357296165015,21.156833223490086,18.33573742336979,Vasant Kunj,0.31622035001066867
28.50079648284736,77.1834896877408,d1chattarpur enklave,3.905043167035134,7.557300450753224,16.391197574515665,19.54103203299269,30.295020106639875,15.949796443318409,10.221538721682291,17.874404376014915,16.25882859121012,9.378638064560944,22.683401164660225,16.83527235381053,3.470712822103593,5.642838876047335,8.549668591129427,7.824726756795073,22.34074531972941,14.8910518579892,16.858619238523136,9.102940945007154,19.07321624938306,16.81751919116856,9.447414296409754,21.81211765495213,19.96418859968243,Saket,3.470712822103593
28.49809308792491,77.30231456458569,C-150 main mathura road new jaitpur mod,14.786232557443826,8.361710689481852,25.06875169525568,25.65722916522733,36.83098517956894,8.409221079797375,20.794367814263165,18.934917015648733,12.421287581999229,4.617235272863282,25.29665422833747,27.13089344496842,9.802350305828943,11.50091997905634,7.57550452144401,11.848068683616107,27.623334242833636,17.028235453003727,23.82342574286994,7.079250211851659,15.961249601865394,20.26979418950404,9.662747222890832,19.56982668013103,21.236086343807287,Okhla,4.617235272863282
28.6820215680846,77.04116061329842,D17 swarn park,20.691669281114628,24.342828139637213,8.087266189790856,8.390849745206303,7.64001608027731,30.42777561448474,15.123674076669506,18.675040439840252,26.01909996556357,28.210961540521538,15.079469603281323,10.009970121423896,23.82534706154533,21.404877436736037,25.263054612033574,20.846666352522316,9.027103612340499,18.025895627959912,9.037605299627085,25.886429073224647,25.192782617002944,14.988343684736833,23.45384734204002,24.195624647788705,17.944299391438005,Rohini,7.64001608027731
28.49697370009644,77.18494713306427,"619/10, main road chhattarpur",4.302563169678931,7.763939723215527,16.822132942023565,19.98911175019844,30.74121402945538,16.039244653863456,10.594498268007458,18.25063278821022,16.48477400510653,9.407575793607059,23.10244060664003,17.207230495514825,3.7208336296030606,6.014577421845158,8.718217741600473,8.183358539672948,22.786958815471397,15.276686865158533,17.306569341478017,9.248129665429358,19.343952346962155,17.236823414755992,9.701656126802243,22.12207275036224,20.352786452296442,Saket,3.7208336296030606
28.63394919980264,77.04191531985998,Vikrant Chok Mohan Garden Dwaraka,16.36764031999846,21.43911377578243,4.674526278517249,9.079531303274784,12.916127843586327,28.608892273495385,10.33928181669531,18.549330161456854,24.821660753756245,25.32915614847518,16.75472716923199,4.67046984337132,20.167015338333048,18.080797040887834,22.50142579913624,18.010054474995062,11.230572451122784,17.060603927152805,7.882911974157224,23.186850106612912,24.732856024765162,14.67539553310248,20.976970859623243,24.51164940046254,18.483431456320584,Dwarka,4.67046984337132
28.71416312470794,77.21305936574936,Shakti kunj girls PG,21.863267541986463,18.601120917299124,15.95615702231598,9.86848013782471,15.760073161486805,19.380391522147665,20.742881488176586,6.661012561743847,14.093833256099291,21.217244005392846,2.175394269774746,21.212092175985276,21.098999744874718,18.364430411237237,18.697108409067635,16.34428101723598,8.12436260191996,9.19857977657731,11.926312245078039,18.90008636020945,11.379557856496385,7.252958069710757,16.547715529164766,8.666650295205153,4.336168766092305,Model Town,2.175394269774746
28.59198533875306,77.16230995953083,Dhaula Kuan Metro Station Parking Area,7.547789153398435,8.895944171815506,7.998230378526519,9.281937009974193,20.321015756845583,16.156100007605332,7.270252587067924,9.747979786655014,13.072346022965892,12.78958730199586,12.889062910011598,11.355888204605893,8.661496007695982,6.003467158796725,9.896650161325848,5.411182023299654,11.997979652812477,6.891662170789131,6.852414002490474,10.565666706957069,14.091718996033183,7.223043112846135,8.338207537813341,15.344108289938028,11.223061107966872,AIIMS,5.411182023299654
28.53655727586221,77.2758250683546,Okhla Phase 2 X 64,11.976578705878039,3.858092319775879,20.667445976704016,20.77099720418223,31.909719973234317,6.2059496159586045,17.312400421714354,14.026485282667098,8.328497759450894,0.6896315115846585,20.336218627066287,23.27901906117673,6.894332729100242,7.533427271643141,2.788956153307091,7.276344754034811,22.654840270057022,12.032539684273393,19.080167302936207,2.163302621086199,11.821440612979663,15.272272687137805,4.712555647534075,15.303717620677974,16.34337497565023,Okhla,0.6896315115846585
28.50120544816811,77.18365263193846,D 1 Chatr Pur 60 Futa Road,3.886345704974192,7.5141097269365495,16.362947109887873,19.502076310695422,30.260040483860305,15.913718448884394,10.206923601007063,17.826370860064163,16.214354897780144,9.34763895861887,22.637281388799707,16.82058667738799,3.4258620533191313,5.594706522644893,8.508614867789786,7.776544836259545,22.300005542106216,14.843202557008398,16.821799485935372,9.063327415787493,19.02680511870674,16.771407550374423,9.401799666630147,21.764512089492708,19.916430292371412,Saket,3.4258620533191313
28.53946880567729,77.27884959429502,Okhla Phase 2,12.309651675674495,4.0455708333938585,20.78523248281362,20.753809965584285,31.870353389786757,5.77447447705501,17.568038492478543,13.818267026857635,7.950354841642545,1.1107399182100517,20.15916210040222,23.480861011726297,7.251692123858611,7.771030920842304,2.908783402288981,7.397861604747643,22.587236364689424,11.89735905038351,19.117407473116327,2.2268017871862633,11.45711359533464,15.166562801293374,4.6953332918931014,14.958683298172659,16.128986807136812,Okhla,1.1107399182100517
28.59953497250146,77.05194443464279,"plot no ,2, sector -4 Dwarka new delhi",12.998278884330837,19.102778964894835,4.2936491124759915,10.579697056404042,16.6701561342549,26.9491472862131,6.725989376790519,18.512977628840513,23.724936949731013,22.919617103273605,18.098320113399872,1.0101012168820374,17.25533011527405,15.504430492915484,20.249742702464754,15.84626439236259,13.33509988685553,16.470347568628227,8.34959698942074,20.966707817447016,24.19791347113536,14.759616326149922,18.997611638585735,24.56090150389935,18.938422196681266,Dwarka,1.0101012168820374
28.61396802332211,77.10668865591288,shop no 18 dda lajwanti garden,10.96890918555773,14.809244798308885,2.0438362856248276,6.410668025539457,15.835228303095779,21.943739671275075,6.456625946352356,12.945563035252682,18.359396251961307,18.706166686777955,13.170985380308709,6.404276714326507,13.934417759682301,11.607811833358618,15.84091974924542,11.348545151106174,9.519486690755743,10.913310756975697,3.5111203956610626,16.516484726106096,18.65193961368504,9.237854333450825,14.277759551282898,18.990492357615274,13.483293922090894,Janakpuri,2.0438362856248276
28.70323343865351,77.18248654156923,GT Karnal road azadpur Delhi 110009,20.067838287381587,18.069793598320462,12.928300244586339,6.698830257946893,13.314337009835507,20.32283391221071,18.22402186659437,7.0076965662167705,15.109125831629695,21.119582447292448,1.094501355784205,18.168553966411064,20.013154091453963,17.191667719749333,18.376829023217564,15.362710464803477,4.959815162976433,8.646690653284887,8.961783158926098,18.697609005002573,12.9630091124433,5.7667271222813925,16.19003834042275,10.896486613091044,5.09582289875055,Model Town,1.094501355784205
28.54013092080334,77.25761689245701,H 32 Kalkaji Behind Mc Donald,10.2704768732934,2.0639147823177284,18.91095888780912,19.2613385859469,30.44110290218187,7.499149331629166,15.498629140823022,13.178954761159485,8.531270842134177,1.8422312255869304,19.326117850363406,21.458946793611698,5.2782207282711715,5.711923212407888,1.2012533379598949,5.539790723402958,21.27382680779628,10.917062337402657,17.453836082586154,0.9929445546307996,11.853975648189161,14.031622333069848,3.377556558088024,15.164889537380082,15.50511897496253,Kalkaji,0.9929445546307996
28.70070199251516,77.26410616189241,"C- 196 , gali no -7 bhajanpur delhi",22.347201914080685,17.115796022152665,19.305338945123616,13.932200769316823,20.95555621701738,15.65660082603015,22.687389499043285,5.946679759597498,10.560779505994496,18.913082237949208,6.890234531621782,24.470899108423097,20.38106535405439,17.946464936460995,16.870381578327468,15.755963592301914,12.873610459971733,8.977989425822868,15.2912710179791,16.876440491734453,7.248296430416557,8.969472780928891,14.930565778380302,3.861546633198013,4.661940635797409,Shahdara,3.861546633198013
28.7007040511045,77.2641135379672,"C- 196, gali no 7 bhajanpura delhi",22.347748858974366,17.1161268268201,19.306083974269413,13.932954636409358,20.956191698352168,15.656534274718826,22.688059751441315,5.947269299166124,10.56079564809687,18.913277111465657,6.890938046521954,24.47163792634309,20.381483712216095,17.946930125412393,16.87066320764236,15.7564205142641,12.87433742240122,8.978556352845851,15.292019760732853,16.87669139682659,7.248203175947357,8.970184165626092,14.930891372712157,3.861272207898816,4.662660925576348,Shahdara,3.861272207898816
28.70747159172011,77.0748857036233,sultan puri,21.76183252058114,23.843134479863732,9.598190709832569,6.554957971096784,4.995027245241892,28.836097036867915,16.9982817008508,16.1973457216952,24.050945684785674,27.579555892231195,11.582438162281155,13.134743790653467,24.067420401838387,21.407838686952847,24.605035907489224,20.424397110042253,5.7192137066879,16.210844866039718,8.567951941779118,25.153885879497018,22.71077479493042,12.894594707688857,22.60639360734272,21.220256156538117,15.039397854321786,Rohini,4.995027245241892
28.52598525741841,77.28234048932791,okhla phase 1,12.53951897818852,4.938181532503561,21.786212878401745,22.057073147166726,33.210336068082974,6.558775131169007,18.125468096021027,15.344846722710741,9.375553097171231,1.0411621290016555,21.667845511129922,24.224714445109292,7.401432454554507,8.44503192001523,3.996614558978907,8.42204846383659,23.973365829692586,13.369339868944628,20.31395768147992,3.440505720874641,12.905879744917423,16.60541433202111,6.017169631687541,16.43799227047425,17.65838845264962,Okhla,1.0411621290016555
28.6471161441078,77.27889686822891,16/124 Geeta colony,18.2923884081102,11.657167551586163,18.859725816138326,15.127212211895257,24.492511403626782,9.651668142465168,20.17979183053289,4.848427125593031,4.447615586630555,12.945720118022198,10.492866573108248,23.541573221698822,15.35333093968581,13.31314570815754,11.194593946949,11.144574417597545,15.333091462692261,6.313329220203557,15.309721724652823,11.085038255700352,1.7091320408845148,8.6033024435703,9.496963965585019,3.1160272170820362,6.196952665710605,Preet Vihar,1.7091320408845148
28.63096112360898,77.03526813536882,P- 72 EXCITEON MOHAN GARDEN,16.56972159954626,21.88140301904726,5.225309871544455,9.80814913972732,13.331648072049783,29.160788828728943,10.442655999707505,19.23831941081874,25.43387956721012,25.764455737795956,17.483525481615203,4.446335937626922,20.494785326287197,18.4730466727661,22.959665439088404,18.47342451057167,11.946311561251683,17.707527571104666,8.570774502382347,23.651300325148796,25.394727826301903,15.36534277066181,21.47493778356887,25.210764554903275,19.196452029144147,Dwarka,4.446335937626922
28.79711741548626,77.0467533543706,F 87 sector 2 Bawana industrial area Delhi,32.06893261387584,33.39957204718026,19.890278740059486,16.192127747667147,5.3903037606341595,37.08537521137689,27.287772674898726,23.787552192284117,31.93048395203285,36.94694536911434,17.628624578849564,22.79701490252169,34.09052699277498,31.345404434896103,34.013804756906474,30.11980205619483,13.939825039332673,24.775342770889345,18.696882839872817,34.48377199560182,29.772440805293204,21.40814988326018,31.900269856631816,27.316731590925386,21.94572377357843,Rohini,5.3903037606341595
28.6612902347422,77.00941700488329,Pocket B1 DDA FLATS LOKNAYAK PURAM,20.751443693253098,25.662855492341524,8.8145285099805,11.397981829541429,10.82009250020925,32.499274252348094,14.654113551893435,21.559561997600195,28.429073459522,29.55962592549627,18.601280523071686,8.48178258332844,24.535373710823464,22.38992318667334,26.690361372461265,22.199679363824618,12.605032282188123,20.49696557745402,11.192246629214834,27.36055515154491,27.973236128386972,17.738890885032784,25.07244372148493,27.31224447170531,21.101729937204777,Dwarka,8.48178258332844
28.66122551184861,77.01076984405518,"RWA, GLORIOUS APARTMENT, POCKET B2, LOKNAYAK PURAM",20.656526525123276,25.5442178040915,8.696587974002282,11.26693851014395,10.771311633381202,32.37150788102304,14.56903627564037,21.427425473547906,28.298330842952247,29.44108674514162,18.47572483113541,8.420478966501381,24.427396690621634,22.276230566819684,26.57022952924102,22.079892681987623,12.481960498197676,20.36553340929248,11.06123231903013,27.23981740215564,27.841078572125586,17.606698824832844,24.94936658717434,27.180799585919182,20.97076758243355,Dwarka,8.420478966501381
28.72380181421738,77.28917475789785,Pilot no 802 west jawharnagar main loni road GZB,25.791451958517612,20.116250037278334,22.679430444880392,17.047472110563884,22.863672647487476,17.388400277683676,26.232563297296036,9.459667092809823,12.710099270210966,21.51738601724301,9.561974195999333,27.882815760964057,23.5814331897277,21.25188401036298,19.741721738745696,19.050434697064436,15.604860770584041,12.463069045710549,18.637508069698455,19.661825842105213,9.17039956810118,12.482720070650645,17.93060245069187,5.571093631904541,8.168578764878829,Shahdara,5.571093631904541
28.68345547456071,77.17126853764057,ashok vihar residents suvidha samiti,17.7552553868963,16.396630070147992,10.638876948087956,4.705039004629019,13.380265815866862,19.621215294748264,15.767660340891686,6.507985411215379,14.578174614094646,19.67609537953585,3.2050821821804867,15.894854030714221,18.008441646416852,15.169630799037842,16.82929589863858,13.468434922246677,4.081556957473369,7.281940115345761,6.614640358620757,17.219977361564318,12.960638469855624,3.997527683954449,14.656997991810375,11.536306817899133,5.296795335239711,Model Town,3.2050821821804867
28.6834501801729,77.17130240052938,ASHOK VIHAR RESIDENTS SUVIDHA SAMITI,17.75498353528828,16.394764270850626,10.641028295136586,4.707947287162642,13.383350971330058,19.61829594480614,15.768590682471826,6.5047878185534405,14.575113033220832,19.673916026508632,3.203270588174684,15.897020021501817,18.00723095850411,15.168439420311515,16.82724040855545,13.466942550484836,4.084851966766785,7.279462070762672,6.616631900193566,17.21782645826528,12.957344354907226,3.995428878712575,14.65490034937364,11.532962924921822,5.293441711687587,Model Town,3.203270588174684
28.73800433160134,77.11041525006294,psp market rohini sector 17,24.118680200768036,24.519747601314826,13.0973596464469,7.809237698739032,5.406959576488731,28.074667672057565,20.24125207716385,14.814584495477574,22.95837881984185,27.986456885631668,8.921686045440794,17.398588686471246,25.52920295353781,22.724792736501072,25.076648104063104,21.334103724682052,5.070451118746043,15.739885056159507,10.680585946474155,25.52189767683601,20.97703072265379,12.381321924927656,22.939855625237925,18.827743104001105,13.095935882406549,Pitampura,5.070451118746043
28.70608036015102,77.0277613028884,Rani Khera Near Bus Stand Kanjhawala,23.654044647580527,27.04221196299128,11.042278323386908,10.418798990174393,5.572740214595502,32.76292687876988,18.09588734639742,20.521740303996747,28.16901214175838,30.884016002959555,16.17495607457252,12.798389846492242,26.69110249881208,24.216882466762065,27.920239759966957,23.55408246308228,10.240616793760493,20.213018175853218,11.605465228300952,28.52316394353187,27.06111870528314,17.01693978676958,26.046461957560496,25.735277065939297,19.51637788805292,Rohini,5.572740214595502
28.60826321093164,76.99657056480646,Roshan gardan old kakrola najafgarh new delhi,17.975565036868126,24.56245774416343,9.033376191252367,14.319990053116223,16.747293923905463,32.43311825845508,11.640834476058737,23.425847508873726,29.103455644547957,28.35436163404255,22.008061823791593,5.149473928007626,22.526840777816822,20.92408579004799,25.720295724144666,21.333323905859586,16.48137996422398,21.641358938996273,12.829951584188114,26.44029119399072,29.380825853317837,19.577245683258262,24.489678588369,29.450928516763035,23.551434706509482,Dwarka,5.149473928007626
28.60705227445652,77.03438367694616,shop no 1 mohit nagar kakrola,14.856692960926216,20.98998027835883,5.46930939467216,11.285778054423607,15.974714552113392,28.75662892936742,8.545406028310866,19.88665393981125,25.413527617796365,24.815329108912763,18.947497570695642,2.0125655137877816,19.1604375925019,17.405350898731022,22.13018065688147,17.71039015301294,13.793133617241669,18.00221122833768,9.425246176782743,22.844689494824653,25.743452599369537,16.069343203062655,20.843337528449332,25.92953528116718,20.145387694919688,Dwarka,2.0125655137877816
28.60707287874276,77.03464854508638,shop no 1mohitnagar kakrola,14.837779627876612,20.966109115195298,5.443971532023287,11.263929278808746,15.968974629938119,28.731342228829217,8.527551258955643,19.861167840442917,25.38764498984104,24.791802937916312,18.924998456899857,2.00001530503288,19.13883410177357,17.382151664573684,22.10608971517388,17.68592504978446,13.773604521336162,17.976306484213328,9.40080828668221,22.820527058220616,25.717544702564005,16.044057077342796,20.818532850986404,25.90410848575701,20.12064035866638,Dwarka,2.00001530503288
28.61687446811717,77.03236296772957,plot no 83 A patel garden extn sewak park ,15.703551020984518,21.53816482723978,5.439944268143033,10.81871389361328,14.923089008612504,29.122827790389938,9.440948637594596,19.8060685212272,25.62078375710357,25.391060478730893,18.510787838387973,3.0596122505971493,19.875012253344185,18.015048219697793,22.65603605315487,18.20185456855544,13.171456746373941,18.065521650834057,9.210164290954793,23.362665443835944,25.798649452658392,15.955111679861291,21.289355661708644,25.828779783056063,19.936886153015575,Dwarka,3.0596122505971493
28.61685710326815,77.03244846314192,dwarika more delhi,15.695973984974499,21.52967480177206,5.431842776258585,10.812713279669122,14.923682284816472,29.11427345830213,9.43373094257501,19.798358851478568,25.612383500679492,25.382601564465148,18.504717844008148,3.054249446720545,19.86686814472532,18.00665578996599,22.64752133266696,18.193316314011195,13.166588981253643,18.057386274181425,9.20282847273021,23.354142989056466,25.790559432131374,15.947493189011908,21.280794105666164,25.821164888176398,19.929664865614527,Dwarka,3.054249446720545
28.62189161193574,77.03249473124743,"C-119, Bhagawati Garden Extn. Uttam Nagar New Delhi",16.064281319695507,21.729279427573935,5.398176095343664,10.518449614182627,14.370356208325532,29.212839500984497,9.838628418057896,19.677350409747906,25.631005370579302,25.594233173749863,18.211548187005274,3.565387349560046,20.15778919410694,18.24254617917031,22.83433495128668,18.366308584169328,12.7926674933484,18.01059937371666,9.040482194604921,23.536233364731434,25.73198932566407,15.815249317417694,21.42660536038965,25.68488062585056,19.745393600817284,Dwarka,3.565387349560046
28.71254997393981,77.12928090244532,Rohini,21.048951053833115,21.147195888769474,10.86192936075911,4.842658722116406,8.194538835308556,24.839107745071026,17.618620919995568,11.677654305084353,19.787510538995324,24.612266145590876,6.334780349538758,15.665973997572035,22.230508625636617,19.413541321723883,21.700998286452542,17.979690934683596,1.796261473979752,12.408057297452478,7.820640066314127,22.147681676625613,18.01148832572805,9.033997887084483,19.565291757770215,16.166940209700275,10.156152609340454,Pitampura,1.796261473979752
28.53655315224243,77.27581802755594,okhla phase 2,11.975844109687353,3.857602500724197,20.667046094562885,20.77083842176853,31.909599484013327,6.206774048750241,17.31177638334653,14.026702410658249,8.329097104256329,0.6889502650440494,20.336368788290102,23.278478177244924,6.893569002175957,7.532839077991895,2.7886003254648055,7.2759519864047455,22.654775338099554,12.0326122241695,19.079909878636954,2.163067348657562,11.822003259015375,15.272284661841114,4.712426270948215,15.304232305899939,16.34360324666774,Okhla,0.6889502650440494
28.62156346091494,77.03970316797495,"A-1, d.k road Mohan Garden",15.526226342277525,21.064681348271005,4.694739319487688,9.934469951877627,14.308894899158691,28.515637977074395,9.35332088957233,18.995102926843494,24.926465604887692,24.934599322242192,17.627189147919058,3.333356085548631,19.547585976513,17.59724631617231,22.163997529740424,17.691290188060254,12.291052852377824,17.310645486650532,8.371921105724999,22.863860269051266,25.03430692791335,15.1364335476673,20.741642958436856,25.008350998636512,19.08912343780018,Dwarka,3.333356085548631
28.74213230748898,77.10401684045792,ROHINI SECTOR 26,24.68638379132427,25.234898465399024,13.462493651570709,8.396590904199941,4.702449213635366,28.84621411361657,20.67844460108763,15.588829203096838,23.732390946439097,28.71975449281331,9.681204601895548,17.61695194850273,26.188846080476523,23.392207631992854,25.80411402859391,22.029746790848687,5.760798958101541,16.497081364354973,11.218142556387846,26.255196169177523,21.747932675422653,13.133266961677203,23.672381518026835,19.57991029363573,13.867706062427434,Rohini,4.702449213635366
28.67305942845937,77.31215994805098,B-30/4A Jhilmil Industrial Area,22.611950165504815,15.606527683598907,22.620713298846997,18.17706443314474,26.338327721466925,11.450693422472373,24.44872671971152,8.203906012710604,7.259171361074368,16.26936553389927,12.084975767894196,27.492073438429877,19.470116028698616,17.570742573675805,14.978841517036873,15.426976423686863,17.74887349875865,10.398169460451951,18.853567189506087,14.745436735806955,3.8798648973709686,12.062908366235352,13.516289760486117,2.2605838604465496,8.512228803345504,Shahdara,2.2605838604465496
28.67361598118605,77.31072630733252,B-30/4A Jhilmil Industry Area,22.562019501765462,15.597929249919959,22.50101840680864,18.038806980107484,26.185970001402385,11.5294067660122,24.363361240672038,8.082378124491191,7.288042478271017,16.29750960393383,11.933175975334485,27.380266924761393,19.449114235302833,17.532653518609884,14.980920737147335,15.384428353168493,17.601427630981952,10.30100455621459,18.727276410249942,14.75468256261675,3.8791883409865564,11.938080154120504,13.500990753666207,2.119611823958324,8.369814444753317,Shahdara,2.119611823958324
28.67401633256122,77.31077190488577,B-30/4A Jhilmil Industry Area,22.59775049765401,15.639675710789152,22.51669617566318,18.044513154599418,26.17584579631749,11.572978694842666,24.390967590591117,8.097458981528414,7.33247851995703,16.341887391797982,11.924641583840451,27.399186869993486,19.489392684052646,17.57046911362092,15.023689818655765,15.421521228116507,17.599388417911275,10.32525899637118,18.739888247741167,14.798020148139802,3.921929126211332,11.951495931883708,13.542005983499095,2.124326846444802,8.37259764261981,Shahdara,2.124326846444802
28.71412284034892,77.13094789534807,Sector 14 Rohini Delhi,21.204817641660433,21.217185104514915,11.085148925397585,5.030466584254124,8.251082005716585,24.82539331494845,17.81807399823704,11.636583699792359,19.757345044532876,24.6640547944918,6.201250364940663,15.899917373959422,22.340767026712456,19.520209988469134,21.75911203410298,18.06698060619109,1.9522739560885083,12.425547721377885,8.010734207517977,22.199606461769086,17.943404831268197,9.059450032847911,19.618251874664868,16.058274110747718,10.07796254097985,Pitampura,1.9522739560885083
28.60663312352834,77.03479539602995,Shop no 1 Mohit Nagar kakrola,14.796303871382646,20.937347105734226,5.44536749608031,11.282654488026916,16.015537158589364,28.710377996007573,8.484437256278209,19.86094126502555,25.373952108556082,24.76167914131744,18.941363546883068,1.95142597010144,19.10285702776119,17.350861011313416,22.07826488820893,17.65987503037146,13.799127401437827,17.969633173823933,9.408435773996992,22.79302106776711,25.710751902302466,16.045736569896654,20.794321783199713,25.90446087604341,20.126297681629627,Dwarka,1.95142597010144
28.60663842179488,77.03461837023497,shop no 1 Mohit Nagar kakrola Delhi,14.810272791987218,20.95396815436711,5.461605959744557,11.295911339544288,16.017245606858122,28.72757622891778,8.49780504908104,19.877376797951342,25.391223557774595,24.77813419785031,18.955158171528627,1.9616515314218324,19.118324342246957,17.36715909217076,22.094987085110102,17.676764713921532,13.810604326974248,17.986615978179028,9.423838429527015,22.809775451599307,25.727743622545745,16.061958123341796,20.811350065302463,25.920835809104894,20.142003576461473,Dwarka,1.9616515314218324
28.73084451427383,77.1352270245552,flat no 13 sec 15 rohinj,23.017506361038755,22.661141642735387,12.967580477613534,6.925682531262991,7.94810852770737,25.753516153100907,19.72150988054536,12.445408490948765,20.58700459512519,26.00239648823417,6.396843575177326,17.714568063293797,23.97863636256338,21.145688091127003,23.13811948644535,19.604817159862154,3.819241741049789,13.608654881498609,9.90656717121671,23.543308473623792,18.498921886307162,10.322173903823417,20.973676783060657,16.288324426345127,10.632145775274763,Pitampura,3.819241741049789
28.6532695871037,77.1335281804204,wz t3 basai darapur main najafgarh road p,14.457365799190779,15.537076186802295,5.664183334486665,1.9111462484874,13.06526817985782,20.9067976748103,11.279010301596509,9.448262054020953,16.462492245120288,19.272058824766575,8.180463872574116,10.920236664972053,15.997562027594116,13.252774329257448,16.296986884014903,12.137577870894042,4.8198640893647156,8.469838174529057,1.6363734319018866,16.85214554618847,15.83064058396179,5.600319035014368,14.315743382889284,15.338275100918652,9.294020034883605,Rajouri Garden,1.6363734319018866
28.68204627556244,77.07930900156498,A 5 dsidc Udyog Nagar nr metro pillar 334 delhi 41,18.975261743742255,21.515445087935404,6.739087543829865,4.7677949200034915,7.812721233914172,27.069407436553973,14.138460395389178,15.008859857817438,22.509679820816913,25.320021842277953,11.426595597671717,10.516584941681907,21.478238449815144,18.883104591666353,22.347344205247573,18.049844501611958,5.407061893262881,14.5363938982696,6.063663622313096,22.931124629964437,21.54153082773269,11.391730288026201,20.426403300567067,20.477405836817685,14.22555751789604,Punjabi Bagh,4.7677949200034915
28.6393936713847,77.28388980031013,laxmi nagar,18.002033137587606,11.038137004384968,19.236722439099292,15.766053719185933,25.32891344123625,8.664568440042016,20.196210353459712,5.553324431677896,3.476870259441215,12.120092607977776,11.408967882227941,23.809072260756164,14.838168594013998,12.925134252872978,10.50051568462415,10.79237993911923,16.108604144566318,6.615825772106671,15.792711715821715,10.34550355145365,1.128334390298573,9.180330867959702,8.911181601818765,3.84713989813181,7.080494991137159,Preet Vihar,1.128334390298573
28.63938984605256,77.28389114141464,laxmi nagar,18.001823697598404,11.037799475073507,19.236809998357995,15.766271073125239,25.329233761615626,8.664131925289059,20.196132205841632,5.553590908438406,3.476425243628319,12.119680110424051,11.40933935013483,23.809106402444847,14.837869039989489,12.924887905921938,10.500150021133601,10.79215115234767,16.10889257356074,6.615899199161814,15.79285215835993,10.34512130511645,1.1282947629679814,9.180524834781114,8.910859618096744,3.847544713010915,7.080849813296858,Preet Vihar,1.1282947629679814
28.67790445612063,77.20842014998198,251/252 malika ganj near nigam pratibha balika vidyalay,17.86601706774921,14.700456769339063,13.316104528819507,8.109883020487086,16.813680769309606,16.539097489769002,17.179656298872022,3.2220472609548576,11.339221362855021,17.537200527900314,3.3016949219866096,18.5012483585898,17.058722755745123,14.312106143680014,14.889486885529793,12.310739683785147,7.720135715873219,5.222807003196408,9.297021857646726,15.153703845600939,9.385133144104676,3.3590389377875405,12.71309605084184,7.874997525928403,1.6239446077370134,Civil Lines,1.6239446077370134
28.67037752062218,77.25981999188662,B 70/4 gali no 7 Shastri park Gas Godam,19.23144688872388,13.719082266087074,17.63071669478352,13.066326341798478,21.68847311322496,12.81906286943014,20.113990459006967,3.2834295843794727,7.566996882824345,15.57518433484011,7.4970506715165985,22.61089727767504,17.032688208004146,14.660988802014932,13.477772996963589,12.460878604136106,12.786180829691567,6.032615531595282,13.790893266923213,13.496931780820546,4.714712098706795,7.031428973961606,11.533274566497976,2.8706809252499204,3.4667487184872083,Shahdara,2.8706809252499204
28.67038840488838,77.25992828607558,B 70\4   Shastri Shastri Shastri Shastri park Gas Godam,19.238148866338225,13.721871309384213,17.641147787855985,13.076903680483989,21.697638293683777,12.814785215990527,20.12295374380929,3.2932815380338725,7.563330187692855,15.575507296010862,7.505540479025992,22.621117181319583,17.0370686970199,14.666305660949247,13.479637392571057,12.46612146919272,12.796190405497383,6.0408569424955605,13.801461061153812,13.498224143612303,4.7078059263345935,7.041887703585544,11.535973041316474,2.860047677023836,3.476861054291871,Shahdara,2.860047677023836
28.68438228243384,77.16415397822857,j24 prerna chok kanhaiya nagar,17.805712385079172,16.780328049376482,10.187247031393271,4.100578138588085,12.746800346472137,20.224694190844197,15.568123312399369,7.1739606095271675,15.212883860284771,20.123650689844894,3.6473561809081114,15.435514730004511,18.25461945016232,15.414010921262753,17.252252378514715,13.777009390845285,3.4000955574177083,7.8015585455362135,6.206791176393025,17.662631571141855,13.64617859603524,4.45586974009833,15.090056319978874,12.236980218794239,5.998421343455469,Pitampura,3.4000955574177083
28.68355459721622,77.16392196714878,j24 prerna chowk kanhaiya nagar,17.71256863451186,16.707339108445595,10.108076959629363,4.042537085755358,12.780706833826589,20.185139962940358,15.47477177058089,7.154743282109826,15.181842348412088,20.057665634954134,3.722372463635497,15.357544848020899,18.170183417917638,15.329611445616402,17.183489400669433,13.697421681236461,3.41741089680484,7.747468899637392,6.12293885073249,17.59618499238036,13.635602253594508,4.395124031829396,15.022650688677174,12.250980407496348,6.008304649901668,Pitampura,3.41741089680484
28.65067808832505,77.16448422521353,"C-39 Main Market , West Patel Nagar New Delhi",14.067657476822264,13.484736833659484,8.139309759605478,4.285927798281199,15.21278844597581,18.096415467634003,12.247239227802568,6.451428260174068,13.504862307373893,17.039755132087095,6.634602489312262,13.273073354950682,14.620558036990534,11.786172120410708,14.094655358419715,10.290960662689214,5.999513982873202,5.523913390938634,4.234807828144246,14.581194239882153,12.796581111021194,2.5812182825086007,12.00119673161429,12.415704666407951,6.57040096909658,Karol Bagh,2.5812182825086007
28.5905704948387,77.04371742904186,dwarka,13.037906384000433,19.610020029039163,5.536725856994143,11.856869696993256,17.705010821606184,27.65105762758631,6.6942884711337864,19.619228957300855,24.59390973954154,23.37680361185639,19.356892403086498,0.280341320715693,17.522692950946386,15.942963843762406,20.78199376075276,16.44361044990759,14.61373293207226,17.48860349111928,9.585477793987447,21.50657588125245,25.19256188978057,15.90256220681643,19.634422288173962,25.661568065109574,20.11298539299251,Dwarka,0.280341320715693
28.59056401818941,77.04369965940714,dwarka,13.038934684653535,19.611533385349933,5.538527402463137,11.858573496397685,17.70585139894105,27.652730856061098,6.695302301537199,19.621107320596906,24.595700825058223,23.37826338655807,19.358674705610717,0.28215784354239554,17.523967101524267,15.944419761669854,20.78352842436031,16.445210504094234,14.615338739656698,17.490466261159057,9.587296314137038,21.508116496090658,25.194414660172434,15.904438313665564,19.636050155992923,25.66344601574585,20.11485393247684,Dwarka,0.28215784354239554
28.54366438921439,77.03290678560734,Dwarka,12.019813151721847,20.10822837910993,10.218056751524108,16.6419178843918,22.9923169485897,28.78410057312106,6.699847595680013,22.977268424539474,26.59441827596819,23.51670570204881,23.79580044810872,5.535495635841117,17.101106293789538,16.343359208142676,21.34149697322523,17.493314662048682,19.57357313629758,20.4310329889569,14.021921687302553,22.072558512516892,27.823685992455882,19.56452377959597,20.70247127137541,28.879944041530074,23.87734033899671,Dwarka,5.535495635841117
28.5436959033198,77.03286487609148,dwarka,12.024462195616001,20.11222613628215,10.217220899569645,16.641212847409037,22.98924026081593,28.787799864558373,6.70312284201577,22.978789733836248,26.597382743200114,23.521001942004148,23.795860425615615,5.533033612226261,17.105602857952174,16.3473109024539,21.34548113135131,17.496835519051004,19.57255417229913,20.432950242309552,14.021716585459336,22.076553435247675,27.826078830734343,19.56559286495007,20.70607520785014,28.88172827032089,23.878382258423116,Dwarka,5.533033612226261
28.50967108676516,77.23237831145525,Devli road,7.833398035637602,4.350516970825256,18.843811071519443,20.55121458502713,31.70546296731767,11.394618071467512,13.928524447160298,16.294535472479446,12.66942960787643,4.628886530934333,22.003197255026897,20.3813323592014,3.0103923866813904,5.427642271000541,4.788804775632992,6.760123810217405,22.971375425166116,13.633002830991924,18.278758242550857,5.078120378172313,15.890567528805178,16.325507017169567,6.536967422830114,19.05857767633775,18.57562166795475,Saket,3.0103923866813904
28.52027832448791,77.20288071781397,Near saket metro station,4.798626411931065,4.692749438210309,15.93677247867671,18.17499802333698,29.209168728285636,13.273443792526352,10.814534117076166,15.349078104654547,13.381141995584326,6.96884708059845,20.51564755037362,17.27858902994994,0.5936346269723066,3.249556237724562,5.7322278806338085,5.26359193025017,20.784742333046353,12.440690213388585,15.713595056818408,6.327729364793982,16.215771016534337,14.682337953419447,6.575626404799778,19.01907701935488,17.515804871896066,Saket,0.5936346269723066
28.6820398045569,77.0414774492383,Rajdhani park metro,20.676936301976905,24.319575014756506,8.071588442346105,8.360746428445976,7.632036414184874,30.40034654292628,15.113833987919502,18.644807928881086,25.990327868628654,28.18734062801477,15.04865807228668,10.010584702334295,23.80588150291578,21.383869289583274,25.239133335343027,20.823471175854248,8.996336312694202,17.99715444932606,9.011593716047111,25.86221220736865,25.162729147528907,14.958667847794775,23.42896397546255,24.16481406127885,17.913475229963574,Rohini,7.632036414184874
28.68241306326779,77.04122733324766,shop no.72/13 Main Rohtak road Swarn park ,20.7250608602947,24.36424179629185,8.119638006304141,8.391991339705903,7.596052195750212,30.439501467050615,15.161484815836639,18.675319211444673,26.026374349847504,28.231671825137692,15.065835469318065,10.05315030130387,23.852939409693782,21.430157786468822,25.283177079379097,20.868190915819966,9.012963861116464,18.0332982954434,9.053165705004634,25.90595581258853,25.194156468571553,14.99176435351589,23.47197256015214,24.190779792496198,17.93927660716309,Rohini,7.596052195750212
28.68244630058257,77.04117368906736,mundaka,20.730973247063194,24.370642576354488,8.125630376233415,8.397793716913142,7.593456049356327,30.445785177360253,15.166887151790771,18.68106289864416,26.032495500800497,28.23807649780592,15.070390447233727,10.05708597969492,23.859202881659904,21.43649603867189,25.28958334298568,20.874590848583438,9.017468646842493,18.039425728393706,9.059538372919357,25.912362221272048,25.19996810530363,14.997696704254912,23.478373645086737,24.196153266504382,17.944637039565478,Rohini,7.593456049356327
28.67997082710686,77.2982919216156,J-6 Pal Chowk M.S park Delhi 110032,22.299997536504303,15.744037767767693,21.53085129019404,16.861580479151993,24.81132166353754,12.436841540146554,23.74955358689619,7.140769370627123,7.832725890127352,16.766933487933983,10.572649033009132,26.489932055742567,19.4676182599837,17.397285798100555,15.226193402819796,15.2153192720694,16.306631620444396,9.614173082162319,17.688813510690004,15.064864250880417,4.288385357811697,10.932834015779973,13.596646980657695,1.143640003746634,7.159769548895949,Shahdara,1.143640003746634
28.68007524761912,77.29800626635551,J-6 pal Chowk M.S park Delhi 110032,22.29139731151842,15.74455273257827,21.50774138423477,16.83461376075,24.7812234054717,12.45426166709295,23.73356413328195,7.119205417266307,7.843129120509149,16.774371342265106,10.542725060932778,26.468299344796062,19.465127468206123,17.39163609305534,15.228893754622911,15.209122978963707,16.277624591903436,9.597630958913486,17.664461939737247,15.068982716551043,4.298102173810269,10.909450463160557,13.596293643328313,1.128934492327271,7.13255707151078,Shahdara,1.128934492327271
28.78354032174623,77.05907844007015,plot no NM64 pkt N sec 3 dsiidc Bawana delhi,30.256504284371285,31.4762993942945,18.190568122687765,14.296336192190141,3.804540893639811,35.18027274372846,25.592413556975476,21.892387416405324,30.037519944498346,35.01867483299014,15.781327392472837,21.325385927779365,32.20055562155533,29.44719590417824,32.08661308772803,28.204056580996756,12.011722167092008,22.8500911502029,16.844247749048844,32.555366767153664,27.92320851706669,19.481079683840033,29.971835660208768,25.530155986302397,20.078365823747397,Rohini,3.804540893639811
28.63810629211101,77.06556301563978,vikas puri,15.301915867268137,19.627594637714928,2.8209361439342584,6.822041483478776,12.406829199486431,26.50331038024807,9.708310755694788,16.20100741161811,22.588436830136747,23.524591860448485,14.515605682197384,5.4604621857799955,18.687770340965375,16.426419642109053,20.64307756912874,16.155239712349612,9.196358469339868,14.768478734982352,5.5390203848828525,21.30987684495264,22.41350458466223,12.326855403108407,19.018083235821134,22.158254406345257,16.13498819290307,Janakpuri,2.8209361439342584
28.73158333227877,77.12964668869972,"C-10/54,Shop No 1 Sector -15 ,Rohini",23.148968476075694,22.98176566180316,12.861334617701702,6.95743299289066,7.4016035813874135,26.20575776204964,19.71516774550031,12.90927891101726,21.054267127192414,26.358099457726787,6.920772679840433,17.52607371042605,24.220571010580326,21.3928390330266,23.48036391253421,19.88939113892914,3.8979303679073087,13.998793794290124,9.932931049197606,23.89658366760952,19.00348785060553,10.68663515773323,21.32233998170776,16.82201695013639,11.129532256697656,Pitampura,3.8979303679073087
28.50152601929982,77.28719729930162,A-2 Vishkarma Colony Pul Phelad Pur,13.262783785903114,7.043824694543205,23.630111357040658,24.39754168607976,35.59059424769688,8.585032829287329,19.271940023006955,18.074060335861528,12.039598903035728,3.530742385316459,24.359472987993108,25.621756480124354,8.278979677006502,10.037064165415078,6.3747391477730755,10.4975611792044,26.447866119637276,16.008484999919382,22.48670708183203,5.963494995806677,15.584003664955334,19.18354332497991,8.526440131241568,19.145682248954675,20.392545398465817,Okhla,3.530742385316459
28.50306404004436,77.2811334952712,Lal Kuan near bhart patrol pump,12.648480685119013,6.526782657127346,23.04590594299694,23.887103529349346,35.08535853559894,8.714272644569139,18.655739388796523,17.73665846072198,11.920129471260008,3.180015354889932,23.983761477052663,25.00987753165272,7.662614197079104,9.445600552749484,5.919574001896325,9.957214903876707,25.97172829475265,15.606207440928332,21.94477335847216,5.554343703929669,15.454543416641684,18.74918712153518,8.090723428632645,18.989392577806978,20.059556579272368,Okhla,3.180015354889932
28.6053235604512,77.05412473529577,vishwas park Rajapuri Sector 03 Dwarka,13.262949558328826,19.10266815193451,3.768701801155026,9.967817428873905,16.022244820521895,26.82158259578063,7.064170077166877,18.101205424164945,23.489843871859414,22.942984411119507,17.523629521638203,1.6706973819616469,17.392594023856585,15.55158515685704,20.23309973259782,15.799001563765993,12.690726171407976,16.133723988534182,7.817171528528997,20.94451872090361,23.871636122364198,14.318797840684846,18.919829943669072,24.14967457900426,18.46319341107194,Dwarka,1.6706973819616469
28.73692277613194,77.13978610932827,C195 Divya Jyoti apartment sector 19 Rohini Delhi,23.66103769418801,23.078426365138554,13.758709714013639,7.662190895127516,8.237568173161858,25.910841641373032,20.467071630168164,12.590080504138648,20.708680066425785,26.360084550148688,6.360473658282359,18.521751867213975,24.50393668982247,21.666373142863172,23.520483203489857,20.07749067826179,4.544308907273058,13.917954633486445,10.640123033143205,23.906814128977118,18.50407171123175,10.688143818252358,21.3471241523117,16.161782082945194,10.679886174520858,Pitampura,4.544308907273058
28.66822094276687,77.17990357428789,19/115 vasti sarai rohilla delhi 35,16.179906519017592,14.507206548309204,10.359182266470954,5.269678709962574,15.044062333853482,17.90823809933301,14.696724450138746,5.095589803519929,12.961423157165141,17.789192781845056,4.260092097124094,15.57046613125148,16.192185959058417,13.35857526203872,14.937888815121486,11.610811529737356,5.622546453063646,5.4373696962162095,6.323922600815299,15.331654421322819,11.635937086938455,2.1082490459470673,12.766627424095896,10.6610062499104,4.4971754798281305,Karol Bagh,2.1082490459470673
28.53388484187068,77.3091645911336,c 1 Madanpur khadar extn Sarita Vihar New Delhi,15.194364574312504,7.069815235088979,23.72810702636922,23.370045076943505,34.38396273500843,4.421883893106039,20.580959032370085,15.629066633665877,8.53681140184131,3.5300873884746085,22.08129960379859,26.50373111380234,10.074033160154633,10.792366570470046,5.90971903225239,10.369970744748823,25.015055408857712,14.118453610399277,21.896625878017588,5.198868864817481,12.043689532601615,17.479400059410576,7.468318252461256,15.670869929382702,17.87008284235855,Okhla,3.5300873884746085
28.51836966016651,77.19934891909361,Delhi,4.482727485549189,5.091959010548459,15.849017312370083,18.230097708201992,29.22856167723516,13.676005286400631,10.577378276832986,15.621140119365974,13.770335461461517,7.346246491384029,20.7154717797217,17.074455422461355,0.9831273893432574,3.451196390427729,6.1368794229176915,5.528465029718399,20.874257606686786,12.693112825343512,15.72928448352356,6.732744216231092,16.584806937634607,14.870796432726728,6.953566313103975,19.36311199893722,17.77174254040374,Saket,0.9831273893432574
28.60837947658215,77.09207933396101,Right Nager,11.115732191688174,15.79432831930636,1.5603659792598883,7.5153814057357335,16.060311125608983,23.218402925728142,5.853412367989818,14.500124029086248,19.7800697335564,19.678934883426805,14.58079032692793,4.849134434370092,14.562696363608303,12.420464857947962,16.873995662892938,12.390719131500608,10.562019175981424,12.432774639961087,4.793776265936819,17.567775987642463,20.164568376476076,10.790784259229603,15.423611433751862,20.544112548847234,15.026706752490153,Janakpuri,1.5603659792598883
28.500456462923,77.29036197066307,suraj kund road,13.589300914247248,7.341322135829696,23.952390640353975,24.68840680723911,35.8785633579843,8.561611877474535,19.602933397800758,18.284044842527628,12.143601148005692,3.7677471965997076,24.586813922185875,25.952851223864148,8.609859629482502,10.362481109801603,6.646952285099411,10.80318926832089,26.722865157985225,16.250381632162593,22.791617362760807,6.216449301348337,15.690440380315199,19.43985264134402,8.787708818733549,19.264261390494916,20.599739534562488,Okhla,3.7677471965997076
28.59243104302494,77.16260399669409,Palate Of Delhi Foodcourt ,7.600185074788372,8.899036138597266,8.003911919183677,9.247248640388033,20.2929494999288,16.134976351605573,7.321442954416369,9.692138290149913,13.036588133375657,12.791743442585052,12.834125012245224,11.384624633199804,8.690228631168003,6.025136678037595,9.895298997318092,5.412009828563535,11.957021151877555,6.837972304774242,6.82842137004513,10.562616179615395,14.04595213201277,7.166244552192911,8.327267721560524,15.291632067475366,11.16586236769506,AIIMS,5.412009828563535
28.5926644923947,77.1625691279769,Palate Of Delhi Foodcourt ,7.625610241456578,8.916176330772467,7.9902026800526444,9.221999875239966,20.268883893490614,16.142214786546468,7.332915892832668,9.675483304316293,13.036166253086359,12.80853150093274,12.809702374348664,11.381321186307863,8.714478870332922,6.04783242919539,9.910845604156677,5.428412195098212,11.93102988377335,6.824140688444508,6.805294559091999,10.57752554884887,14.039014193836762,7.143614058617282,8.33907842933439,15.27904320682257,11.145969386751249,AIIMS,5.428412195098212
28.53049272951133,77.26201135665178,E-471 Navjeevan camp Govindpuri,10.573137682828397,3.024930786524735,19.816727494072992,20.349914599657186,31.539497122428802,7.690909219004021,16.0813366778295,14.316792277641525,9.357648375969196,1.0935704690725576,20.479140129826515,22.18071887492985,5.454245113863665,6.402699705376453,2.3483684551686905,6.5167745921287334,22.39906113531428,12.071537262527924,18.486172120417205,2.081686169767671,12.761731277390611,15.18063252147564,4.530883806813281,16.140425020677657,16.64332488764712,Okhla,1.0935704690725576
28.55631139084724,77.2372290864587,"Shop No. 83, Ramesh Motor Works, DDA AUTO COMOLEX, Opposite DCWA HOSPITAL",8.866207510252332,0.8913605200262346,16.3111509688539,16.594905557715563,27.78454578102432,8.81788627366421,13.402876579438677,11.127684849411791,8.16094995588616,4.515821640119429,17.029886139677814,19.093071769773978,4.632912293671759,3.7069725256826342,1.5746004964065736,2.921924020826217,18.666173548155918,8.597486387747216,14.770952762221981,2.2582733873817507,11.034495709369162,11.55122166847479,1.3901106286810692,13.997121959412793,13.428643947982275,Greater Kailash,0.8913605200262346
28.52277347021863,77.23515909165144,104 indra market dakshin Puri new Delhi,7.931413340230791,2.8704574815244364,18.126388336119497,19.455700888654068,30.64374829179428,10.356138993337813,13.716012411587192,14.843936708806496,11.270456496959113,3.822081068369545,20.621165809135668,20.018343115857014,2.7967661749758506,4.5271649388495305,3.354413832574311,5.517512202750488,21.78559195370082,12.22346955020681,17.294662491125518,3.7199327802176416,14.444983505917639,14.994430390705084,5.055460240098318,17.58619927276288,17.133460195471827,Saket,2.7967661749758506
28.55440161220449,77.18232125043869,shop no.7 sector 3 R.K puram,4.325347223808183,5.546936335757283,11.895570474199872,13.892280421487879,24.917507371269657,14.14992798554956,8.042699763512214,12.250233316228096,12.573042819310096,9.256888584599643,16.737537064952754,13.956452080013538,4.084072525600056,1.8233718381800383,6.760201516606863,3.054928769417806,16.551219243330017,9.206613991838818,11.424966758968045,7.493947811727991,14.671171673631004,10.873626262491403,6.117272916231077,16.864405717035165,14.212139626206834,Hauz Khas,1.8233718381800383
28.50784501997942,77.2305641323328,A91 jhabar parak khanpur,7.7065291841876755,4.579018396051,18.847544741631772,20.638387455204654,31.781447152244457,11.658178476595628,13.841840451974846,16.496341281924572,12.932788709748577,4.885435519535645,22.173743221119476,20.31619434166538,2.9852881850380175,5.496212135854181,5.045254785405702,6.898910381472264,23.08105495491348,13.816303460176185,18.340398108884273,5.343310484182643,16.14651168204341,16.479763997519623,6.767287186776293,19.304607426403592,18.77255971730382,Saket,2.9852881850380175
28.60662488177984,77.30179253965616,shopno 112 Metro Pillar No 35 D.D.A Market,17.079556803690178,8.937169988389606,20.95760654173397,18.5181343009483,28.716901134114586,4.631960152432243,20.486172247191224,8.892335565956792,0.7673455250143923,8.8816745361934,15.170220918751127,25.02464302531869,13.031294247287,11.793850940691202,8.049774559866245,9.977261702158788,19.33792600597995,8.754296935191505,17.986721204373243,7.660388677193543,3.9309585724293585,11.936694584504178,7.181543115034565,7.562174397218067,10.802925294588237,Mayur Vihar,0.7673455250143923
28.59055400882152,77.03421771526337,plot no 05 sector 18 A Dwarka Delhi,13.813311226316769,20.511589366800276,6.2856890481236,12.504023627151875,17.796145324631407,28.575678436214826,7.473764304536472,20.48348021325503,25.518179264409824,24.267227970298737,20.067686425239394,1.163140598722144,18.36839992331625,16.833201855076155,21.68747842827912,17.35991640789363,15.181350810927414,18.386024749479102,10.341753726504045,22.413102564146914,26.09735055967103,16.745688639519766,20.554349301567495,26.52921893351559,20.934025908192673,Dwarka,1.163140598722144
28.59075478478338,77.03435584902763,plot no 05 sector 18a Dwarka Delhi,13.813771479438449,20.503555037083533,6.262093312773056,12.47877744096528,17.772343940375272,28.563928740096173,7.473621516771906,20.462916128855,25.502871914901984,24.26035711979381,20.043121888286887,1.1466772854261467,18.364964943922544,16.826293484755546,21.678997639181805,17.349919997107513,15.155514622249543,18.367424684335493,10.318099165710196,22.404498395640722,26.07932544666782,16.72427418157286,20.54371919837748,26.50878497433513,20.911819997396837,Dwarka,1.1466772854261467
28.48639005136729,77.31354765594006,gali no. 3 f block molband badarpur,16.155853451419535,10.050983505752065,26.705640796678026,27.358790136528054,38.533449687167575,9.46446577333214,22.260927831635097,20.557677695481033,13.823455164930348,6.318889103577801,26.94203361205573,28.656678666229933,11.276882894497184,13.112950197344569,9.277814989451326,13.530617167281042,29.323290091110586,18.703481788215573,25.512606798017018,8.779546452828676,17.34026732400034,21.958074669576472,11.362720185178274,20.965389691361302,22.849398907734027,Okhla,6.318889103577801
28.73120701496625,77.27324612438679,A -217 Thana road Kamal Vihar Karawal Nagar,25.76346394705872,20.60489398707951,21.79511994860515,15.944461225937491,21.228619365758515,18.564421466447836,25.778223758039157,9.333258401375492,13.68311750406576,22.284243782920754,8.311300364936065,27.034661949829776,23.88747442783125,21.439282279520263,20.32914947227891,19.252745694239,14.283132378478934,12.383364331578793,17.739012143794334,20.309485679936945,10.202258925884022,11.928244266227807,18.41759501362039,6.576498315169011,7.681856855556945,Shahdara,6.576498315169011
28.72817320114171,77.04705644398928,"Shop No 1 Kanjhawala Road Near Shamshan Ghat ,Sukhbir Nagar",24.937066802439535,27.374978028699477,12.467629296556204,10.113545051075441,2.5335379664407505,32.35934432086068,19.808234004640582,19.58374842380961,27.524271762748892,31.12587000047331,14.529173535272392,15.131000730230447,27.4843463310155,24.864362369339425,28.15067373775998,23.941896872971714,9.015123328395468,19.733988108641583,12.014163227632261,28.70446638330157,26.054044800939366,16.395108295712003,26.16056650206043,24.36254489010131,18.278100625832547,Rohini,2.5335379664407505
28.68853119865571,77.25433085113764,1107 main Service road BT 3rd pusta ,20.702839409874954,15.6563973933534,17.85880536208426,12.71387508238603,20.44461798589585,14.842695486818885,21.057842346074192,4.291961436791579,9.620254764294254,17.635367708474035,6.187143554987772,22.985280498220195,18.82520591111561,16.35122827394198,15.473511790088462,14.168239340446345,11.9465196874886,7.327822949019895,13.879529084349738,15.521292862058617,6.5763945648759625,7.408626110662397,13.48045581396066,3.7626969802933274,3.1538522231108783,Civil Lines,3.1538522231108783
28.7142592778233,77.25777950137852,"H.No.110,gali No.1, Main Service road opp.CRPF camp,vill Biharipur",23.405870987745725,18.53647918987807,19.50628269488333,13.809134976750695,20.010867382810865,17.2854430918558,23.366752291381346,6.990283205312272,12.182363962603747,20.45519169486511,6.3506179463315755,24.729581450185385,21.683570986872788,19.176401762595248,18.34241975941099,17.004039517138203,12.404071830320401,10.037230273927138,15.455214511470492,18.37626318602791,8.875927784461677,9.52074732003637,16.35949165863948,5.441825864386643,5.268568464305255,Civil Lines,5.268568464305255
28.53220794550825,77.26577885448933,1352/N govindpuri kalka ji 13 no main raod baba fateh singh marg,10.953676780344598,3.199756863444042,20.037699191366997,20.44954071725607,31.62858777022749,7.280928145619207,16.411404574676087,14.215760528123411,9.05720347766715,0.7416890577673474,20.422846615497413,22.473542236154827,5.844588773062281,6.694408232649446,2.3779819273896496,6.6948964439945815,22.45354232432123,12.035963399010432,18.63348612609474,1.9877457740552065,12.487627880561393,15.184886082938522,4.525697787736777,15.89567895222841,16.54183712212007,Okhla,0.7416890577673474
28.72808058890732,77.0470879599452,C1 main kanjhawal road Ram vihar,24.926428751512628,27.36536290646644,12.456888998668196,10.104523554325485,2.542023915009083,32.35119940927568,19.797490855743586,19.576743270527924,27.516650147524853,31.11643502536101,14.524302071809672,15.120724234532375,27.474121945835684,24.85428599727799,28.14123071403985,23.932160519488857,9.008289269712195,19.725807607150724,12.004126976683981,28.69511163777979,26.047390534991347,16.387157148174243,26.151300150164378,24.357019070629562,18.271960482719898,Rohini,2.542023915009083
28.712543,77.123276,"27/1, Rajapur, Pocket 27/1, Sector 9, Rohini",21.12339871526891,21.448463848864236,10.656783214848776,4.8374172762698935,7.693469688983507,25.29426992352414,17.532336200268258,12.175620408365644,20.2678072101114,24.950810186176334,6.915069621219797,15.369513658875933,22.435551025047573,19.629125005976004,22.02742631300108,18.243361648819143,1.9749109151670476,12.817251723959393,7.789271159274587,22.486706455410054,18.53938893387523,9.43334888669277,19.903205352018922,16.731896879298066,10.696783716168548,Pitampura,1.9749109151670476
28.708321,77.258086,"B-193, Gali No.-16, Khajoori khas, North East Delhi, Delhi-110094",22.82582682477829,17.882781965529,19.19314723752668,13.611622622075602,20.17986453625581,16.66617337208952,22.894681271885865,6.398118751746366,11.543977760075451,19.79448601326929,6.302797724965133,24.398994258134792,21.048734024760886,18.55535113550475,17.683616370234432,16.378628139545896,12.346882008042467,9.448315588238835,15.151387475851955,17.71582396812696,8.265413631773605,9.072867044254151,15.704589298212309,4.890077521328811,4.780834312216769,Civil Lines,4.780834312216769
28.7981025,77.080616,"D-99, Sector-5, DISIDC Bawana Industrial Area, Delhi-110039",31.25441530892334,31.761380005261174,19.605346735462167,15.008581582472942,5.903563220506953,34.81081411034178,26.964720038028556,21.494201813617583,29.585576061788117,35.16385947506245,15.146434319860784,23.15393561025516,32.81267343607391,30.010783959401284,32.28075659721164,28.609717755898846,12.35623693187566,22.788308452514187,17.768822314400072,32.701887645200415,27.223058760929955,19.49192984998144,30.12633096478625,24.579543511013604,19.51164192904284,Rohini,5.903563220506953
28.72842,77.04717,"Plot No.4, Opp Kanishka Farm, Near Rama Vihar Bus stand Main Kanjhawala Raod",24.957354854649576,27.387444148551616,12.4901215225815,10.12297919886146,2.503947608952283,32.364849860081314,19.831842798939594,19.584856935617154,27.527683113466555,31.137354430729136,14.52324472316803,15.158522267152481,27.500680678309845,24.87964796453917,28.16220236125789,23.9550565636724,9.015649961692786,19.739651921056602,12.029195907883992,28.715531461832246,26.053894969277355,16.39983690010013,26.171179740454434,24.358630859543087,18.276199012895006,Rohini,2.503947608952283
28.6971921,77.2166152,"Shop No.5, Lucknow Rd, Opp. Allahabad Bank, Banarsi Das Estate, Timarpur",20.15181960574971,16.684760988122157,15.10182944017496,9.38439548714018,16.657547194193178,17.6489438714107,19.37357716374088,4.7496013077614645,12.365992896036348,19.308838531098008,2.391112407046619,20.34121809219196,19.227356921247083,16.512601315846496,16.77881604105876,14.468873652823959,8.233876522870936,7.304632926310194,11.045971131820806,16.984846876908257,9.85552544584152,5.626501009674038,14.629035873326204,7.528676627804411,2.431433296025681,Model Town,2.391112407046619
28.6754883,77.2917404,"3/6, Shahdra GT Road nearby HP Petrol Pump, Delhi-110034",21.510518991738646,15.050212902156321,20.773845523503326,16.19497645756796,24.36896414056636,12.111576857602738,22.939893330715957,6.366629524176101,7.3321353660234445,16.190098311150063,10.105450272598972,25.713265714172987,18.734050442778365,16.631105516187137,14.565531469211548,14.444523317427432,15.738775279952451,8.805679983943474,16.95379365509983,14.427739944043305,3.794371858790382,10.182413351412222,12.89157445484387,0.33319065417004984,6.512134517151867,Shahdara,0.33319065417004984
28.7378801,77.0899587,"E-127, near RYAN SECHOOL, Prahlad Vihar, Sector 25, Rohini",24.536232687828097,25.585231174011938,12.898117956159421,8.413062835631193,3.5045008942744023,29.591174732615425,20.225654900097382,16.427543525303225,24.544576208045086,29.155225694003498,10.762713440120775,16.767798795129636,26.316443513431334,23.5534567192754,26.21328163953729,22.302417054999665,6.167490121330435,17.1107443641287,11.05947212602078,26.694312199653076,22.708026804026165,13.7237785617247,24.11195624069187,20.682488914199073,14.828557293827267,Rohini,3.5045008942744023
28.739014,77.1493044,"AW-115, Sanjay Gandhi Transport Nagar, Delhi -110042",23.857270494086986,22.920426640306218,14.33819583568444,8.102271363925366,9.121183571883535,25.43858079256208,20.889601228047812,12.132878242135963,20.20588589802358,26.11965817617819,5.770690197711861,19.195169955662386,24.49956823631533,21.658974614730266,23.315425459224425,20.00179059093832,5.002489748150353,13.643449610987123,11.055068039321922,23.676831038386457,17.891257639291414,10.50197672811079,21.133842216926677,15.439101566924657,10.132348357396527,Pitampura,5.002489748150353
28.726506,77.1583246,"C 14, Plot No 65, Sma, Jahangirpuri Industrial Area, Azadpur",22.466007913318553,21.301321563104285,13.514189688659446,7.123751032625354,10.248967107934547,23.8218994880932,19.77404897356188,10.507396952659052,18.601471105334536,24.479995911000792,4.215117733884287,18.533130248282834,22.950922363196437,20.110869289655888,21.683096266595797,18.417790915195113,4.189193167978734,12.001335710461467,9.987081641674452,22.039267034038495,16.359173025710145,8.88353653535011,19.500178150266017,14.032833201353718,8.54892558911791,Pitampura,4.189193167978734
28.7926999,77.0727241,"A-38, DSIIDC, Bawana Industrial Area, Sec-5",30.85886048451692,31.625004198980903,19.048910998990817,14.689191279412588,5.067762714475537,34.91798649774556,26.431874643401358,21.597947803377984,29.719395159106533,35.08126668766909,15.3241806430594,22.457487527566727,32.55781932349027,29.771326874749036,32.178116975649225,28.426464421366433,12.157667323246462,22.769271169422296,17.38169938475765,32.61705254676759,27.447368946608712,19.440010760513918,30.036428460487997,24.8953261018627,19.67484937331622,Rohini,5.067762714475537
28.7264561,77.0834144,"Akash Ganga Apartment, Pocket-4, Rohini Sector-24",23.489528350799663,24.93316049407971,11.633977866953686,7.605718139519905,3.6599005113647776,29.324654312728796,19.00067873968161,16.318947938655015,24.367396817869782,28.57324209326276,11.016674082205975,15.379272517282864,25.472629907500007,22.74387596848126,25.613505098697082,21.591173046737666,5.801506304378943,16.74963040167791,10.069381366022116,26.121378281334703,22.716835994090243,13.366201538378002,23.546622229932478,20.892090569561255,14.880460202147068,Rohini,3.6599005113647776
28.6539425,77.2017582,"16/16, New Rohtak Road, Karol Bagh, Near Ingah Telephone Exchange, Karol Bagh",15.129833724488575,12.277439296171822,11.678203148908295,7.590962890676856,17.70256613839739,15.24984461533981,14.724328249015972,2.7962859180791493,10.324377815983079,15.367054178943384,5.688802399600864,16.68579413550406,14.401110612568786,11.625722746147366,12.590609780210798,9.678822342306082,8.27933498967303,2.8902654145225495,7.876682415465251,12.929745070721339,9.222686919822028,1.083590452579119,10.404303134691927,8.790941165600074,3.389613880425768,Karol Bagh,1.083590452579119
28.5841269,77.0719511,"E-1/17A Palam Ext Near Vardhman Mall, Sector 7 Dwarka",10.400906640412867,16.762026623097114,4.4760964664308815,10.81672823844297,18.439255346496406,24.851629500237024,4.1407508822697245,17.41036650009819,21.93069369733428,20.530288596911067,17.899127274642243,2.6844464349768753,14.727911975177365,13.096966215950266,17.93548471954157,13.611218128576299,13.819606998068133,15.080314942667268,8.129830245802241,18.66070337354335,22.707111754048338,13.841933726795558,16.812144748003025,23.408694299269474,18.134418758729606,Dwarka,2.6844464349768753
28.61175,77.05972,"RZ-37, Raghu Nagar Pankha Road",13.375145814548796,18.842862844974597,2.964206921862572,9.076261053986203,15.309204572289008,26.394075919165243,7.322739179517279,17.366085729221044,22.939363185335885,22.70739884682161,16.650483175975186,2.5628477354806627,17.316745794223404,15.361007945700806,19.95028707263047,15.486549354876093,11.791334570317407,15.478949552533175,6.982838180549077,20.65357097030418,23.220280711052308,13.558938388468055,18.562532961989646,23.411243775977844,17.667608129010393,Dwarka,2.5628477354806627
28.5079196,77.1850728,"Plot No 550, Gali Number D-18 Chhatarpur Pahari, Main 100 Feet Rd",3.5519245345760475,6.907140644498735,15.839019797870206,18.830653918048313,29.63897713791984,15.440137573754729,9.893955259314502,17.069198274018095,15.57141363227481,8.978228362567423,21.885699515325136,16.496540983803463,2.7969630112220254,4.840405304961684,7.945738068491089,7.027058847270068,21.605933946384102,14.08433270343831,16.17884341262402,8.529042920402228,18.337770188414535,16.0199981763501,8.735953285729602,21.042145251599692,19.15722330608204,Saket,2.7969630112220254
28.73396,77.26943,"Near MRL school Prakash Vihar, Karawal Nagar, Delhi, 110094",25.872524123245054,20.85012642304568,21.661540096263757,15.747475788807316,20.83055006708768,18.963733878390105,25.76943998344437,9.451423398369935,14.046248930449282,22.593357520489715,8.083259471656623,26.908206789509745,24.084631744938747,21.608659739244676,20.598261997347926,19.428547801299487,14.012615547485963,12.500404987595145,17.605727421082356,20.59275907846359,10.5839315795219,11.913566081195182,18.66494826845667,6.967148786703607,7.710870697261818,Shahdara,6.967148786703607
28.6260376,77.1221717,"Police Station, B-80, Maya Puri Industrial Area Phase-1, Behind Maya Puri",11.710445457106987,14.282141915027326,3.3862494497872997,4.80212207760985,15.139360491236369,20.825841996948885,8.061665991424261,11.07231860736483,16.939503131429323,18.155868567710392,11.174982774958114,8.338568541223909,13.980179153558053,11.424255964832751,15.21772056457378,10.785602302972906,7.906955499705215,9.245982482920747,1.8305487351930225,15.853746174570832,16.97414687349385,7.2977699728532714,13.470955835818838,17.12022441883032,11.50173691787442,Rajouri Garden,1.8305487351930225
28.5360962,77.2231022,"B 102, Panchsheel Vihar, near Apj School, Sheikh Sarai Phase 1, Sheikh Sarai",6.872770384111003,2.0477131799843864,16.296680920162178,17.571922856817917,28.755682622785447,10.76545515902178,12.230313095147547,13.373408943267687,10.755737475407896,4.929309995227094,18.95676392163177,18.382817095561784,2.0643693803576,2.690124598924483,3.1264898546830784,3.6877488273376913,19.93127071022613,10.626821055185825,15.402480530548905,3.7706496242859235,13.671905310514415,13.255056732268445,4.020517064137228,16.598218323589464,15.624408162866827,Greater Kailash,2.0477131799843864
28.54488,77.20691,"Sri Krishna Chaitanya Mahaprabhu Marg, Block F, Police Colony, Hauz Khas, New Delhi",5.643628488388136,3.1297162081996723,14.443269978102652,15.916323126227828,27.06675036248245,11.982870051334084,10.517828679147332,12.587082009392587,11.192799308391386,6.662111519564392,17.807503996322307,16.567918821345277,2.266354937706542,0.8337065319769456,4.364884665290453,2.500152453107401,18.37909247324092,9.679020366343835,13.652490080261314,5.089095922991636,13.774311012011653,12.002291863797112,4.351107133726132,16.413319083657644,14.752666011729858,Hauz Khas,0.8337065319769456
28.6962,77.155,"HP PETROL PUMP - AUTO CARE CENTRE, Pitam Pura, New Delhi",19.092418460777203,18.353195571215274,10.547486838261019,4.139901064833957,11.280534624520197,21.747438717551653,16.466864295170026,8.587580391659,16.68978285586069,21.711265792034702,3.8789417134298425,15.720470753315821,19.745453942465325,16.906559766199212,18.836233976019983,15.315632718736973,2.224301068584453,9.380712425895423,6.779214590110017,19.249823067493743,14.969726504656402,6.044109758515648,16.6761528766433,13.308739150032745,7.167656317150147,Pitampura,2.224301068584453
28.51885,77.29428,"Mohan Estate,B1/D8, Mathura Rd, Mohan Cooperative Industrial Estate, New Delhi",13.719736708743174,6.346378403637121,23.192177101735247,23.43884115081567,34.57937564176326,6.5550495360179655,19.427397626659374,16.500822819785803,10.091022955856625,2.4509183622306434,22.87348532901289,25.580514671425462,8.589336247864983,9.807395770146549,5.4007663672166215,9.832500935764175,25.31787413289117,14.638809720002739,21.71873727634087,4.822087435539641,13.63835361825852,17.90999002001163,7.38226297753,17.226249051206526,18.799869589065583,Okhla,2.4509183622306434
28.59074,77.29687,"11 KV S/stn near Star Mall, Behind Crowne Plaza",15.778307584625093,7.377984182643634,20.70171216203809,18.824509860247797,29.346127969348267,3.6064827745729797,19.60461178082118,9.757045631567534,2.107809642439528,7.054537247345817,16.181652509261536,24.494210571599254,11.488237663615473,10.508783397847292,6.397992011455822,8.877248840041062,19.919597386939913,9.043630526528734,18.00432164994832,5.94667927888461,5.646607978763611,12.378869802580859,5.842154394909454,9.256653142195194,11.846866317173399,Mayur Vihar,2.107809642439528
28.5435,77.2576,"Harkesh Nagar,Harkesh Nagar Metro Station,Okhla Phase II, Okhla Industrial Estate, New Delhi, Delhi",10.338694889532512,1.9248284100921862,18.732026294662003,18.982809212518028,30.154423760500354,7.337784007397832,15.45803059451424,12.811953151418061,8.194315052156014,2.077617871033704,18.97142484451776,21.35919496683584,5.4115590857682205,5.654611557824451,0.8994862821718748,5.344005217580215,20.967475355411445,10.568666088458203,17.210428488284347,0.6227031526922989,11.49884458607863,13.700078324646128,3.0408284374055663,14.79851427841019,15.138316582120947,Kalkaji,0.6227031526922989
28.61,76.93,"Kair Village, New Delhi, Delhi 110043",23.851946685305588,30.911920101191416,15.459971763291005,20.215911332882783,19.812995232873146,38.908829051259794,17.64438935337176,29.755039615596715,35.60135216450494,34.6528225081717,27.788373761992215,11.498229977491395,28.636334824938835,27.221405162550727,32.089158463223164,27.749735882776385,21.954677006874217,28.086130538067493,19.094600919116598,32.81475976989455,35.81639866653164,25.886166631292514,30.930052275796005,35.74305146850245,29.725417934217262,Dwarka,11.498229977491395
28.64,77.1,"Najafgarh Rd, Meenakshi Garden, Ashok Nagar, New Delhi, Delhi 110018",13.883263608557048,16.944604272934843,2.3384700672984766,4.105742914010407,12.883445606521144,23.365945574133296,9.318134852813852,12.841970246805136,19.301838855479954,20.819097559516518,11.618289633724666,7.493526301557518,16.531379778759437,14.035734119092526,17.880021022085003,13.447936936713923,7.034142656047238,11.428372404703818,2.174556446066009,18.513868867618225,19.050173260824252,8.968584427805117,16.118040124545033,18.818423522029875,12.857701995075606,Rajouri Garden,2.174556446066009
28.62,77.24,"Mahatma Gandhi Marg, Gas Turbine Power Station, IP Estate, New Delhi, Delhi 110002",13.53863612536894,7.962568568766647,14.857405817080986,12.401050346342666,22.966219918654105,10.02135610362737,15.400636679299117,4.135071631917642,5.463253595891995,10.434980990744823,10.439781498126228,19.191009610341844,11.108722466456651,8.76391293182965,7.927519057647827,6.561153763668495,13.534566481875503,2.609017427772654,11.775675026095783,8.105439725228837,5.894063416156814,5.9618740707334705,5.823365227438845,7.649741673017033,6.461604664391084,Connaught Place,2.609017427772654
28.61,77.03,"Najafgarh Road, Block F, Nawada House Complex, New Delhi, Delhi, 110059",15.395692486000897,21.499163299988467,5.795089009999649,11.435720359526469,15.714667981816985,29.22715702946297,9.083229766319036,20.212312672062392,25.839556486165566,25.329854862150544,19.11728726546368,2.5301298203973452,19.693206934505007,17.9244247885159,22.635336546130194,18.207782738525374,13.862771089684102,18.379551748351687,9.688442950629305,23.348419765798237,26.12030589493263,16.380164496855286,21.331589963045673,26.249097247245057,20.419672318715875,Dwarka,2.5301298203973452
28.65,77.15,"Main Patel Rd, Block B, Baljit Nagar, Shadipur, New Delhi - 110008",13.96042745421326,14.234466511472213,6.8272958079118435,3.1686106111991146,14.329292230318904,19.306295326540113,11.515769170087125,7.865774055334992,14.81991553099055,17.89892166949867,7.412928817206046,12.02069367879246,15.009389491841379,12.208788535333612,14.931067730011073,10.912103551302199,5.464929619780714,6.826530027548157,2.8474632594581877,15.458102961910113,14.200788510308481,3.996605159287978,12.897473018183565,13.815859519953063,7.892793122165367,Rajouri Garden,2.8474632594581877
28.55,77.16,"CGHS Colony, Vasant Vihar, New Delhi, Delhi 110057",2.8954139689673113,7.6890343171719895,10.659077640891551,13.6552636692958,24.364153435070595,16.376371742960654,5.900659547392985,13.658360045246242,14.728177560466925,11.261880951922423,17.50074273587235,12.076785792477315,5.36301276201594,3.9172933149117855,8.917880430039558,5.244456480193886,16.52546738679165,10.619491887960328,10.930857817827306,9.650844315418565,16.66583666505367,11.725459160287517,8.35123090795252,18.648476289327352,15.441124837771863,Vasant Kunj,2.8954139689673113
28.54081331439584,77.11672877448487,"HP PETROL PUMP - HIGHWAY SERVICE STATION, NH-8, Mahipalpur, New Delhi, Delhi-110046",4.0678550309681905,11.943815612554062,9.448550959018018,14.292897917944385,23.92688368312705,20.70934967293014,2.3658307837570067,16.957559972607687,18.98764039888142,15.3256760073802,19.69727128425843,8.95725203112745,8.964932322962294,8.199333170431148,13.179306256346706,9.570638135893796,17.388389517462798,14.034458926720914,11.319198273725517,13.907112981303515,20.711872904832173,14.318391260449493,12.699561956280691,22.386555819618724,18.430530449957725,IGI Airport,2.3658307837570067
28.52,77.21,"Welcome Motors, Indian oil petrol pump, Saket, New Delhi - 110017",5.493999829283489,4.222918248616242,16.455724501678603,18.501002741207866,29.581898616786734,12.660616755566659,11.474515812355708,15.273898368880173,12.949334381983524,6.2901191673796975,20.588917006729883,17.911920931961397,0.6005992781901516,3.409181381776912,5.192732725611854,5.248400537623213,21.054539085168766,12.415484752016516,16.099975289313058,5.755376151635862,15.86621708052178,14.784702675868907,6.211754387600135,18.7504036282365,17.474595848473122,Saket,0.6005992781901516
28.61,77.3,PLOT NO 34 PATPARGANJ COMM.CEN TREOPP CHAND CINEMA lock 339 TEL.2483037/8--110091,17.137012785290523,9.096490274592243,20.755577313681037,18.217115899079683,28.364207765662027,5.044173159506489,20.424334320302183,8.524349988459868,0.5192845075496192,9.187291899322059,14.77949211546844,24.876822677919627,13.175087571689264,11.855935233420263,8.247405582023884,9.993394295449276,18.995248723092676,8.474927395162542,17.735628964065697,7.886212561561912,3.5338331498303366,11.622679751767164,7.279272267610205,7.163999268522949,10.412048733063523,Mayur Vihar,0.5192845075496192
28.68,77.1,NO.43SERVICE CENTRE S-18 OF H4&H5 ZONEPITAMPURA,18.076602444390872,19.93585493973784,6.569195055575483,2.8024041548982432,8.806062605739244,25.179626954789786,13.765931918595925,12.985117398131615,20.549359733700292,23.688043167800945,9.530842668971985,11.104291304889847,20.181040156831784,17.50328159885006,20.712591159985323,16.510472628735688,3.6431705276140063,12.599557698451813,4.69435383212687,21.271267744960927,19.52101090978306,9.403061429945822,18.735391989447557,18.451341715494305,12.200161147866806,Punjabi Bagh,2.8024041548982432
28.68,77.1,SITE NO. 2 SERVICE CENTRE ROAD S-18 ROAD NO. 43 PITAMPURA NEW DELHI,18.076602444390872,19.93585493973784,6.569195055575483,2.8024041548982432,8.806062605739244,25.179626954789786,13.765931918595925,12.985117398131615,20.549359733700292,23.688043167800945,9.530842668971985,11.104291304889847,20.181040156831784,17.50328159885006,20.712591159985323,16.510472628735688,3.6431705276140063,12.599557698451813,4.69435383212687,21.271267744960927,19.52101090978306,9.403061429945822,18.735391989447557,18.451341715494305,12.200161147866806,Punjabi Bagh,2.8024041548982432
28.6914,77.1893,GT Karnal Road DELHI-110075,18.87565140313404,16.615903330942174,12.562178523355083,6.6633949284346565,14.467080854143246,18.916438703439706,17.377535714319105,5.596347029571633,13.73000409721524,19.646419388123316,1.5265183588328126,17.818029006550276,18.635116489069397,15.824830292319874,16.90967742505376,13.957403513553949,5.599456110347485,7.177078275395031,8.51772336753753,17.226151570249517,11.7277967762455,4.394972538415297,14.722991027864069,9.922924226551483,3.851766820275017,Model Town,1.5265183588328126
28.6336,77.09,"CAPT AMIT SERVICE STATION Community Center  Vill – Hari Nagar , New Delhi -110064",13.646424336550533,17.336012321190875,1.3185813167101506,5.277675930027581,13.28452375363617,24.074538914659204,8.66168715106298,13.919964670461,20.157621632541836,21.228673910957834,12.825386367894174,6.3041329760121725,16.637367523374436,14.255280151129703,18.32144111149843,13.847751756815596,8.125652857007967,12.367743608252763,3.2852979641099607,18.976602674706932,20.04520436510811,10.054641253707155,16.64625556132227,19.923265777902294,14.013680913658044,Janakpuri,1.3185813167101506
28.6742,77.143,"IOCL, ROHTAK ROAD DELHI, INDIRA COLONY, PUNJABI BAGH, NEW DELHI-110075",16.680485964151632,16.82095731566553,7.926852156918185,1.7620373221716976,11.877821908038626,21.242485562349366,13.776012962921655,8.749569088113814,16.454813735303127,20.391607574054248,5.982310275395111,13.151495476435556,17.766221092305614,14.954694112760228,17.445298623236805,13.576713184443362,2.704406338739832,8.617510759806926,4.0722742897979805,17.93296161636613,15.289333127802216,5.290613833093015,15.352605364177885,14.243644427228704,8.004133854322783,Punjabi Bagh,1.7620373221716976
28.66193,77.061752,"MAKHAN LAL GODOWN, PL NO-1A KH NO-4/3, SHIV VIHAR, POLE NO-0596, NANGLOI, New Delhi,110041",17.738144889251352,21.39529359279922,5.125840858352855,6.309260471162996,9.739698723020743,27.71282312090699,12.335285540209822,16.457957277968408,23.46717424628014,25.273926489658017,13.708994314725464,7.915484913316128,20.821178805661557,18.411300360289353,22.337613597062955,17.898753151660614,7.879884787255953,15.494391369530655,6.272510018739822,22.97210318661812,22.892651616470154,12.650786231557323,20.570545112022145,22.20985661887869,16.010253116998307,Janakpuri,5.125840858352855
28.59109,77.08861,"Plot no. 22, Sarai Sohal, Near Manglapuri, Palam, New Delhi- 110045",9.77815821270117,15.406603592336824,3.4268281081759997,9.40688854746305,17.879847717504006,23.28946905088047,4.035880731088305,15.610140642490453,20.224933034844966,19.23384944735756,16.256462785999627,4.161745481438956,13.697479330415463,11.833361184421834,16.549972741655846,12.147343992090601,12.479532597423692,13.286601338475462,6.585224363582943,17.266318555560034,20.930230087806095,12.058467418414715,15.307951776168133,21.607276720127118,16.358251619566175,Janakpuri,3.4268281081759997
28.6526901,77.1104471,"Shop no. 2, D-294, Situated in the abadi of Tagore garden, Extn, New Delhi - 110064",14.874879302794717,17.06612673907762,4.075129064956568,2.367029531903985,11.97187462466101,22.927249317730407,10.77757348379892,11.701351928418068,18.610144110901746,20.88546229002187,9.955920459102066,9.21743715266688,17.06799808442233,14.44017910898641,17.916508835504647,13.59440328057236,5.32381067050221,10.63336300069315,1.6052851158849768,18.51212183497584,18.07171370873435,7.850975151956001,16.03106865184623,17.577079280364327,11.488464034152797,Rajouri Garden,1.6052851158849768
28.647521,77.119354,"J2, 8, Block J, Rajouri Garden, New Delhi, Delhi 110027",14.091386597724856,16.038698662665528,4.195208017485714,2.4830296389521833,12.880852115757975,21.90224108694836,10.32872140245725,10.868932101517174,17.625696912533055,19.851509100789677,9.630510390793155,9.446819718441255,16.114965132048045,13.460456942066264,16.881313016216055,12.572625173184255,5.599390264297177,9.665633323479524,0.6192878322435851,17.474337432340334,17.173139261270503,6.998492040071148,14.990223619917867,16.806526483286078,10.803078250990803,Rajouri Garden,0.6192878322435851
28.64389,77.127124,"Rajouri Garden towards Punjabi bagh, New Delhi, Delhi 110027",13.53244634067487,15.212002047829708,4.550637337812151,2.8057671378108466,13.604964185627217,21.046833155119003,10.103857527583205,10.160611644369663,16.79436710472376,19.01463623584588,9.361091032255116,9.791176468014006,15.377290470928155,12.694643795318035,16.042709729662477,11.754810168295432,5.881969022399641,8.84981543053892,0.5140634051806635,16.63117664320417,16.404278458190237,6.2868471780629696,14.140606831762945,16.138729129710278,10.219068176371978,Rajouri Garden,0.5140634051806635
28.659159,77.129267,"ESI HOSPITAL TOWARDS DND, New Delhi, Delhi 110015",15.16686858720755,16.30373675345267,5.791433858847785,1.1531709532523815,12.290448594587435,21.57119318881175,11.799631082779047,9.863644356489013,17.060025060353123,20.029630716083428,8.057044076929909,11.02958114070613,16.76934861911684,14.027467065157749,17.055176185572662,12.909860875012956,4.173070054842995,9.06954685320661,1.9800178114480411,17.605355340008963,16.310445169788025,6.067803824727003,15.063067829967794,15.668076045363275,9.539321774749594,Punjabi Bagh,1.1531709532523815
28.65116,77.1586,"Main Patel Rd, Block W, DTC Colony, Shadipur, New Delhi, Delhi 110008",14.091109082030432,13.84608730730834,7.637297869644461,3.7628702617115737,14.781582566265936,18.624623901788144,12.009205053724349,7.018705013951075,14.064142868541268,17.444499452316002,6.8533691092088675,12.803134291950025,14.843258017299327,12.01867139149257,14.489186018788143,10.598860297606281,5.671259553105292,6.07674995574232,3.6896785555066725,14.991144596852179,13.373205872995717,3.152886630565991,12.416382529025384,12.967536743299615,7.069167460313961,Karol Bagh,3.152886630565991
28.6332,77.08785,"Nangli Jalib, Janakpuri, New Delhi, Delhi 110058",13.704595922875644,17.48818884870535,1.2565121478293508,5.451690465353406,13.277779853737334,24.262771090799685,8.643792429878783,14.134383113395515,20.359906296733683,21.38218400661579,13.018430327893071,6.129832524643783,16.74962687996529,14.385398134407824,18.479747945402334,14.002428778184502,8.2718083437618,12.576817169076902,3.498840510041639,19.137421884844773,20.256844596775935,10.26913301511507,16.81568920263461,20.1377266528597,14.226111291001924,Janakpuri,1.2565121478293508
28.62421,77.06497,Uttam Nagar East Metro Parking,14.089373345324665,18.942085722163714,2.2430962698915073,7.763236242625004,13.944990451959185,26.167102795373307,8.299829441530342,16.521994207765292,22.483065930707898,22.83255612345697,15.408104545406676,4.022136271681211,17.725819649790033,15.597422648186472,20.004713939877025,15.513734910936396,10.38376398678519,14.831222709180619,5.935006018374294,20.69090911661747,22.55178727833449,12.669569080536144,18.49138008451488,22.54322262810256,16.667012029033785,Janakpuri,2.2430962698915073
28.64273,77.17751,"Uttam Singh Narula Marg, Rajinder Nagar, New Delhi -110060",13.345490766934915,12.070994467956766,9.056631367180264,5.8273264403205145,16.73317860758059,16.55591568426928,12.240851263839906,5.364646871707674,12.016691253035605,15.562715049439745,7.056438982999001,14.017091369810572,13.449923510839424,10.609587628744485,12.633267737687728,8.977513308220612,7.44461225013598,4.023347205095356,5.407391340452567,13.100048277802953,11.485957480539977,1.6574103840651555,10.516843085261995,11.410489931632045,5.971186899315627,Karol Bagh,1.6574103840651555
28.6166,77.02406,"Nand Vihar, Sector 16A, Dwarka, New Delhi, Delhi 110078",16.30631336841732,22.288010192861794,6.249470252365321,11.526012897972782,15.101960890287991,29.915995583006485,10.00429066926941,20.603689959482423,26.430003509549596,26.132708047769757,19.219585952758862,3.465431186741875,20.55822533244057,18.742989135834218,23.412823469538758,18.96704036352925,13.80109933287071,18.87546014511327,9.992686990887353,24.121844918314224,26.607774040373418,16.749244494680532,22.066285292016623,26.622438875344066,20.71244095448587,Dwarka,3.465431186741875
28.62143,77.05544,"Najafgarh Road, Param Puri, Uttam Nagar, New Delhi - 110059",14.449953454798555,19.65017291006894,3.158998680767369,8.681839747219929,14.22999044213152,27.008272650831383,8.458039975500691,17.497283557850807,23.391858950162934,23.53128382295995,16.347465619298234,3.3890448568851386,18.277275612830376,16.237536782362323,20.733413214846788,16.250313815628413,11.223182419662544,15.779182835790463,6.914852352064981,21.427453555365496,23.506271531572427,13.647230089119624,19.271181794279062,23.52090759955305,17.646585678404602,Janakpuri,3.158998680767369
28.6295,77.10985,"Shaheed Mangal Pandey Marg, Hari Nagar, New Delhi, Delhi 110064",12.445997474189133,15.478822758260318,2.3121268408107007,4.6735579688086935,14.311911026805411,22.08850462949817,8.207127487026833,12.123547377906531,18.17821741028015,19.361434056198807,11.683366075037032,7.492879064675792,15.019047943596716,12.529020359003672,16.43370274239121,11.982879836584333,7.773317939691355,10.430813546662078,1.8758587634670918,17.07701737658341,18.138240018373764,8.292529031513169,14.71245828332656,18.1590785464895,12.396733208905696,Rajouri Garden,1.8758587634670918
28.6087,77.06639,"Bindapur Terminal Binda Pur Road Delhi, Delhi is 110059",12.683094995685638,18.11236983289369,2.553824405109368,8.878948774232677,15.674846840634991,25.6954238133409,6.696965169187978,16.846523997258043,22.287558317068598,21.9753041930449,16.364026191438104,2.7147092322277855,16.58757115337957,14.626926651663807,19.22219245609235,14.761669004662735,11.69482918940484,14.888977587181149,6.609974753933766,19.92649758745367,22.628604671012948,13.067033876736943,17.845803962139776,22.89504709191485,17.221625620749947,Janakpuri,2.553824405109368
28.600735,77.226277,"NDMC Parking, Prithviraj Market, Prithviraj Ln, New Delhi, Delhi- 110003",11.031048066485564,5.944485776131865,13.72101079968839,12.399795283283334,23.400855436696684,10.290232554141314,13.287839120660967,6.179912893339564,6.7519645015094625,9.026159376620795,11.981334477664777,17.626717192528353,8.692037090497992,6.254404945450389,6.2092006067987615,4.053492307934509,14.067895315196475,3.5463432722493575,11.17873140154169,6.571109786281392,8.112020583934314,6.655109181952907,4.023871878338372,10.163493756732077,8.436723609962389,Connaught Place,3.5463432722493575
28.588117,77.217564,"NDMC Parking, Outside RWA Park, Jor Bagh Market,  Jor Bagh Colony Road, New Delhi- 110003",9.411752779794298,4.874869858186657,13.213134319598488,12.693598662011313,23.844296348346383,10.762040576707856,12.016533981748207,7.671868999341824,7.900453675345959,8.37523899600662,13.161731190149302,16.756750731040572,7.1544785229709875,4.630637393888619,5.4210807425964,2.440325510671626,14.659713628520157,4.824706762767341,11.108670906753076,5.927523908283444,9.626321833462029,7.5548058407211105,3.3722129473744227,11.797085178159094,9.865590066907963,AIIMS,2.440325510671626
28.580532,77.221048,"NDMC Parking, Opposite Goel Opticals, Khanna Market, Aliganj, Lodhi Colony, New Delhi- 110003",9.039017969208599,3.967058194946855,13.797820645830232,13.536420411650498,24.704856431656935,10.305520678816027,12.126811667892234,8.462224587355166,7.883813869340778,7.518317026240771,14.053364261872378,17.140013141613583,6.388283584230142,4.021033726676129,4.551044854967994,1.8334629021818065,15.548377129879947,5.683255732581911,11.864859936136614,5.08786363718364,9.917417733475759,8.463830116509957,2.5832283393625004,12.30091142308954,10.68923573743102,AIIMS,1.8334629021818065
28.584365,77.22054,"NDMC Parking, Opposite Dory Pharmacy, Khanna Market, Aliganj, Lodhi Colony, New Delhi- 110003",9.303093903081892,4.374726071325027,13.614202169594513,13.194689827046545,24.349684376655897,10.407844858182985,12.18080660591702,8.044296710427554,7.764972740763807,7.8694044394056055,13.625548286093858,17.063457356792235,6.794495166813892,4.370416165236486,4.913225060009889,2.1684781138583045,15.168131532561196,5.254561189226294,11.581194331782973,5.424438983771654,9.66832027640799,8.047594423332397,2.878703505773621,11.971703029636371,10.265297283636764,AIIMS,2.1684781138583045
28.577259,77.19692,"NDMC Parking, Sarojini Nagar Market, Sarojini Nagar, New Delhi- 110023",7.210413845921885,5.190995387230756,11.752827759754528,12.342695470996674,23.53912735282724,12.625282842450556,9.750388691158731,9.363056636888253,10.20145548130822,9.066091026162978,14.163379443181608,14.828166293465413,5.9422327831914785,3.1133080353720395,6.148256728445903,1.6978114986515367,14.69661357797393,6.332896493558941,10.294297464861044,6.81139973093964,11.961195761080916,8.32047732608209,4.633177588667595,13.991818947932714,11.381130934595419,AIIMS,1.6978114986515367
28.630256,77.225668,"NDMC Parking, Near NDMC Office,  Fire Brigade Lane, Barakhamba,  New Delhi- 110001",13.684374833055069,9.190479485137486,13.488371883687858,10.65060037369507,21.161443475359167,11.817435068528036,14.776599905904742,2.920040010396424,7.118835999117158,11.9934561851025,8.838930119714638,18.044509428274743,11.9060255141182,9.330914095582887,9.332587815762107,7.176422484717197,11.72976129030771,0.88612694922167,10.198838489520774,9.596897481531004,6.900117119853479,4.159868918829573,7.161074699213272,7.843910909394998,5.1536298985273765,Connaught Place,0.88612694922167
28.63363,77.221949,"NDMC Parking,  Opposite South Indian Bank, Block E,  RR6, Middle Circle, Connaught Place,  New Delh",13.830189325953874,9.617228819549702,13.157942354722303,10.168476419126682,20.643589822191156,12.328600380867204,14.693016698801067,2.638666788305416,7.587102565491017,12.481336326825156,8.362150002537716,17.785290900530992,12.226910425476108,9.605814040160674,9.794547671629454,7.478225030234509,11.211767832754061,0.5643874315911084,9.794237834762974,10.074792068789511,7.202099142241464,3.6480109613254004,7.616335811866631,7.915717562198148,4.787311505984638,Connaught Place,0.5643874315911084
28.633867,77.22191,"NDMC Parking,  Outside Westend Vedi Tailors, Bock M, Middle Circle, Connaught Place,  New Delhi- 11",13.851490460741243,9.64384541535814,13.156779166564663,10.154762902547835,20.62417623755117,12.346677318191972,14.70538177644482,2.614803486864216,7.599974682837626,12.507005122515636,8.336022077713913,17.78845798000139,12.252599869597383,9.630667777009046,9.820861655513715,7.503665614644284,11.192345048992982,0.5725600488865656,9.787820432279934,10.100767548062583,7.202716121204954,3.6302250326552867,7.642734417255615,7.904059429451686,4.761249042880958,Connaught Place,0.5725600488865656
28.6001517,77.2157617,"NDMC Parking,  Outside Oriental Bank, Radial Road No. 7,  Block M, Middle Circe, Connaught Place,",10.351115996720749,6.175107739973953,12.723175409095273,11.648700102200456,22.733679513505386,11.247685075482474,12.315097503304772,6.391777942770291,7.777457646119824,9.535895469483458,11.813731013008638,16.59814206724427,8.459536570166364,5.846894946245403,6.624986228248571,3.707000494879955,13.472423826976103,3.4869749886508683,10.283553530935906,7.07206404825027,9.014462456003077,6.244878268131714,4.4884917112348885,10.861410347296236,8.548340195881337,Connaught Place,3.4869749886508683
28.631584,77.2219,"NDMC Parking,  Opposite HP Petrol Pump, Block E, RR7, Middle Circle, Connaught Place, New Delhi- 11",13.62871508649601,9.39395449653524,13.13270178087521,10.2545782621169,20.782631001086543,12.205183170518822,14.557053643065629,2.8572844082029505,7.514587377414577,12.275229281531658,8.575648585620746,17.723109054321597,12.000558921902527,9.38304453579611,9.578670501995203,7.2528260878340856,11.351618389701578,0.5075952066990477,9.81510597444744,9.86438344511121,7.238063468085975,3.775623458386203,7.39895120758577,8.049912970969542,5.014682274527187,Connaught Place,0.5075952066990477
28.634422,77.220852,"NDMC Parking,  Near Ferns n Petals, Near BPCL Petrol Pump,  C Block RR5, Connaught Place,  New Delh",13.856727776465915,9.722647443913747,13.060451554312186,10.035699394629141,20.504975016161833,12.466719111815257,14.658412057525132,2.591180549785031,7.71843683690553,12.605110199299325,8.243950899360149,17.70504348706473,12.301738865804413,9.668689050352237,9.910390428362422,7.549452756031574,11.073151398882166,0.5193955237843582,9.679124100791038,10.195526906565014,7.298327713575314,3.510067456169431,7.730542768403051,7.955713281771416,4.707411845217278,Connaught Place,0.5193955237843582
28.633841,77.217664,"NDMC Parking,  Outside Iqbal Bros.,  G1, Block G, Connaught Place,  New Delhi- 110001",13.655281740819012,9.72007459811777,12.7442579179317,9.774984500094625,20.303644210691402,12.688427980990413,14.370182125081307,2.7752001240025472,7.987792538076097,12.676100160133691,8.210848002289643,17.38792634928619,12.206069991989136,9.544725510915095,9.94716187921951,7.447819253570875,10.87329967274368,0.27678798433805246,9.37582925702731,10.253248165029557,7.61468596709941,3.2945398904004572,7.7624567698543405,8.252030369115493,4.808166124942115,Connaught Place,0.27678798433805246
28.634388,77.221038,"NDMC Parking,  Near Croma, D Block RR5,  Opposite BPCL Petrol Pump,  Connaught Place, New Delhi- 11",13.861961030564277,9.715688440037002,13.078102170052919,10.053910513703759,20.521520341468122,12.449625763550927,14.670793865402452,2.58832019746135,7.700132157822305,12.59429905495218,8.253397593424818,17.721546546606103,12.300051037303861,9.668815747996021,9.901349871713483,7.548280512584904,11.089691445831578,0.5313857237785299,9.697550413023585,10.185417453359374,7.280692568620454,3.5272828829396143,7.721830022670996,7.942630640033732,4.7096539894322085,Connaught Place,0.5313857237785299
28.63491,77.219522,"NDMC Parking,  Next to PVR Plaza,  H Block RR4, Connaught Place,  New Delhi- 110001",13.844113482291116,9.80001573821426,12.937314888832562,9.895012300675928,20.36972336838776,12.604435682871136,14.586568233274257,2.5904669187019396,7.859059396782119,12.70773586606981,8.15141732325716,17.59448520915659,12.34170191870021,9.695522015007922,10.00168315206621,7.586179526675313,10.937962767701045,0.4686448351201762,9.54492216976063,10.293764021542556,7.4218103872602565,3.372042593533222,7.819864295928413,8.035229418712017,4.6664308589331345,Connaught Place,0.4686448351201762
28.633614,77.207691,"NDMC Parking,  Outside Jain Bhawan,  Shaheed Bhagat Singh Marg, Gole Market,  New Delhi- 110001",13.21719440108302,9.947300366355323,11.773807203461475,8.903268350828146,19.57675104932851,13.497617929444354,13.588391603703286,3.342929957628699,8.90259203851413,13.100207693900707,8.012108461640178,16.444699378451947,12.133390918602357,9.393453683827419,10.286703940378132,7.388339480907073,10.163728125099999,0.9101312519441754,8.411223117831534,10.650031822271796,8.585107808507516,2.611385506740502,8.103614275934804,9.100280213264524,5.069443463807275,Connaught Place,0.9101312519441754
28.600234,77.2135299,"NDMC Parking,  Side of Hotel Claridges,  Tees January Marg,  Dr. APJ Abdul Kalam Road,  New Delhi-",10.233167889617116,6.2658754202172675,12.507583236847017,11.4794992511157,22.578705563834667,11.45900461931955,12.119062282675563,6.434784965325657,7.992188505241215,9.673014240735554,11.766787798988155,16.381067356087332,8.448388543318236,5.802622955558358,6.749365080799083,3.6893483385940864,13.334380254470188,3.4903645391237963,10.086116115364005,7.210937385934201,9.197938316383869,6.154961647222449,4.62856077942419,10.999164222884046,8.564974835894493,Connaught Place,3.4903645391237963
28.601118,77.2136033,"NDMC Parking,  Back of Hotel Claridges,  Tees January Marg,  Dr. APJ Abdul Kalam Road,  New Delhi-",10.318239116461905,6.353638339048635,12.496013023068453,11.419505656342565,22.511425809797725,11.480571002059428,12.165601088003875,6.337923529445589,7.972826478394147,9.747354758278421,11.671048894000094,16.39387256577345,8.546942999863415,5.900014252650731,6.828022646560427,3.78788473073847,13.259788722902055,3.391820339755594,10.047025160168662,7.284488826544724,9.143027155565257,6.065925168141751,4.7013858871961,10.921509801501653,8.466586772521579,Connaught Place,3.391820339755594
28.59031055,77.2201632,"NDMC Parking,  Gate No. 1, Lodhi Gardens, Lodhi Estate, Lodhi Road,  New Delhi-  110003",9.762527625913991,4.999475336464855,13.390426585443999,12.704167487367755,23.830444013209224,10.559726467724753,12.331965655766927,7.393077515034245,7.586352488647347,8.403474740650886,12.970069081275819,17.005660111529355,7.43672965157756,4.953037526306652,5.471699925247772,2.754744544375346,14.607226414234509,4.592517806519868,11.193887323342583,5.944467220626915,9.276186779877559,7.4202135622599785,3.367100689392166,11.450523669396006,9.606554093793141,AIIMS,2.754744544375346
28.601809,77.186432,"NDMC Parking, Dharma Marg, Block Y, Diplomatic Enclave, Malcha Market, New Delhi- 110021",9.161315261812245,7.830719523932372,9.883867762159708,9.533417287165893,20.736633434462124,14.056864307192688,9.84633362175405,7.410117230498254,10.604777871705613,11.582175372077742,11.451218389039559,13.752826056204682,8.819128025273237,5.978500076199683,8.607272053587703,4.483900771700722,11.794199561680067,4.4304598922184875,7.739576897787292,9.188052460822075,11.49735499916648,5.58691048750627,6.708249456704241,12.810128095133486,9.128470755771835,Connaught Place,4.4304598922184875
28.633733,77.22353,"NDMC Parking, Outside Devinder Collections, Shankar Market, Connaught Place,  New Delhi- 110001",13.91490665990283,9.60350019705915,13.312619628170959,10.306465668769375,20.757265363682407,12.208300182593156,14.825024001868922,2.584095254196033,7.446986893844798,12.430789264174106,8.403686117053223,17.937316642021518,12.258140987117635,9.652395044063049,9.761503550447374,7.515125427756075,11.325574278783954,0.7113299904459224,9.946624518942286,10.031458866298617,7.047557722369115,3.7709872788621164,7.587029956606046,7.782142725797199,4.7687505850400616,Connaught Place,0.7113299904459224
28.632973,77.222937,"NDMC Parking, Opposite HDFC Bank, M- Block,  Connaught Place, New Delhi- 110001",13.812902746340082,9.529192423226002,13.24695231948086,10.285744383025374,20.76452485642003,12.20775688352067,14.728857302114525,2.680810186573346,7.471216443326087,12.375877537381596,8.463242091439053,17.859766504384247,12.166683401976307,9.556643463662654,9.696727575364296,7.421877811861641,11.33270032512966,0.630365208260242,9.897756206736092,9.972314218773352,7.11578944564676,3.7687913435265488,7.520222758544822,7.878005642273693,4.855275810708515,Connaught Place,0.630365208260242
28.62203994,77.19486661,"NDMC Parking,  Talkatora Garden,  President Estate,  New Delhi- 110001",11.55682948196074,9.239455262088327,10.450444187573813,8.525071137804863,19.563583556815406,14.013213535811536,11.806454892992699,5.136694683095968,9.842675733346882,12.70588767786177,9.181091577564912,14.908914578675144,10.906300414430703,8.093340173065835,9.77768773110226,6.27436790262194,10.30159996861345,2.376475803559954,7.457328097562565,10.243551362357382,10.028540555066078,3.342777793035101,7.6606486039918265,10.834030336429885,6.74183793631578,Connaught Place,2.376475803559954
28.558938,77.19631,"SDMC Parking, B6, Safderjung Enclave",5.634236192275205,4.3028661365795475,12.6987459064275,14.045906980711944,25.191961223192045,12.734003266347372,9.411200054356476,11.312602187439905,11.136822675158117,8.136149214148634,16.19903477623467,15.133873817215092,3.9590508304924117,1.1233204190933141,5.474576185441057,1.622198747757643,16.53683147758815,8.310477865775825,11.782327664705424,6.2026288468563315,13.322438009500262,10.35038581985438,4.672283693793088,15.642956128044343,13.379773516001796,Hauz Khas,1.1233204190933141
28.55205918,77.20325422,"SDMC Parking, Aurbindo Market Place,Hauz Khas, New Delhi, Delhi 110016",5.704395864502865,3.485938985179997,13.688957605884418,15.046346840534325,26.20264503547326,12.167505888036544,10.095327864828212,11.877120284269415,10.984929242500922,7.229799420692087,16.987917357217817,15.988792408840125,3.0818204209404714,0.4270194041384642,4.702081168452923,1.807899252315108,17.50465799643837,8.930432489652159,12.802710467116666,5.43598623582723,13.397432699737438,11.167114332797462,4.262471130870254,15.906190728039768,14.010047497220702,Hauz Khas,0.4270194041384642
28.569119,77.244011,"SDMC Parking, Veer Savarkar Marg Lajpat Nagar, New Delhi - 110024",10.095260821080245,2.3615176446932393,16.341388519405523,16.0158750593863,27.140247273025683,8.00882923598855,14.137562665586358,9.775026801811684,6.689948542555996,5.126721378711393,15.847782603347317,19.502966379276465,6.1618654153551935,4.816592997815037,2.3053199987209245,3.3282533257931877,17.889033010978025,7.431248199601378,14.429725470757829,2.662886223777683,9.473575498699516,10.564493455693894,0.1811383273999257,12.430362112578258,12.094535034871774,Lajpat Nagar,0.1811383273999257
28.59566102,77.18169261,"Back side Sushma Swaraj Bhawan build parking ,New Delhi",8.362193122956283,7.65558394266734,9.618882092912461,9.815010794482665,21.009871860937015,14.359194716103676,9.10438842522005,8.235445641256158,11.140669051544714,11.4839605331086,12.169060823373094,13.253983486178967,8.2782175626717,5.449014879093654,8.524356465231106,4.201843826975563,12.218920772167156,5.249629313200268,7.807763425369204,9.144262825060439,12.195668787852993,6.317734493186808,6.754229580081575,13.600602218864877,9.943017443647204,AIIMS,4.201843826975563
28.7131125,77.136489,"North MCD parking at LSC parking, D-Block, Prashant Vihar, Rohini sec-3",21.042288027234008,20.855693358523506,11.199692459343039,5.00177426987823,8.781269092410886,24.34012893976206,17.807583941237567,11.12615979437438,19.25545306201262,24.269801549501008,5.649661194712498,16.094347073968443,22.0610526448563,19.233532470123567,21.376277173812603,17.739986275669242,1.8831529318455387,11.982919922459809,7.976241413192441,21.80612770511225,17.410772862592452,8.631434339957064,19.227239427281376,15.508083666208567,9.540285787779782,Pitampura,1.8831529318455387
28.5763216,77.0696494,"CESL - DTC EV Plaza, Dwarka Sec-8 DTC Depot, New Delhi - 110077",10.05394979415218,16.799244365031395,5.368940027460883,11.686506674478155,19.288156288337525,25.04062201412143,3.713666983065498,18.022179528618206,22.281951710622565,20.515116936521697,18.702386494283317,2.900081358769288,14.564769956071116,13.087005161208669,17.991107150266814,13.743201890873332,14.701644744835901,15.61180985627015,8.964732199249253,18.720957270584037,23.180147466862206,14.515908247289106,16.965120607939895,23.991904764343328,18.821205574093554,Dwarka,2.900081358769288
28.7009587,77.1144953,"North MCD parking opp. M2k cinema, Rohini sec-3",19.99666655994482,20.850271396861732,9.168678078766794,3.713106757539225,7.80989551584426,25.209943680891737,16.158486172453777,12.344931114564055,20.307176139260445,24.453715425465905,7.725825950514124,13.82737147439168,21.58311748870165,18.810116853269147,21.501213719287698,17.552567557826873,1.793559578990254,12.612926361815228,6.5425136162501945,21.9974765131347,18.828684224637495,9.236679737853823,19.418984167317618,17.28998651473439,11.11423573912216,Pitampura,1.793559578990254
28.561335,77.269157,"New Friends Colony,delhi",11.971059112218835,3.3041822969515473,18.94424294711059,18.415641655982782,29.459721679347673,5.650104390651393,16.53067125456137,11.209783437069825,5.918024484302063,3.4182257575648514,17.5542920239565,22.05791147667424,7.356311923852544,6.874030043010795,2.191575695651041,5.813990194387345,20.122199644687548,9.332731987809824,16.957663184284314,1.7042605737553596,9.269439707063563,12.640205239907624,2.641321229219911,12.643656026645207,13.522198840595259,Kalkaji,1.7042605737553596
28.5217875,77.1837605,"CESL - DTC EV Plaza, Mehrauli Terminal, New Delhi - 110075",2.9231603782167097,6.12864989817565,14.551103317430393,17.32711260919495,28.192490926153262,14.9242196931976,9.032607744550356,15.621474676076138,14.585013361070255,8.795129680509538,20.35050108169597,15.561355253790932,2.251678807601207,3.460475243582323,7.277172991935109,5.662865398838391,20.079338566381633,12.616380797358586,14.711093813356523,7.930370339313691,17.19300573829336,14.484634078098507,7.723945020751225,19.771210000471658,17.678915454606035,Saket,2.251678807601207
28.548602,77.2549629,"CESL - DTC EV Plaza, Nehru Place  Terminal, New Delhi - 110019",10.220316595483542,1.5886384624322876,18.243744790813917,18.39188639381213,29.556413484714664,7.363816902786323,15.159009927325005,12.2042126268162,7.814121741076698,2.663077836256431,18.351031036415474,20.971603783136803,5.431603764172992,5.359445947104172,0.3686117685873341,4.853935991340745,20.356790909782685,9.946111316295504,16.651610175531115,0.37739173099167583,11.051560149880396,13.078569237758167,2.419099293739053,14.30157508695716,14.530150129754567,Nehru Place,0.3686117685873341
28.5386656,77.2669861,"CESL - DTC EV Plaza, Kalkaji DTC Depot, New Delhi - 110019",11.149520116980487,2.9674339930316846,19.793808342396154,20.00150934919961,31.160877582658213,6.781558571873951,16.426661509591526,13.551123901504893,8.33890985348685,1.0646253902280312,19.792684394598727,22.384331460790605,6.105833086619654,6.641518588858146,1.94225669519728,6.406735423212378,21.943154000635307,11.430941639926495,18.259760239437938,1.3999598559146083,11.761799564537245,14.619056448417982,3.9831934630415162,15.16814958025722,15.875811316978725,Okhla,1.0646253902280312
28.6201049,77.2479307,"CESL - DTC EV Plaza, IP DTC Depot, New Delhi - 110056",14.041020284320247,8.024001578525057,15.63126820007713,13.095503486466688,23.567051762823194,9.388956608818692,16.097021527713654,4.366855221856003,4.712379272481257,10.232237951551424,10.7877105913697,19.957233661888925,11.371160851586561,9.144547673792603,7.868906239849354,6.951345614937118,14.137301671787759,3.3010787427149855,12.530775221158406,7.977415389576522,5.1907030059079045,6.5937871115653515,5.846214330552205,7.181731823972028,6.668591850871425,Connaught Place,3.3010787427149855
28.601013,77.2133,"Back Side of Hotel Claridges,Tees JanuaryLane, Near DC-001 Charger,110003",10.291905714963177,6.354370527062266,12.469093228090626,11.405086063420784,22.499856781649253,11.505473696401557,12.13380754774488,6.356869585040817,8.00361660477063,9.755725297742119,11.67765199396969,16.36361367389687,8.532982546315221,5.882073655035391,6.834228741513137,3.773615901030398,13.251444902938905,3.406206592457772,10.02608815098304,7.293210342897065,9.174553858670093,6.066063569468587,4.71040002285135,10.950091432214302,8.482095059961722,Connaught Place,3.406206592457772
28.585298,77.191008,"NDMC Parking, Near Bikanervala, Yashwant Place, Chanakyapuri, New Delhi- 110021",7.666047934313428,6.206924742399019,10.866536387390845,11.278900162829698,22.4762768217053,13.279862749311027,9.457984095660665,8.767291629928216,10.47786434332564,10.057893578771415,13.26818836392378,14.178441908051814,6.929826487105077,4.089235152276941,7.113484602789402,2.7366318216607666,13.642109476493413,5.716941910531299,9.257507500453482,7.753735838863308,11.93722980538234,7.4058120073523375,5.4501356154809235,13.714814692590757,10.68062902171367,AIIMS,2.7366318216607666
28.585367,77.17755,"NDMC Parking,  Charak Palika Hospital, C 7 Lane, Moti Bagh 1, Block F, Moti Bagh, New Delhi- 110021",7.148264878713559,7.249744618748834,9.657654180018096,10.587820249082332,21.729354340944127,14.586003244260336,8.238342710374486,9.409886313784025,11.750436722671836,11.139303285410877,13.350298325778734,12.866042246891467,7.338759812385252,4.565563398885664,8.23814839578135,3.7578579243363563,13.136492630783644,6.3969169829372845,8.346064615849393,8.905718786200687,13.070951746099759,7.512017571954055,6.695568569250939,14.655891606576855,11.151701298802202,AIIMS,3.7578579243363563
28.53362,77.24257,"SDMC Parking, GK-2 M Block near Canara Bank, New Delhi-110048",8.711899690483381,1.686377863701999,18.021130664242534,18.885903999324864,30.090176128163407,9.137496363476933,14.150536451876697,13.682815573602252,9.863758270216538,3.008634881201077,19.603776071864345,20.268784046954426,3.657421439693854,4.504348953110358,1.9509015371195881,4.9053393123644575,21.083084353594916,11.173051251633666,16.879965130060246,2.3319778351247265,13.050040689837433,14.086452375476329,3.7898766627377998,16.222289494328212,15.990906586276749,Greater Kailash,1.686377863701999
28.599304,77.0648046,"CESL - DTC EV Plaza, Dwarka Sec-2 DTC Depot, New Delhi - 110075",12.044447055653558,17.899666853605556,3.36925338493802,9.787007167132197,16.709566485395424,25.699604164064883,5.897765056027575,17.347373147711128,22.47228365449869,21.730626001642424,17.17654404236201,2.0030645836590835,16.154142451592048,14.329767797582884,19.038117642266148,14.61981200087311,12.660918264667643,15.253040050626682,7.3719959482029935,19.752438060845424,22.972748945758983,13.626248182216152,17.760365239456444,23.391591387698508,17.84062319932358,Dwarka,2.0030645836590835
28.58315,77.18098,"NDMC Barat Ghar - Moti Bagh, E Block, Moti Bagh, New Delhi, Delhi 110021",7.033846606332463,6.834111806205377,10.065561281852933,10.965455222816967,22.118725631148155,14.227433845055465,8.456880511073356,9.442193224830438,11.485503804960954,10.724194365339098,13.560662139809889,13.216798502513267,6.9851688576016615,4.191691563498182,7.825868718591959,3.3430527122039333,13.483386551662097,6.408081903472908,8.751407050280136,8.49567862273462,12.900089582316191,7.705731521949117,6.3046031538365535,14.578415511652137,11.244321522201474,AIIMS,3.3430527122039333
28.6057202,77.1038872,"RZ-15 A, Gali no. 3, Sagarpur, Main, New Delhi – 110046",10.272055564210804,14.626084430304816,2.388049197804993,7.367669257060296,16.631845158834935,22.031554925010415,5.519461553184628,13.554541347154096,18.632164599139344,18.51464304051724,14.054100194751987,5.850839832030843,13.497508897674928,11.29093003288883,15.697866081061028,11.211295062757953,10.476228546946155,11.37865461512873,4.459364792165121,16.38912218715823,19.092275276284475,9.924222673648297,14.234957398198434,19.582918024944576,14.20608561889892,Janakpuri,2.388049197804993
28.572793,77.208662,"NDMC Parking,  Dilli Haat, West Kidwai Nagar,  New Delhi- 110023",7.572468150926652,3.9953919090319756,13.001920599521668,13.414059795604398,24.618323884414394,11.46060194027029,10.77115617810852,9.511908175967895,9.344335624679417,7.844627701330052,14.729796469692438,16.027328709101702,5.37371224138098,2.73228340589311,4.909834082274359,0.6354909586964596,15.659129115146957,6.574915920928903,11.466681509441115,5.565676503623621,11.39010450561541,8.965549736845942,3.4103875530663657,13.688840859372798,11.65244349013966,AIIMS,0.6354909586964596
28.592788,77.2567,"SARAI KALE KHAN TOWARDS RAJGHAT, New Delhi, Delhi 110013",12.580302638835537,5.239382914406806,16.80285485515808,15.328781130399774,26.167760229182054,7.194899103267977,15.833509867734518,7.507169316529191,4.154185541329635,7.078611447821268,13.874130999675465,20.571680549436927,9.033261331122466,7.336635651031614,4.85325923550363,5.374907451358602,16.75880819275862,5.811677401022289,14.253904305302791,4.873320214402913,6.59254120202817,9.189794201516142,3.089615639066137,9.533281878304617,9.819565350885414,Lajpat Nagar,3.089615639066137
28.572632,77.16968,"Opposite Crime Police Office Sector-9 Rama Krishna Puram New Delhi, Delhi",5.566856988456009,7.259344490615394,9.690985607238744,11.54660379107665,22.54540007452236,15.266555793898752,7.045998735912803,11.016468621597799,12.879962328156703,11.129648719875844,14.858690253517237,12.269046328731646,6.453577661974794,3.9369678432150996,8.379427561689008,3.9835157525332314,14.26167947485706,7.9949386851829285,9.05155982327931,9.091806505993917,14.449428407731002,9.054327335785553,7.190769926289629,16.184400202459628,12.759483352874636,Hauz Khas,3.9369678432150996
